GSM,410,3,54403,25025,0,71.3996,30.0885,2525,37,1,1351135295,1783421102,0
GSM,410,3,54403,35857,0,71.4082,30.0923,2018,32,1,1351135295,1782818293,0
GSM,410,3,52203,32307,0,71.5061,33.5514,1000,8,1,1387347609,1763025241,0
GSM,410,6,443,3433,0,71.4251,33.9551,1452,11,1,1399784437,1749770281,0
GSM,410,3,52204,32133,0,71.4274,33.9509,1000,10,1,1420720710,1750628043,0
GSM,410,6,280,62313,0,68.3961,28.2884,3523,6,1,1445849090,1753434062,0
LTE,410,4,32,354818,0,67.0899,24.9254,1000,5,1,1458601624,1786887423,0
LTE,410,4,32,11011,0,67.1131,24.9283,1423,9,1,1446762871,1786887424,0
LTE,410,4,32,61697,0,67.1057,24.9249,1000,12,1,1427759085,1786611121,0
LTE,410,4,5033,12809987,0,73.1228,33.6893,1485,7,1,1455340923,1761209762,0
LTE,410,4,5044,804866,0,73.0654,33.6122,1000,5,1,1458601627,1758460383,0
LTE,410,4,5044,2423811,0,73.0655,33.6082,2010,7,1,1458601627,1758460383,0
LTE,410,4,33,472833,0,67.1511,24.9589,1717,3,1,1450002352,1749568624,0
LTE,410,4,33,473089,0,67.1485,24.9452,2455,2,1,1450002352,1748984583,0
LTE,410,4,5031,2057729,0,72.9475,33.633,902,36,1,1458601625,1780223586,0
LTE,410,4,5044,2426625,0,73.0647,33.6166,1924,23,1,1458601627,1758460383,0
LTE,410,4,32,58113,0,67.1037,24.9278,1000,7,1,1426111629,1786611121,0
LTE,410,4,32,354819,0,67.0873,24.9273,1000,2,1,1458198819,1786887423,0
LTE,410,4,33,562691,0,67.1448,24.9579,1623,11,1,1450002352,1749568624,0
LTE,410,4,5044,2084098,0,73.0678,33.6234,1000,5,1,1458601627,1758460382,0
LTE,410,4,5044,2558209,0,73.0799,33.6245,1000,5,1,1458601627,1758460382,0
LTE,410,4,32,11009,0,67.1134,24.9286,1000,4,1,1450002352,1786887424,0
LTE,410,4,5044,2115587,0,73.0648,33.6022,1000,5,1,1452628729,1758460383,0
LTE,410,4,50010,1784322,0,71.5144,30.2096,1000,19,1,1456299533,1788603244,0
UMTS,410,3,31003,229049,341,66.9429,24.8455,4032,6,1,1458655408,1764488056,0
UMTS,410,3,31003,228983,101,66.9186,24.8528,6408,6,1,1437748083,1764488056,0
UMTS,410,3,31008,940491,57,68.3533,25.3786,1000,3,1,1458655423,1744823222,0
LTE,410,4,32,478721,0,67.1195,24.9224,1000,5,1,1474328325,1786887424,0
UMTS,410,6,2001,8467427,287,67.1278,24.9338,4209,28,1,1457144874,1749568625,0
UMTS,410,6,2004,8465465,49,67.1131,24.9896,3221,3,1,1458880193,1749448323,0
UMTS,410,6,2006,8465186,38,67.0885,24.9841,4870,8,1,1456263126,1749448324,0
UMTS,410,6,2006,8465296,275,67.1022,24.9822,3535,4,1,1457144907,1749448324,0
UMTS,410,6,2030,8467427,287,67.1312,24.9394,3105,13,1,1452784677,1749568624,0
GSM,410,3,51116,11670,0,69.8124,28.1872,2871,4,1,1458904363,1749106441,0
GSM,410,3,51126,15030,0,71.489,29.8844,9661,31,1,1458904366,1783504685,0
GSM,410,3,51126,25030,0,71.5695,29.8517,17743,33,1,1458904367,1783487886,0
GSM,410,3,51126,25034,0,71.4353,29.9787,9184,50,1,1458904367,1782709564,0
GSM,410,3,51126,36990,0,71.5698,29.7395,4781,30,1,1458904367,1783403106,0
GSM,410,3,51126,16991,0,71.5157,29.902,18421,50,1,1428650314,1782818282,0
GSM,410,3,51126,32139,0,71.3843,29.9605,1475,50,1,1458904367,1783504742,0
GSM,410,3,51126,35044,0,71.529,29.8808,6895,35,1,1458904367,1783403104,0
GSM,410,3,51126,26928,0,71.4402,30.0861,3931,50,1,1458904367,1783421102,0
GSM,410,3,51126,35030,0,71.5314,29.8723,4261,36,1,1458904367,1783487886,0
GSM,410,3,51126,25037,0,71.5933,29.6611,1306,50,1,1458904367,1783487945,0
GSM,410,3,51126,36928,0,71.44,30.1045,6206,35,1,1458904367,1783421103,0
GSM,410,3,51116,21671,0,69.7942,28.1778,2145,4,1,1458904363,1749106441,0
GSM,410,3,51126,15037,0,71.5933,29.6611,1306,50,1,1458904366,1783487945,0
GSM,410,3,51126,25044,0,71.5227,29.9032,5425,33,1,1443250696,1782879129,0
GSM,410,3,51126,15044,0,71.4997,29.9477,7455,27,1,1431883438,1783403103,0
GSM,410,3,51118,35420,0,69.8994,28.1522,10366,18,1,1458904365,1749106441,0
GSM,410,3,51126,22139,0,71.5192,29.9155,3542,50,1,1431883439,1783403103,0
GSM,410,3,51126,24172,0,71.4579,29.7474,10243,14,1,1428650314,1782818282,0
GSM,410,3,51126,26991,0,71.5806,29.7039,1227,50,1,1458904367,1783487942,0
GSM,410,3,52204,32116,0,71.4292,33.9521,1000,4,1,1450337440,1750628043,0
GSM,410,3,52204,22184,0,71.425,33.981,3360,3,1,1458904374,1750628041,0
GSM,410,3,52204,38520,0,71.428,33.9512,1000,11,1,1450337440,1750628043,0
GSM,410,3,52204,24085,0,71.4309,33.9533,1000,2,1,1445934623,1750627983,0
GSM,410,3,52208,18677,0,71.5348,33.9869,1000,2,1,1457052383,1783705982,0
GSM,410,3,52204,28520,0,71.4286,33.9516,1000,6,1,1450337440,1750628041,0
GSM,410,3,54403,15025,0,71.3858,30.0901,3017,5,1,1458904408,1783421102,0
GSM,410,3,54403,14103,0,71.426,30.1251,10653,24,1,1458904408,1783421103,0
GSM,410,3,54403,15024,0,71.3377,30.0363,3434,50,1,1458904408,1783421047,0
GSM,410,3,54403,24165,0,71.3819,30.0547,4381,50,1,1458904408,1782818291,0
GSM,410,3,54403,25026,0,71.3912,30.0623,1994,50,1,1458904408,1783421102,0
GSM,410,3,54403,35007,0,71.4015,30.0679,6819,29,1,1458904408,1782818292,0
GSM,410,3,54403,25856,0,71.4329,30.1199,3162,21,1,1458904408,1783421103,0
GSM,410,3,54403,15026,0,71.3876,30.0669,5620,43,1,1458904408,1783421102,0
GSM,410,3,54403,32137,0,71.3836,30.05,1264,50,1,1458904408,1783421048,0
GSM,410,3,54421,16996,0,71.7742,30.4758,7847,29,1,1421669884,1783070582,0
GSM,410,3,54421,35057,0,71.7729,30.4945,13007,41,1,1458904416,1783075081,0
GSM,410,3,54421,16997,0,71.741,30.4295,12757,24,1,1458904416,1782311882,0
GSM,410,3,54430,16926,0,71.6377,29.5436,4208,50,1,1457133571,1782800411,0
GSM,410,3,54421,15067,0,71.7767,30.4612,10800,32,1,1451809640,1783070582,0
GSM,410,3,54430,16992,0,71.5897,29.6732,2700,50,1,1457133571,1783487945,0
GSM,410,3,54421,14459,0,71.6837,30.4304,6674,34,1,1458904416,1782697021,0
GSM,410,3,54421,14443,0,71.7497,30.4633,6623,50,1,1421670032,1781930055,0
GSM,410,3,54421,34431,0,71.7364,30.4284,10695,41,1,1458904416,1782311882,0
GSM,410,3,54421,15312,0,71.7181,30.472,3287,50,1,1421847945,1782238503,0
GSM,410,3,54430,36992,0,71.5933,29.6611,1306,50,1,1458904420,1783487945,0
GSM,410,3,54421,12274,0,71.7694,30.477,13069,23,1,1458904416,1783070582,0
GSM,410,3,54421,14431,0,71.7547,30.4998,6415,31,1,1458904416,1783070582,0
GSM,410,3,54421,34442,0,71.7733,30.4503,6821,42,1,1458904416,1783070582,0
GSM,410,3,54430,16993,0,71.5933,29.6611,1306,50,1,1458904419,1783487945,0
GSM,410,3,54430,26993,0,71.6141,29.5985,6895,33,1,1458904419,1783487945,0
GSM,410,3,59905,19148,0,67.0843,24.9428,2209,7,1,1458904452,1765819021,0
GSM,410,3,59906,39303,0,67.0607,24.8857,1000,3,1,1458904455,1772319361,0
GSM,410,6,230,13891,0,67.1347,24.97,1000,2,1,1442902812,1745061004,0
GSM,410,6,280,40552,0,68.4125,28.3137,7213,2,1,1425631074,1753434061,0
GSM,410,6,266,15552,0,67.0561,24.8836,1000,3,1,1448202471,1778463961,0
GSM,410,6,280,64941,0,68.347,28.3744,1000,2,1,1427793392,1752493443,0
GSM,410,6,280,58852,0,68.4145,28.332,8178,2,1,1425611264,1752493443,0
GSM,410,6,280,40682,0,68.4125,28.3135,7227,2,1,1425611264,1753434061,0
GSM,410,6,280,64942,0,68.4542,28.3803,12511,4,1,1425631074,1769078236,0
GSM,410,6,358,15193,0,73.0507,33.6614,1000,2,1,1443435913,1753804681,0
GSM,410,6,360,29932,0,73.1526,33.5234,1000,3,1,1439461266,1780223646,0
GSM,410,6,358,10992,0,73.0507,33.6614,1000,2,1,1443435913,1753804681,0
GSM,410,6,486,3172,0,71.5326,33.9851,1000,3,1,1458482632,1781468402,0
GSM,410,4,3108,53221,0,73.0704,31.4081,1000,2,1,1451387533,1746389771,0
GSM,410,4,3108,58432,0,73.0712,31.4061,1000,3,1,1458953566,1746389771,0
GSM,410,4,3405,58066,0,72.639,32.0201,1185,2,1,1446356144,1780148406,0
GSM,410,4,3405,58063,0,72.6403,32.0197,1092,2,1,1446356144,1780400043,0
GSM,410,6,108,61283,0,73.128,30.3418,6295,9,1,1451337477,1759491841,0
LTE,410,4,5042,2531331,0,73.1231,33.6166,1000,7,1,1468455336,1780223642,0
LTE,410,4,5042,2266626,0,73.1346,33.6012,1000,16,1,1468455336,1780223650,0
LTE,410,4,5042,2266625,0,73.1348,33.6009,1000,16,1,1468455336,1780223643,0
LTE,410,4,5042,12824066,0,73.1137,33.6291,1000,5,1,1468546837,1780223642,0
LTE,410,4,5033,2049795,0,73.0638,33.6878,3330,22,1,1468569974,1780223588,0
LTE,410,4,5042,2382851,0,73.1019,33.6448,1000,13,1,1468546837,1780223642,0
LTE,410,4,5042,2505475,0,73.1138,33.6288,1000,17,1,1468569975,1780223650,0
LTE,410,4,5033,2524163,0,73.084,33.6673,1000,13,1,1468569974,1780223649,0
LTE,410,4,5033,2049794,0,73.0709,33.6861,1000,11,1,1468569974,1780223588,0
GSM,410,3,51126,34172,0,71.3712,29.7843,8722,50,1,1469504808,1782818282,0
GSM,410,4,5112,34812,0,71.5648,34.0091,1000,20,1,1470360171,1781501221,0
LTE,410,4,50011,1361408,0,71.4556,30.2015,500,32,1,1470882731,1786502528,0
LTE,410,4,2014,753923,0,68.3532,25.3781,1000,2,1,1472663628,1744823222,0
LTE,410,4,36,14595,0,67.1711,24.9926,1759,7,1,1477930734,1786887423,0
GSM,410,3,51126,34390,0,71.4049,30.0843,1600,50,1,1478879322,1783421102,0
GSM,410,3,54430,36993,0,71.5813,29.6634,7041,50,1,1478845082,1783487945,0
GSM,410,3,54403,24895,0,71.3633,29.8359,2664,37,1,1479317027,1783504683,0
GSM,410,3,54403,12136,0,71.3523,29.8464,3497,31,1,1479317025,1782818285,0
GSM,410,3,54403,14170,0,71.3521,29.8526,18933,38,1,1479317025,1783504684,0
GSM,410,3,54403,22136,0,71.3626,29.8356,4184,42,1,1479317027,1783504684,0
LTE,410,4,31,106243,0,67.0848,24.9441,1000,6,1,1479866149,1786887423,0
GSM,410,4,729,17745,0,67.0537,24.8827,1000,2,1,1480474811,1772495701,0
LTE,410,4,33,556545,0,67.1444,24.9534,1290,2,1,1481245990,1749271271,0
LTE,410,4,33,473091,0,67.1359,24.9494,2051,8,1,1481267190,1749568624,0
GSM,410,3,54403,12137,0,71.4119,30.0885,3422,47,1,1481352888,1782818293,0
GSM,410,3,51126,32126,0,71.5717,29.7342,5250,19,1,1481354077,1783403107,0
GSM,410,3,54403,22309,0,71.3792,29.9019,6555,50,1,1481773775,1783504685,0
GSM,410,3,51126,35034,0,71.3843,29.9605,1475,50,1,1481773775,1783504742,0
GSM,410,3,54403,12309,0,71.3944,29.9094,7980,34,1,1481773775,1783504685,0
GSM,410,3,54403,24169,0,71.3657,29.8477,5879,50,1,1481773775,1783504685,0
GSM,410,3,54421,25310,0,71.5698,30.3763,8717,48,1,1482661666,1782238475,0
LTE,410,4,33,473090,0,67.133,24.9396,2698,5,1,1482676679,1749448326,0
LTE,410,4,4022,28931,0,67.0854,24.9335,1000,2,1,1484290102,1786887423,0
LTE,410,4,50012,1354498,0,71.4361,30.18,1000,3,1,1484638123,1786502527,0
GSM,410,3,54421,12293,0,71.6729,30.4135,8814,44,1,1484961664,1782697021,0
GSM,410,1,596,14106,0,71.7736,30.5332,15022,15,1,1486378717,1786696202,0
GSM,410,6,360,10483,0,73.1388,33.5837,1497,2,1,1486390130,1780223655,0
LTE,410,4,50001,1384192,0,73.0854,31.4194,3810,2,1,1489402353,1746211201,0
GSM,410,3,54403,25024,0,71.3843,29.9605,1475,50,1,1491631086,1783504742,0
GSM,410,3,51126,15034,0,71.392,30.0491,7637,50,1,1491631086,1783421102,0
GSM,410,3,51133,24853,0,70.8149,28.7669,898,25,1,1491715305,1762797721,0
GSM,410,3,54421,16998,0,71.6777,30.392,9052,16,1,1492339817,1782697021,0
LTE,410,4,5031,2124547,0,72.8679,33.5928,2366,44,1,1493828966,1780223585,0
LTE,410,4,5042,12920067,0,73.0827,33.6264,1191,14,1,1505156330,1758460382,0
LTE,410,4,5044,12987905,0,73.0809,33.6244,1000,4,1,1505156362,1758460382,0
LTE,410,4,5042,2268673,0,73.0998,33.6281,1000,9,1,1505409964,1758459301,0
LTE,410,6,12002,220253798,0,67.1154,24.929,1000,2,1,1505589381,1748984582,0
LTE,410,6,12001,220256359,0,67.1278,24.9325,1826,5,1,1505589383,1748984582,0
LTE,410,6,12030,220255589,0,67.1318,24.9341,1000,3,1,1505589549,1747669922,0
LTE,410,4,32,121603,0,67.1085,24.916,1079,3,1,1505730218,1786611121,0
LTE,410,4,32,637186,0,67.1038,24.9234,1166,4,1,1505730338,1786611121,0
LTE,410,4,5015,2072833,0,73.1964,34.3392,1000,9,1,1506085494,1785611162,0
LTE,410,4,5041,2422787,0,73.0572,33.5989,1000,3,1,1506363276,1758460383,0
LTE,410,4,5044,2489347,0,73.0657,33.6047,1000,8,1,1506363411,1758460383,0
LTE,410,4,5041,2422786,0,73.0614,33.6001,1000,7,1,1506363305,1758460383,0
LTE,410,4,5041,2422785,0,73.0632,33.6007,1000,11,1,1506363331,1758460383,0
LTE,410,6,11786,212632167,0,70.2715,28.4774,6280,11,1,1571473999,1765111142,0
LTE,410,3,10692,36370177,-1,67.0987,24.9198,1000,6,1,1577401379,1765819021,0
LTE,410,3,10692,36370179,-1,67.0969,24.9166,560,25,1,1577401439,1765819021,0
LTE,410,3,10021,36500737,-1,67.1839,24.9219,1000,16,1,1577419399,1759600022,0
LTE,410,3,10021,36443649,-1,67.183,24.9068,1000,9,1,1577419649,1759600022,0
UMTS,410,3,31012,223100,163,62.9278,25.3294,20360,50,1,1593847115,1745958134,0
GSM,410,1,10265,15916,-1,62.7895,25.3148,1703,50,1,1593847184,1745958129,0
GSM,410,1,10266,21181,-1,62.9177,25.9792,3096,36,1,1593828460,1750858864,0
GSM,410,1,10266,10414,-1,63.2312,26.0314,21481,13,1,1593839969,1750858863,0
GSM,410,1,10265,30474,-1,62.4145,25.2444,4328,50,1,1585920612,1751050862,0
GSM,410,1,10265,11174,-1,64.1119,26.9545,14884,42,1,1597023200,1750858862,0
GSM,410,1,10265,21173,-1,64.0933,26.9497,7715,37,1,1597023890,1750858862,0
GSM,410,1,10266,21183,-1,63.1773,26.0434,14339,28,1,1597032700,1750858863,0
GSM,410,1,10266,11167,-1,63.1172,26.0434,8849,26,1,1597033450,1750858863,0
GSM,410,1,10266,10415,-1,63.0969,26.045,2070,43,1,1597033618,1750858863,0
GSM,410,1,10266,11164,-1,63.0708,26.0474,3588,32,1,1597033669,1750858863,0
GSM,410,1,10266,31169,-1,63.0522,26.0447,8925,27,1,1597033859,1750858863,0
GSM,410,1,10267,20568,-1,62.917,25.9757,2432,30,1,1598929838,1750858863,0
GSM,410,1,10266,11169,-1,63.1343,26.047,7572,27,1,1599074617,1750858863,0
GSM,410,1,10266,11166,-1,63.2112,26.0493,1703,10,1,1599074706,1750858862,0
LTE,410,4,50011,1609472,0,71.455,30.1949,500,28,1,1599967886,1788318541,0
LTE,410,4,50018,1679872,0,71.3922,30.2825,4894,50,1,1600179894,1787664782,0
LTE,410,4,5033,13488130,0,73.1092,33.6884,1000,24,1,1601705582,1761209762,0
LTE,410,4,5033,2058253,0,73.1143,33.689,1000,7,1,1601705644,1761209762,0
LTE,410,4,5033,2058241,0,73.1195,33.6882,1000,10,1,1601705690,1761209762,0
LTE,410,4,5033,12810007,0,73.1241,33.6878,1000,9,1,1601705729,1761209762,0
LTE,410,4,5033,12809986,0,73.1337,33.6859,1000,13,1,1601705819,1761209762,0
LTE,410,4,5033,13036291,0,73.1387,33.6805,1000,18,1,1601705868,1761209762,0
LTE,410,4,5033,13036311,0,73.1432,33.6752,1000,7,1,1601705902,1761209762,0
LTE,410,4,5033,13036310,0,73.1453,33.6729,1000,4,1,1601705928,1761209761,0
LTE,410,4,5033,805380,0,73.1426,33.676,1114,4,1,1601705998,1761209762,0
LTE,410,4,5035,2050305,0,73.1335,33.7224,2174,13,1,1601726929,1761209762,0
LTE,410,4,5035,2362380,0,73.1367,33.724,1000,16,1,1601727016,1761209762,0
LTE,410,4,5035,2376963,0,73.1128,33.7143,1508,27,1,1601727103,1761209762,0
LTE,410,4,5035,2050307,0,73.1226,33.7222,1724,22,1,1601727131,1774446901,0
LTE,410,4,5035,2376962,0,73.1068,33.7116,1000,6,1,1601727256,1761209762,0
LTE,410,4,5035,2448386,0,73.1087,33.7018,1000,9,1,1601727352,1761209762,0
LTE,410,4,5033,13488129,0,73.1104,33.696,1000,23,1,1601727356,1761209762,0
UMTS,410,3,31012,223095,339,63.7134,25.3917,2629,50,1,1601862278,1745958146,0
GSM,410,1,10265,10949,-1,63.5948,25.3662,18008,10,1,1601862318,1745958143,0
GSM,410,1,10265,10946,-1,63.416,25.3333,2203,50,1,1601862328,1745958143,0
GSM,410,1,10265,26248,-1,63.4266,25.3585,1791,50,1,1601864764,1745958144,0
GSM,410,1,10265,16248,-1,63.426,25.3567,2002,50,1,1601864829,1745958144,0
GSM,410,1,10265,10948,-1,63.6871,25.3894,25914,50,1,1601864878,1745958147,0
GSM,410,1,10265,10473,-1,63.1877,25.3236,1855,50,1,1601864998,1745958138,0
GSM,410,1,10265,30949,-1,63.4061,25.3302,2132,50,1,1601865140,1745958143,0
GSM,410,1,10265,35916,-1,62.9278,25.3189,1657,50,1,1601866771,1745958132,0
GSM,410,1,10265,30473,-1,62.9978,25.3068,1948,50,1,1601866780,1745958133,0
GSM,410,1,10265,10622,-1,62.6169,25.3113,2302,50,1,1601867459,1745958126,0
GSM,410,1,10265,29044,-1,62.722,25.322,1572,50,1,1601868301,1745958128,0
GSM,410,1,10265,10625,-1,62.5365,25.2787,3346,22,1,1601868450,1743590401,0
GSM,410,1,10265,15072,-1,62.5399,25.2919,8470,32,1,1601869079,1745958126,0
GSM,410,1,10265,10621,-1,62.579,25.2877,2708,50,1,1601869109,1745958125,0
GSM,410,1,10265,30621,-1,62.5783,25.2884,3144,50,1,1601869241,1745958125,0
GSM,410,1,10265,39044,-1,62.541,25.2893,6965,28,1,1601869531,1751050862,0
GSM,410,1,10265,31173,-1,64.0876,26.9847,1922,25,1,1608195519,1750858861,0
GSM,410,1,10265,16249,-1,63.2286,25.3193,2127,50,1,1608711861,1745958139,0
GSM,410,1,10265,26249,-1,63.4386,25.3543,21987,13,1,1608863538,1745958141,0
GSM,410,1,10273,30950,-1,64.7131,25.341,15632,51,1,1608868217,1745958225,0
GSM,410,1,10273,13018,-1,64.6003,25.2597,6384,32,1,1608868288,1745958186,0
GSM,410,1,10273,23018,-1,64.7158,25.3429,1822,49,1,1608868307,1745958189,0
GSM,410,1,10273,33018,-1,64.638,25.2871,6756,48,1,1608868398,1745958187,0
GSM,410,1,10273,10950,-1,64.6215,25.2725,3356,50,1,1608868458,1745958186,0
GSM,410,3,51126,26940,-1,71.4459,29.7155,8814,50,1,1615984961,1782818282,0
GSM,410,3,51126,14172,-1,71.394,29.876,5684,50,1,1615985431,1783504685,0
LTE,410,3,10021,36403713,-1,67.1244,24.8878,1000,21,1,1616834474,1765819022,0
LTE,410,3,10692,37072898,-1,67.1209,24.8935,739,50,1,1616842774,1765819021,0
LTE,410,3,10692,37072897,-1,67.1172,24.899,1000,12,1,1616842894,1765819021,0
LTE,410,3,10692,37072129,-1,67.1162,24.9012,1000,16,1,1616842934,1765819021,0
LTE,410,3,10692,36353283,-1,67.1146,24.9048,1000,13,1,1616842974,1765819021,0
GSM,410,1,10265,36249,-1,63.2652,25.3172,2651,50,1,1617083718,1745958139,0
UMTS,410,3,31012,212075,80,62.4494,25.2532,2573,7,1,1617087346,1743132361,0
LTE,410,3,10122,36335362,-1,62.3613,25.2266,2987,27,1,1617088213,1751050863,0
LTE,410,4,50001,1384704,0,73.0816,31.4307,2504,6,1,1623331229,1746211204,0
UMTS,410,3,31027,578894,3,64.0705,26.9348,3602,25,1,1625368156,1750858865,0
UMTS,410,3,31027,553894,459,64.0424,26.9162,2258,38,1,1625368226,1750858865,0
UMTS,410,3,31027,583894,27,64.0251,26.8848,3514,8,1,1625368326,1750858865,0
UMTS,410,3,31027,551251,21,64.022,26.8708,3735,50,1,1625368406,1750858865,0
LTE,410,4,25,15709702,-1,67.1171,24.9798,2149,3,1,1618281875,1749448323,0
LTE,410,4,25,15709697,-1,67.1191,24.9785,1899,5,1,1618281935,1749448323,0
LTE,410,4,25,15709700,-1,67.1197,24.9781,1825,10,1,1618281955,1749448323,0
LTE,410,4,33,15639101,-1,67.1322,24.9677,1000,2,1,1618282115,1745061004,0
LTE,410,4,33,15423745,-1,67.1326,24.9584,2938,11,1,1618282125,1749448326,0
LTE,410,4,33,15524353,-1,67.1385,24.963,1000,9,1,1618282195,1749568624,0
LTE,410,4,33,15524356,-1,67.1321,24.9639,4812,28,1,1618282225,1749568624,0
LTE,410,4,33,15508739,-1,67.1428,24.9596,1337,10,1,1618282275,1749568624,0
UMTS,410,4,60803,39872662,280,67.0566,24.885,1000,9,1,1618631719,1778468101,0
UMTS,410,4,60402,39598029,204,67.1358,24.9353,1000,18,1,1618635229,1749448322,0
UMTS,410,4,60402,39594341,154,67.1266,24.9328,1000,5,1,1618649381,1749448321,0
LTE,410,3,10691,36408579,-1,67.1721,24.9351,4239,12,1,1629550065,1759600022,0
LTE,410,4,50002,10654821,0,73.103,31.4287,2280,2,1,1630295909,1746211261,0
LTE,410,4,50002,1748836,0,73.1134,31.4295,3256,5,1,1630295939,1746211261,0
LTE,410,4,50002,10284646,0,73.1005,31.4268,1995,2,1,1630295961,1746211261,0
LTE,410,4,50002,1748837,0,73.1111,31.4278,3004,5,1,1630295971,1746211261,0
LTE,410,4,50001,10290954,0,73.0745,31.4184,3722,21,1,1630298764,1746211204,0
LTE,410,4,50001,1205260,0,73.0806,31.4215,3049,4,1,1630298841,1746211204,0
LTE,410,1,55584,33608962,-1,71.652,30.435,4311,32,1,1632029353,1782207245,0
LTE,410,1,55937,33889283,-1,71.7552,30.4989,2412,50,1,1632030823,1788694628,0
LTE,410,1,55290,33433602,-1,71.5348,29.8605,2516,39,1,1632188411,1788603185,0
LTE,410,1,55290,33433601,-1,71.5303,29.8757,1163,50,1,1632188441,1788603185,0
LTE,410,1,55919,33842946,-1,71.5096,29.9507,1608,32,1,1632188881,1788603186,0
LTE,410,1,55919,33842956,-1,71.5111,29.9452,1000,11,1,1632188891,1783403103,0
LTE,410,1,55919,33842947,-1,71.5043,29.9703,1368,25,1,1632188971,1788603187,0
LTE,410,4,50011,1784577,-1,71.4605,30.2062,620,50,1,1633749403,1786502528,0
LTE,410,4,50011,1784586,-1,71.4616,30.2071,1000,15,1,1633752190,1786502530,0
LTE,410,4,50011,1144577,-1,71.4661,30.2096,500,29,1,1633752290,1786502530,0
LTE,410,4,50011,1144576,-1,71.4681,30.2111,539,38,1,1633752295,1784800381,0
LTE,410,4,50011,10870016,-1,71.4697,30.2135,1000,16,1,1633752339,1786502528,0
LTE,410,4,50011,1095681,-1,71.4707,30.215,1000,18,1,1633752392,1785416162,0
LTE,410,4,50011,1095693,-1,71.4714,30.2158,500,50,1,1633752412,1785416162,0
LTE,410,4,50011,1784066,-1,71.4687,30.2212,5787,21,1,1633752426,1786502528,0
LTE,410,4,50011,1355778,-1,71.4756,30.221,500,50,1,1633752502,1784800382,0
LTE,410,4,50011,1348365,-1,71.4792,30.229,575,32,1,1633752537,1786502528,0
LTE,410,4,50011,1348355,-1,71.4774,30.2271,1000,24,1,1633752565,1786502528,0
LTE,410,4,50011,1348359,-1,71.4777,30.227,1000,19,1,1633752576,1784649555,0
LTE,410,4,50011,1348369,-1,71.4796,30.2298,1000,13,1,1633752594,1784800384,0
LTE,410,4,50011,10875397,-1,71.4809,30.2323,1000,10,1,1633752635,1784800384,0
LTE,410,4,50011,10875396,-1,71.4814,30.2338,1000,16,1,1633752654,1784800384,0
LTE,410,4,50011,10906629,-1,71.4822,30.2379,1000,24,1,1633752672,1784800384,0
LTE,410,4,50011,10567941,-1,71.4496,30.2462,3287,10,1,1633752687,1784800384,0
LTE,410,4,50011,10567952,-1,71.482,30.2378,1000,12,1,1633752692,1784800384,0
LTE,410,4,50011,10906628,-1,71.4847,30.2447,500,25,1,1633752726,1784649555,0
LTE,410,1,55582,34157571,-1,71.4775,30.2258,1000,11,1,1633845281,1786502529,0
LTE,410,4,50011,10875393,-1,71.48,30.2307,1000,23,1,1633845386,1784800382,0
LTE,410,4,50011,10875392,-1,71.4813,30.2333,500,49,1,1633845421,1784800382,0
LTE,410,4,50011,10906625,-1,71.4821,30.2381,1000,20,1,1633845441,1784800382,0
LTE,410,4,50011,10567937,-1,71.4816,30.2347,500,50,1,1633845458,1784800382,0
LTE,410,4,50011,10567938,-1,71.4807,30.2333,1000,22,1,1633845481,1784800382,0
LTE,410,4,50011,10567948,-1,71.4806,30.2411,1241,19,1,1633845508,1786536061,0
LTE,410,4,50011,10906626,-1,71.4814,30.2437,1123,29,1,1633845847,1784800382,0
LTE,410,4,50011,1358092,-1,71.4821,30.2474,1144,25,1,1633851838,1784319123,0
LTE,410,4,50024,1065729,-1,71.6273,29.5392,1000,21,1,1633910358,1788244324,0
LTE,410,4,50024,11023618,-1,71.6295,29.5376,1000,3,1,1633910864,1786510086,0
LTE,410,4,50024,10780160,-1,71.6259,29.5376,500,28,1,1633910895,1788587527,0
LTE,410,4,50024,10780162,-1,71.6246,29.5372,500,30,1,1633910957,1786426085,0
LTE,410,4,50024,1592577,-1,71.6168,29.5805,1617,50,1,1633933122,1788152417,0
LTE,410,4,50024,10781185,-1,71.6219,29.5588,1630,25,1,1633933136,1786426084,0
LTE,410,4,50011,10829312,-1,71.485,30.2555,1432,27,1,1634285045,1784319127,0
LTE,410,4,50011,10827778,-1,71.4947,30.2457,500,48,1,1634371960,1786726623,0
LTE,410,4,50011,1705227,-1,71.4912,30.2604,1154,26,1,1634531073,1788085928,0
LTE,410,4,50025,1524993,-1,71.7184,30.4804,2326,50,1,1634791007,1788694627,0
GSM,410,1,584,20171,-1,71.6393,30.4092,2039,50,1,1634791063,1785412024,0
GSM,410,1,584,10171,-1,71.6478,30.4079,2577,28,1,1634791074,1788085924,0
LTE,410,4,50025,1524992,-1,71.658,30.4001,4350,51,1,1634791338,1788694631,0
LTE,410,4,50025,1676034,-1,71.6857,30.4098,3661,50,1,1634791518,1788694624,0
LTE,410,4,50025,1676032,-1,71.7263,30.4793,1497,50,1,1634791768,1788694627,0
LTE,410,4,50025,10835458,-1,71.7616,30.4777,6607,32,1,1634792070,1785412022,0
LTE,410,4,50025,1351426,-1,71.763,30.5135,5298,50,1,1634792072,1788694628,0
LTE,410,4,50025,1351429,-1,71.7545,30.498,2393,50,1,1634792090,1783677723,0
LTE,410,4,50025,1524996,-1,71.7019,30.4833,2941,27,1,1634792130,1788694625,0
LTE,410,4,50025,1468673,-1,71.741,30.5236,5808,30,1,1634792239,1788694681,0
LTE,410,4,50025,10838017,-1,71.7637,30.5415,914,50,1,1634792261,1788694628,0
LTE,410,4,50025,1678081,-1,71.7182,30.5253,4366,32,1,1634792416,1788085863,0
GSM,410,1,937,30430,-1,71.7126,30.4938,7000,28,1,1634792910,1788694625,0
LTE,410,4,50011,1358082,-1,71.4837,30.245,546,25,1,1634875224,1784800384,0
LTE,410,4,50018,1585409,-1,71.3796,30.2949,4545,50,1,1634882435,1787664782,0
LTE,410,1,55383,34498574,-1,71.3648,30.3204,5528,31,1,1634882816,1787664783,0
LTE,410,4,50011,10827270,-1,71.4222,30.2627,2474,50,1,1634883903,1787664784,0
LTE,410,4,50011,1784070,-1,71.4267,30.2588,6636,50,1,1634884141,1784800383,0
LTE,410,4,50011,10827275,-1,71.4637,30.2457,2366,50,1,1634884317,1786536061,0
LTE,410,4,50011,1355782,-1,71.4753,30.222,1000,8,1,1634885530,1784649555,0
LTE,410,4,50011,1784075,-1,71.4728,30.2129,1000,23,1,1634966303,1788603244,0
LTE,410,4,50011,1096193,-1,71.4529,30.2012,500,28,1,1634974253,1786502528,0
LTE,410,4,50011,1361418,-1,71.4547,30.1966,1000,8,1,1634980090,1788318541,0
LTE,410,4,50011,1094402,-1,71.4521,30.1912,1000,12,1,1634980460,1788318541,0
LTE,410,4,50011,1787916,-1,71.4448,30.1864,1000,11,1,1634983560,1786502530,0
LTE,410,4,50011,1349632,-1,71.4404,30.1954,1000,17,1,1634983790,1784319121,0
LTE,410,4,50011,1355520,-1,71.4735,30.2082,1000,21,1,1635233934,1784800381,0
LTE,410,4,50011,1355265,-1,71.4795,30.2102,500,27,1,1635234072,1788603244,0
LTE,410,4,50011,1609994,-1,71.4733,30.2094,1000,20,1,1635234108,1784800381,0
LTE,410,4,50024,1065731,-1,71.6288,29.5433,1000,15,1,1635401301,1788587527,0
LTE,410,4,50024,10781186,-1,71.6202,29.569,1755,34,1,1635401467,1788587527,0
LTE,410,4,50024,1592576,-1,71.6379,29.5806,2804,38,1,1635401775,1788152418,0
LTE,410,4,50011,10404097,-1,71.5034,30.2918,1197,43,1,1635738770,1788460441,0
LTE,410,4,50011,11024896,-1,71.5061,30.288,1892,29,1,1635738781,1788460441,0
LTE,410,4,50011,10404096,-1,71.5094,30.3011,1301,29,1,1635738905,1788085927,0
LTE,410,4,50011,1563137,-1,71.5158,30.3143,916,43,1,1635739038,1788085927,0
LTE,410,4,50011,1563136,-1,71.5193,30.3256,1238,25,1,1635739141,1788085927,0
GSM,410,1,937,20430,-1,71.7086,30.4688,4836,27,1,1635740647,1788694625,0
GSM,410,1,584,21250,-1,71.6979,30.485,4821,27,1,1635741198,1788694625,0
GSM,410,1,937,14110,-1,71.7098,30.4496,3931,27,1,1635741198,1785339662,0
LTE,410,4,50011,1679616,-1,71.5606,30.3766,4538,40,1,1635754370,1788085962,0
LTE,410,4,50011,1679617,-1,71.5329,30.348,1407,50,1,1635754742,1788085927,0
LTE,410,4,50011,10826240,-1,71.5172,30.2436,600,50,1,1636095994,1785756183,0
GSM,410,1,931,10324,-1,71.4745,30.2184,1000,18,1,1636359826,1784649555,0
LTE,410,4,50024,11109890,-1,71.6264,29.5379,500,25,1,1636502352,1788587527,0
LTE,410,4,50024,1699585,-1,71.6498,29.5494,1016,14,1,1636523390,1788152420,0
LTE,410,4,50024,11023617,-1,71.6491,29.5437,1000,6,1,1636523399,1788152420,0
LTE,410,4,50024,1699584,-1,71.651,29.5668,1088,22,1,1636523479,1788152420,0
LTE,410,4,50024,1802497,-1,71.5998,29.6364,2086,50,1,1636524019,1788603125,0
LTE,410,4,50024,1802498,-1,71.562,29.6215,4546,28,1,1636524109,1786510084,0
LTE,410,4,50024,1802496,-1,71.5939,29.6582,1520,44,1,1636524169,1788603182,0
LTE,410,4,50011,1144587,-1,71.4637,30.2085,1000,6,1,1636713053,1786502530,0
LTE,410,4,50011,1355530,-1,71.4728,30.2054,1000,12,1,1636870066,1784800381,0
LTE,410,4,50011,10267138,-1,71.473,30.2051,1000,11,1,1636870071,1784800381,0
LTE,410,4,50011,10267136,-1,71.4745,30.2027,500,28,1,1636870091,1784800381,0
LTE,410,4,50010,1207810,-1,71.4799,30.1976,500,28,1,1636873529,1788587461,0
LTE,410,4,50010,1349890,-1,71.4769,30.2015,500,35,1,1636873617,1788587461,0
LTE,410,4,50024,1510924,-1,71.6318,29.5312,1000,14,1,1636951716,1788152421,0
LTE,410,4,50009,1362432,-1,71.4911,30.1795,1000,13,1,1636965670,1788587462,0
LTE,410,4,50009,2045698,-1,71.4871,30.1894,1000,24,1,1636965850,1788587461,0
LTE,410,4,50010,1094657,-1,71.4864,30.1912,1000,21,1,1636965860,1788587461,0
LTE,410,4,50010,10990593,-1,71.4863,30.1916,1000,21,1,1636965900,1788587461,0
LTE,410,4,50010,10990592,-1,71.485,30.1935,500,30,1,1636965920,1788587461,0
LTE,410,4,50010,10990594,-1,71.4838,30.1952,1000,20,1,1636965940,1788587461,0
LTE,410,4,50010,1207808,-1,71.4825,30.1962,1000,11,1,1636965950,1788587461,0
LTE,410,4,50010,1349888,-1,71.4795,30.2018,1000,16,1,1636966100,1788587461,0
LTE,410,4,50011,1358193,-1,71.4875,30.2495,720,50,1,1637136211,1786726623,0
LTE,410,4,50009,1348609,-1,71.4943,30.1441,969,39,1,1637184774,1788603242,0
LTE,410,4,50009,1348618,-1,71.4989,30.1453,2129,34,1,1637184788,1788603242,0
LTE,410,4,50009,10904324,-1,71.5034,30.147,1223,7,1,1637184827,1785845463,0
LTE,410,4,50009,10587906,-1,71.4927,30.1398,1000,17,1,1637185062,1788603242,0
LTE,410,4,50009,1997312,-1,71.4934,30.1192,1422,49,1,1637185135,1788603242,0
LTE,410,4,50009,1997313,-1,71.4938,30.1024,1311,50,1,1637185302,1788603242,0
LTE,410,4,50009,1642242,-1,71.4944,30.0815,1683,47,1,1637185593,1788603241,0
LTE,410,4,50024,10886656,-1,71.4952,30.0286,1856,24,1,1637185793,1788152366,0
LTE,410,4,50024,10886658,-1,71.4984,29.9959,3947,40,1,1637185958,1788587465,0
LTE,410,4,50024,10589953,-1,71.5029,29.9753,2873,50,1,1637186042,1788603187,0
LTE,410,4,50024,1891586,-1,71.5028,29.9763,3921,49,1,1637186208,1788603187,0
LTE,410,4,50024,10799618,-1,71.5138,29.9348,1378,27,1,1637186340,1788152405,0
LTE,410,1,55290,33879555,-1,71.5135,29.9361,1000,24,1,1637186383,1788152405,0
LTE,410,4,50024,10799617,-1,71.5202,29.9113,2159,40,1,1637186480,1788603185,0
LTE,410,4,50024,1556994,-1,71.532,29.8699,1601,50,1,1637186623,1788603185,0
LTE,410,4,50024,1556993,-1,71.536,29.8564,1000,24,1,1637186759,1788603184,0
LTE,410,4,50024,10583040,-1,71.5375,29.8513,1000,17,1,1637186792,1788603184,0
LTE,410,4,50024,10583041,-1,71.5409,29.8393,2323,25,1,1637186829,1788603184,0
LTE,410,4,50024,1351682,-1,71.5526,29.7982,6721,50,1,1637187026,1788603184,0
LTE,410,4,50024,1351680,-1,71.559,29.7767,683,27,1,1637187204,1788603183,0
LTE,410,4,50024,1351681,-1,71.5624,29.7649,1811,42,1,1637187210,1788603183,0
LTE,410,4,50024,1594624,-1,71.5709,29.7361,1689,50,1,1637187388,1788603183,0
LTE,410,4,50024,1594626,-1,71.5804,29.7043,1000,12,1,1637187551,1788603182,0
LTE,410,4,50024,1594625,-1,71.5842,29.6913,1585,50,1,1637187560,1788603182,0
LTE,410,1,55887,33783297,-1,71.5982,29.6147,1465,32,1,1637187997,1783403109,0
LTE,410,4,50024,1592578,-1,71.5966,29.5843,2771,50,1,1637188047,1786510085,0
LTE,410,4,50024,10781188,-1,71.6255,29.5533,1000,13,1,1637188550,1788587527,0
LTE,410,4,50002,10656266,-1,73.0815,31.4458,4208,15,1,1638068438,1746389769,0
LTE,410,4,50002,10656257,-1,73.08,31.4388,3414,7,1,1638068528,1746389769,0
LTE,410,4,50002,1386754,-1,73.0797,31.4364,3143,7,1,1638068578,1746389769,0
LTE,410,4,50002,1386753,-1,73.079,31.4343,2902,11,1,1638068618,1746389769,0
LTE,410,4,50001,1206118,-1,73.0764,31.426,1946,3,1,1638068688,1746389769,0
LTE,410,4,50001,1206017,-1,73.0777,31.43,2417,9,1,1638068698,1746389769,0
LTE,410,4,50001,1206018,-1,73.0763,31.4268,2038,6,1,1638068728,1746389769,0
LTE,410,4,50001,1036032,-1,73.0849,31.4241,2546,10,1,1638068838,1746211204,0
LTE,410,4,50001,10958337,-1,73.0942,31.4292,1497,2,1,1638068958,1746211204,0
LTE,410,4,50001,1384714,-1,73.0745,31.4168,1000,3,1,1638069618,1746389769,0
LTE,410,4,50001,1205250,-1,73.0729,31.4141,1000,6,1,1638069828,1746389769,0
LTE,410,4,50025,1063936,-1,71.8693,30.408,1000,6,1,1638092697,1785268021,0
LTE,410,4,50025,1063946,-1,71.866,30.4067,1000,10,1,1638092757,1785268021,0
LTE,410,4,50025,1063937,-1,71.864,30.4051,1000,15,1,1638092787,1785268022,0
LTE,410,4,50025,11088640,-1,71.862,30.4045,1000,12,1,1638092827,1785268022,0
LTE,410,4,50025,10834433,-1,71.8405,30.4222,873,50,1,1638093077,1785268023,0
LTE,410,4,50025,10834434,-1,71.8278,30.4334,862,50,1,1638093237,1785268023,0
LTE,410,4,50025,10835456,-1,71.8179,30.4445,1000,23,1,1638093338,1785268023,0
LTE,410,4,50025,1351425,-1,71.769,30.5013,1215,50,1,1638093707,1785268025,0
LTE,410,4,50011,2046210,-1,71.4932,30.2699,1468,31,1,1638102385,1788085928,0
LTE,410,4,50024,1556992,-1,71.5373,29.8517,1000,8,1,1638169251,1788603184,0
LTE,410,4,50024,10799616,-1,71.5157,29.928,1172,28,1,1638169701,1788603186,0
LTE,410,4,50009,1997314,-1,71.4938,30.117,1327,26,1,1638170801,1788603242,0
LTE,410,4,50009,1348608,-1,71.4925,30.1482,1000,24,1,1638171131,1788603242,0
LTE,410,4,50009,10904322,-1,71.4923,30.1525,1000,6,1,1638171161,1788587462,0
LTE,410,4,50009,1356801,-1,71.4922,30.1588,1000,18,1,1638171221,1788587462,0
LTE,410,4,50009,1356800,-1,71.4921,30.1614,1000,11,1,1638171261,1788587462,0
LTE,410,4,50009,1606657,-1,71.492,30.164,500,29,1,1638171271,1788587462,0
LTE,410,4,50009,1038594,-1,71.4915,30.1729,500,35,1,1638171441,1788587462,0
LTE,410,4,50025,1570048,-1,71.6786,30.3702,13125,28,1,1638408254,1788694622,0
LTE,410,4,50025,1573633,-1,71.8604,30.4068,1391,15,1,1638410354,1785268022,0
LTE,410,1,50518,32331777,0,74.4037,32.4189,1000,2,1,1638565541,1771736762,0
LTE,410,4,50011,1367553,-1,71.4545,30.2084,1000,9,1,1639111140,1786502530,0
LTE,410,4,50024,10781190,-1,71.6202,29.5691,1256,29,1,1639695469,1788603123,0
LTE,410,4,50024,10781189,-1,71.6221,29.5549,1000,11,1,1639695589,1788587527,0
GSM,410,1,596,24106,-1,71.7435,30.5465,6229,27,1,1640338966,1788694681,0
GSM,410,1,584,34107,-1,71.7121,30.4895,2025,29,1,1640338966,1788694625,0
LTE,410,4,50025,10835462,-1,71.788,30.4604,5390,27,1,1640431759,1783677723,0
GSM,410,1,584,11250,-1,71.7119,30.4901,1268,23,1,1640432699,1788694625,0
GSM,410,1,584,24107,-1,71.7606,30.52,5975,50,1,1640432699,1788694625,0
LTE,410,1,55584,33940747,-1,71.7101,30.4728,5300,27,1,1640945277,1788694625,0
LTE,410,1,55937,33940491,-1,71.7908,30.475,7911,32,1,1641116028,1783176365,0
LTE,410,1,55937,33889282,-1,71.7734,30.4976,1990,50,1,1641116149,1785268025,0
LTE,410,1,55937,33889281,-1,71.7636,30.5164,1504,50,1,1641116360,1788694628,0
LTE,410,4,50024,11109894,-1,71.6269,29.5376,1000,11,1,1641170079,1788587527,0
GSM,410,1,584,22581,-1,71.6697,30.4685,6471,31,1,1641502449,1788694623,0
GSM,410,1,584,12581,-1,71.7114,30.4874,3123,28,1,1641620784,1788694625,0
LTE,410,4,50025,10838022,-1,71.7499,30.5496,1259,38,1,1643542208,1785571084,0
GSM,410,1,584,32581,-1,71.7021,30.4896,2490,27,1,1643618416,1788694625,0
LTE,410,3,10122,36240129,0,62.327,25.147,1804,27,1,1642508126,1743687122,0
UMTS,410,3,31012,235767,0,62.8748,25.9687,7534,11,1,1642657892,1750858868,0
LTE,410,1,55766,33855235,-1,71.3997,29.9093,1220,27,1,1642945979,1784649546,0
LTE,410,1,55927,33771523,-1,71.5133,30.1711,1000,18,1,1642950736,1785845463,0
LTE,410,4,5031,2057741,-1,72.9361,33.6297,500,27,1,1645709025,1780223586,0
LTE,410,4,5031,13337099,-1,72.9233,33.6208,1000,19,1,1645709105,1780223586,0
LTE,410,4,5031,2378753,-1,72.9201,33.6188,1000,21,1,1645709125,1780223586,0
LTE,410,4,5031,13459713,-1,72.8862,33.6017,966,50,1,1645709235,1780223585,0
LTE,410,4,5031,2124548,-1,72.8692,33.5869,1000,23,1,1645709365,1780223585,0
LTE,410,4,5025,13201924,-1,72.8972,33.5464,3678,31,1,1645710316,1780223584,0
LTE,410,4,2014,47618,-1,68.3543,25.3793,1000,2,1,1647160562,1786720201,0
LTE,410,4,50024,10796033,-1,71.3643,29.834,4241,29,1,1647202683,1786510027,0
LTE,410,4,50024,10796288,-1,71.3174,29.8891,1601,33,1,1647202833,1786502521,0
LTE,410,4,50024,10798080,-1,71.3181,29.8993,1000,16,1,1647202913,1786510025,0
LTE,410,4,50024,10800642,-1,71.32,29.9136,1152,47,1,1647202923,1786510025,0
GSM,410,1,766,31245,-1,71.3193,29.9085,1499,21,1,1647202963,1786510025,0
LTE,410,4,50024,1720833,-1,71.324,29.9458,1000,21,1,1647202993,1786510024,0
LTE,410,4,50024,1720832,-1,71.3214,29.9251,1968,50,1,1647203083,1786510025,0
LTE,410,4,50024,1301507,-1,71.3271,29.9709,2796,50,1,1647203173,1786510023,0
LTE,410,4,50024,1299458,-1,71.3315,30.0061,1711,21,1,1647203273,1786510023,0
LTE,410,4,50024,1299456,-1,71.3642,30.0366,2760,13,1,1647203443,1784649549,0
LTE,410,4,50024,1299457,-1,71.3621,30.03,3001,12,1,1647203463,1784649548,0
LTE,410,4,50012,1794050,-1,71.3697,30.0658,3958,43,1,1647203473,1784649549,0
LTE,410,4,50012,1480193,-1,71.3383,30.0597,3898,23,1,1647203563,1786510022,0
LTE,410,4,50012,1480192,-1,71.3418,30.0906,3009,50,1,1647203613,1786510022,0
UMTS,410,3,31027,543402,403,64.0518,26.7615,2944,34,1,1648853540,1750858866,0
LTE,410,4,50025,1351424,-1,71.7627,30.5354,1140,48,1,1650867737,1788694628,0
LTE,410,4,50025,10607873,-1,71.7436,30.5569,1000,10,1,1650868908,1786083004,0
GSM,410,1,596,34106,-1,71.7452,30.5545,1180,25,1,1650869008,1788694681,0
GSM,410,1,584,14107,-1,71.7515,30.5439,2276,26,1,1650869188,1788694681,0
GSM,410,1,584,28905,-1,71.6708,30.409,8658,45,1,1656234624,1785412024,0
GSM,410,1,594,36184,-1,71.6701,30.4081,4058,27,1,1656234944,1788694622,0
GSM,410,1,584,16183,-1,71.6418,30.4098,4908,50,1,1656235294,1782923825,0
GSM,410,1,931,20324,-1,71.4739,30.217,1000,10,1,1656240247,1784649555,0
GSM,410,1,937,34110,-1,71.6929,30.414,2304,34,1,1657531372,1788694623,0
GSM,410,1,594,16184,-1,71.6894,30.4134,2522,34,1,1657531824,1788694623,0
GSM,410,1,937,24110,-1,71.7131,30.4591,5286,50,1,1657532071,1782923826,0
GSM,410,1,594,11561,-1,71.6875,30.4076,4279,10,1,1657532244,1788085923,0
LTE,410,4,5033,2381069,-1,73.0102,33.6651,500,31,1,1659444124,1780223587,0
GSM,410,4,7815,20982,-1,72.9858,33.6742,2480,2,1,1659446565,1781763907,0
LTE,410,4,5042,13110018,-1,73.1114,33.6323,710,25,1,1662091122,1780223642,0
LTE,410,4,5042,2505484,-1,73.1174,33.6242,650,28,1,1662091182,1780223650,0
LTE,410,4,5042,13108482,-1,73.1236,33.6159,889,33,1,1662091224,1780223642,0
LTE,410,4,5048,2089473,-1,73.1496,33.5811,1000,12,1,1662091528,1780223643,0
LTE,410,4,5048,2089483,-1,73.1532,33.5762,1000,14,1,1662091661,1780223651,0
LTE,410,4,5048,13275393,-1,73.1631,33.5631,539,29,1,1662091827,1780223657,0
LTE,410,4,5048,2369282,-1,73.1663,33.5587,1000,18,1,1662091870,1780223655,0
LTE,410,4,5048,13201665,-1,73.1696,33.5543,867,27,1,1662091924,1780223657,0
LTE,410,4,5048,13052932,-1,73.1794,33.5349,677,50,1,1662091989,1780223658,0
LTE,410,4,5048,2361857,-1,73.1779,33.5431,593,33,1,1662092048,1780223655,0
LTE,410,4,5048,13052929,-1,73.1801,33.5258,589,50,1,1662092236,1780223658,0
LTE,410,4,5048,772867,-1,73.1797,33.5233,620,28,1,1662092282,1780223658,0
LTE,410,4,5048,772876,-1,73.1795,33.5171,552,50,1,1662092326,1787568542,0
LTE,410,4,5048,12861185,-1,73.1778,33.5131,1000,20,1,1662092371,1787568542,0
LTE,410,4,5048,12861195,-1,73.1792,33.5118,868,30,1,1662092477,1787568542,0
LTE,410,4,5048,2054157,-1,73.1856,33.5072,1000,18,1,1662092547,1780223646,0
LTE,410,4,5021,13307139,-1,73.3059,33.2543,1000,9,1,1662094354,1778093162,0
LTE,410,4,5054,12985090,-1,73.6741,32.9892,1000,9,1,1662097263,1752056401,0
LTE,410,4,5048,12861215,-1,73.1762,33.5126,1000,23,1,1662108309,1787568542,0
LTE,410,4,5048,2175747,-1,73.1446,33.5243,1000,17,1,1662108483,1780223647,0
LTE,410,4,5056,805889,-1,72.973,33.6521,1000,11,1,1667019167,1778746081,0
LTE,410,4,5056,2294862,-1,72.9914,33.6551,703,27,1,1667019344,1780223587,0
LTE,410,4,5056,2442754,-1,72.9994,33.6595,1000,17,1,1667019384,1780223587,0
LTE,410,4,5056,2443778,-1,73.0101,33.6649,1627,38,1,1667019448,1780223587,0
LTE,410,4,5056,2443787,-1,73.0166,33.6683,1000,13,1,1667019470,1780223587,0
LTE,410,4,5056,2321675,-1,73.0465,33.6838,995,29,1,1667019617,1759231082,0
LTE,410,4,5056,2384130,-1,73.0488,33.6852,1000,21,1,1667019635,1759231082,0
LTE,410,1,55766,33855245,-1,71.3972,29.9169,2363,50,1,1668204861,1784649546,0
LTE,410,1,55772,33870339,-1,71.3834,30.038,2888,28,1,1668205341,1783421047,0
LTE,410,1,55772,33870337,-1,71.4041,30.0806,1000,22,1,1668205691,1782899642,0
LTE,410,1,55772,33870347,-1,71.4184,30.08,1295,10,1,1668205770,1784649550,0
LTE,410,1,55772,33915395,-1,71.4185,30.0862,2509,20,1,1668205851,1783421102,0
LTE,410,1,55585,33882115,-1,71.4433,30.1263,682,50,1,1668206371,1782879124,0
LTE,410,1,55585,33882121,-1,71.4502,30.125,1000,15,1,1668206401,1782879124,0
LTE,410,1,55585,33882113,-1,71.4539,30.1266,1000,13,1,1668206411,1782879124,0
LTE,410,1,55585,33907459,-1,71.4582,30.1288,1000,20,1,1668206431,1782879124,0
LTE,410,1,55585,33907457,-1,71.463,30.1322,645,29,1,1668206481,1788318543,0
LTE,410,1,55931,34147842,-1,71.4677,30.2102,500,30,1,1668208571,1786502528,0
LTE,410,1,55931,34147841,-1,71.4702,30.2135,1000,14,1,1668208621,1786502528,0
LTE,410,1,55582,34157591,-1,71.4776,30.2263,1000,7,1,1668251188,1788603244,0
LTE,410,1,55383,33965057,-1,71.4764,30.2491,5648,50,1,1668974997,1786536061,0
LTE,410,1,55919,59360001,-1,71.494,30.0915,1818,49,1,1668976857,1788603241,0
LTE,410,1,55919,59360003,-1,71.4913,30.1034,3345,35,1,1668976917,1788603242,0
LTE,410,1,55919,59360002,-1,71.4937,30.0984,532,50,1,1668976957,1782879125,0
LTE,410,1,55887,33783298,-1,71.5796,29.5987,2391,39,1,1668979990,1786510085,0
LTE,410,1,55281,34158339,-1,71.6455,29.5667,3017,40,1,1668980141,1788152420,0
LTE,410,1,55583,33703427,-1,71.4993,30.2479,1000,12,1,1669186338,1786726623,0
LTE,410,1,55583,33964546,-1,71.4965,30.248,1000,9,1,1669186348,1786726623,0
LTE,410,1,55583,33964547,-1,71.4902,30.249,629,25,1,1669186367,1786726623,0
LTE,410,1,55588,34169090,-1,71.4482,30.1985,506,29,1,1669188569,1785416161,0
LTE,410,1,55931,34147843,-1,71.4659,30.2121,1000,17,1,1669194670,1785416161,0
LTE,410,1,55585,33731861,-1,71.5035,30.1621,1000,17,1,1669360257,1788603243,0
LTE,410,1,55383,59515692,-1,71.5045,30.2961,1000,16,1,1669510570,1788085927,0
LTE,410,1,55383,59515689,-1,71.5045,30.2974,1000,7,1,1669510640,1788085927,0
LTE,410,1,55383,59515682,-1,71.5056,30.2995,1000,14,1,1669510650,1788085927,0
LTE,410,1,55383,59515681,-1,71.5068,30.3014,1000,19,1,1669510660,1788085927,0
LTE,410,1,55383,59515680,-1,71.5091,30.3048,1000,24,1,1669510690,1788085927,0
LTE,410,1,55383,33871372,-1,71.5554,30.3742,1000,24,1,1669511310,1782923823,0
LTE,410,1,55383,33871362,-1,71.5537,30.3724,1000,22,1,1669511320,1788085926,0
LTE,410,1,55383,33871361,-1,71.5623,30.3802,1311,27,1,1669511360,1786726565,0
GSM,410,1,584,24365,-1,71.7442,30.5567,1000,20,1,1669515050,1788694681,0
LTE,410,6,12276,222763265,0,68.3472,28.3803,1000,2,1,1669743497,1769078281,0
LTE,410,3,14430,60653313,-1,71.6256,29.5809,4819,39,1,1669961041,1783487946,0
LTE,410,3,14430,60670210,-1,71.6045,29.6228,1705,48,1,1669961811,1783487945,0
LTE,410,3,14430,60670209,-1,71.595,29.6537,6069,25,1,1669961941,1783487945,0
LTE,410,3,14430,60669955,-1,71.5565,29.6606,3873,31,1,1669962161,1782812583,0
LTE,410,1,55887,33889804,-1,71.5239,29.6663,6517,50,1,1669962271,1786510084,0
LTE,410,3,11126,60669698,-1,71.5649,29.7568,1264,50,1,1669962431,1783487888,0
GSM,410,3,51126,36991,-1,71.4691,29.7234,4338,35,1,1669962481,1782818282,0
GSM,410,3,54430,36927,-1,71.5885,29.6771,6881,50,1,1669962493,1783487943,0
UMTS,410,3,34003,1330431,85,71.552,29.8004,2734,50,1,1669962921,1783487887,0
LTE,410,3,40031,34486017,-1,71.5507,29.8051,2937,46,1,1669963031,1783487888,0
LTE,410,3,11126,60167682,-1,71.5413,29.838,2156,50,1,1669963591,1783487887,0
LTE,410,3,11126,60167681,-1,71.534,29.8634,1243,40,1,1669963651,1783487886,0
LTE,410,3,11126,60171267,-1,71.527,29.8869,1372,50,1,1669963801,1783487886,0
LTE,410,3,11126,60171265,-1,71.5151,29.9303,1380,25,1,1669964181,1783487885,0
LTE,410,3,11126,59427586,-1,71.5109,29.9457,1498,50,1,1669964191,1783487885,0
LTE,410,3,11126,59427587,-1,71.5067,29.9612,1576,41,1,1669964511,1783487884,0
LTE,410,3,11126,59427585,-1,71.5046,29.9691,1000,19,1,1669964571,1783487884,0
LTE,410,3,40013,34174209,-1,71.4894,30.2586,845,50,1,1669967728,1783591802,0
LTE,410,3,40013,34174211,-1,71.4832,30.2518,1041,33,1,1669980235,1783591741,0
LTE,410,3,40013,34174210,-1,71.4884,30.2488,785,27,1,1669980285,1783591802,0
LTE,410,3,40013,33576450,-1,71.472,30.2443,1340,50,1,1670057597,1783421106,0
LTE,410,3,40013,34284803,-1,71.4904,30.2694,858,39,1,1670057837,1783591741,0
LTE,410,3,40013,34284802,-1,71.4943,30.2697,1000,23,1,1670057867,1783591801,0
LTE,410,3,40013,34284801,-1,71.4963,30.2788,801,50,1,1670057937,1783591801,0
LTE,410,3,10541,33570563,-1,71.502,30.2923,1303,47,1,1670059517,1782923761,0
LTE,410,3,40013,34299905,-1,71.4938,30.2678,1674,7,1,1670060817,1783591801,0
LTE,410,3,40013,34174721,-1,71.5014,30.2437,632,30,1,1670125124,1782915062,0
LTE,410,3,40013,34080771,-1,71.4812,30.2337,816,32,1,1670129495,1783093502,0
LTE,410,3,40013,34080769,-1,71.4821,30.2372,670,41,1,1670129695,1783093502,0
LTE,410,3,40013,34167299,-1,71.4835,30.2414,500,50,1,1670129785,1782731765,0
LTE,410,3,40013,34315523,-1,71.4797,30.2283,1000,17,1,1670146695,1782222542,0
LTE,410,3,40013,34078977,-1,71.4778,30.2264,500,50,1,1670146725,1783093502,0
LTE,410,3,40013,34078979,-1,71.4746,30.2207,671,31,1,1670146795,1783093502,0
LTE,410,3,40012,34091266,-1,71.471,30.2112,556,33,1,1670146905,1782223921,0
LTE,410,3,40012,34082562,-1,71.4718,30.2162,500,32,1,1670146965,1783093502,0
LTE,410,3,40012,34081027,-1,71.4732,30.2157,1000,18,1,1670146975,1783093501,0
LTE,410,3,40013,34086914,-1,71.4782,30.2298,500,26,1,1670147885,1782731765,0
LTE,410,3,14430,60067841,-1,71.6672,29.5955,7408,25,1,1670369201,1783487947,0
LTE,410,1,55281,34158338,-1,71.6471,29.5752,1162,50,1,1670394714,1788152418,0
LTE,410,1,55281,34158337,-1,71.653,29.5724,1153,25,1,1670394784,1788152420,0
LTE,410,3,14430,60653315,-1,71.6113,29.6017,1274,51,1,1670395004,1783487946,0
LTE,410,3,40031,34486018,-1,71.5599,29.7737,1258,50,1,1670395704,1783487888,0
LTE,410,3,11126,60003842,-1,71.495,30.0449,1552,50,1,1670398724,1783487883,0
LTE,410,3,11126,60003841,-1,71.4944,30.0814,1760,23,1,1670399024,1783487883,0
LTE,410,3,40011,34483458,-1,71.4938,30.1033,1347,50,1,1670399174,1783487882,0
LTE,410,3,40011,34483459,-1,71.4815,30.1228,1722,29,1,1670399424,1783487882,0
LTE,410,3,40011,34314242,-1,71.4933,30.1408,981,30,1,1670399464,1783487881,0
LTE,410,3,40011,34483457,-1,71.493,30.1316,500,30,1,1670399474,1783487882,0
LTE,410,3,40011,34314241,-1,71.4969,30.151,916,27,1,1670400174,1783487881,0
LTE,410,3,40013,34174722,-1,71.5088,30.2416,1000,22,1,1670401434,1783368361,0
LTE,410,1,55583,33991939,-1,71.5031,30.2421,1000,13,1,1670401534,1783624325,0
LTE,410,3,40013,34174723,-1,71.5004,30.2425,1000,9,1,1670401544,1782915062,0
LTE,410,3,40013,34174467,-1,71.5061,30.2478,1000,16,1,1670401594,1782902102,0
LTE,410,3,40013,34178305,-1,71.4741,30.2274,500,25,1,1670659117,1782731765,0
LTE,410,3,40013,34178306,-1,71.4728,30.2243,500,25,1,1670659267,1782731765,0
LTE,410,3,40012,34079745,-1,71.4582,30.2041,1000,22,1,1670664694,1782899703,0
LTE,410,3,40012,34091522,-1,71.4618,30.2073,500,29,1,1670664774,1782899703,0
LTE,410,3,40012,34166017,-1,71.463,30.208,500,37,1,1670664814,1782818344,0
LTE,410,3,40012,34166529,-1,71.4686,30.2081,1000,20,1,1670664864,1782899703,0
LTE,410,3,40012,34091267,-1,71.4881,30.2101,1667,51,1,1670664894,1783312802,0
LTE,410,3,40012,34091265,-1,71.4699,30.2145,500,32,1,1670664974,1782731764,0
LTE,410,3,11126,59948034,-1,71.4125,29.7881,1294,50,1,1670798881,1782818283,0
LTE,410,3,14430,60653314,-1,71.59,29.5871,2368,50,1,1670799471,1782709575,0
GSM,410,3,51126,16940,-1,71.5865,29.6839,1284,50,1,1670824116,1783487943,0
LTE,410,3,40012,34081026,-1,71.4788,30.2079,524,26,1,1670829460,1783403041,0
LTE,410,3,40012,34079489,-1,71.4727,30.2105,980,50,1,1670829590,1782222542,0
LTE,410,3,40013,33570306,-1,71.4924,30.264,1000,21,1,1670830720,1783591802,0
LTE,410,3,40012,34166531,-1,71.4645,30.1968,1000,5,1,1670846942,1782223921,0
LTE,410,3,40012,34166530,-1,71.4718,30.201,500,25,1,1670846972,1782223921,0
LTE,410,3,40012,34079747,-1,71.456,30.2021,1000,14,1,1670847352,1782899703,0
LTE,410,3,40012,34170113,-1,71.4542,30.2023,710,32,1,1670847362,1783421105,0
LTE,410,3,40012,34170115,-1,71.4497,30.1992,1000,17,1,1670847382,1782899702,0
LTE,410,3,40012,34283009,-1,71.4536,30.1958,1000,19,1,1670847392,1782731764,0
LTE,410,3,40012,34084354,-1,71.4507,30.2009,1000,24,1,1671187637,1783421105,0
LTE,410,3,40012,34080002,-1,71.4438,30.1959,1000,20,1,1671187677,1782899702,0
LTE,410,3,40012,34080003,-1,71.4414,30.1955,1000,9,1,1671187727,1782902101,0
LTE,410,3,40012,34266882,-1,71.4394,30.1932,1000,20,1,1671187757,1782902101,0
LTE,410,3,40011,34267907,-1,71.4383,30.1907,1000,19,1,1671187817,1782902101,0
LTE,410,3,40011,34078721,-1,71.4362,30.1872,500,25,1,1671187897,1782899702,0
LTE,410,3,40011,34078722,-1,71.4409,30.1835,680,45,1,1671190332,1782899702,0
LTE,410,3,40011,34084611,-1,71.442,30.1865,1000,17,1,1671190382,1783421104,0
LTE,410,3,40011,34084609,-1,71.4437,30.1874,1000,8,1,1671190442,1782879123,0
LTE,410,3,40011,34084610,-1,71.4452,30.186,500,35,1,1671190472,1783421104,0
LTE,410,3,40011,34084865,-1,71.4505,30.1888,500,30,1,1671190522,1783421104,0
LTE,410,3,40012,34283010,-1,71.4535,30.1923,500,35,1,1671190582,1783421104,0
LTE,410,3,40012,34082306,-1,71.4683,30.1982,1000,12,1,1671190782,1782223921,0
LTE,410,3,40012,34079490,-1,71.474,30.2028,1000,19,1,1671190982,1782223921,0
LTE,410,3,40012,34079491,-1,71.4727,30.2056,1000,17,1,1671191042,1782223921,0
LTE,410,3,10721,36386818,-1,67.0959,24.9193,500,36,1,1671450288,1765819021,0
LTE,410,3,10721,36386817,-1,67.0935,24.922,1000,21,1,1671450659,1765819021,0
LTE,410,3,10721,37048322,-1,67.0929,24.9227,1000,15,1,1671450669,1765819021,0
LTE,410,3,10721,37048321,-1,67.0917,24.9242,1000,13,1,1671450709,1765819021,0
LTE,410,3,10721,36399107,-1,67.0908,24.9253,1000,8,1,1671450739,1765819021,0
LTE,410,3,10692,36378113,-1,67.1049,24.9117,1000,18,1,1671450949,1765819021,0
LTE,410,3,10692,36378114,-1,67.1077,24.9096,1000,16,1,1671450989,1765819021,0
LTE,410,3,10692,36636419,-1,67.1101,24.9078,1000,10,1,1671451009,1765819021,0
LTE,410,3,10692,36517891,-1,67.1153,24.9025,1000,4,1,1671451079,1765819021,0
GSM,410,1,10265,10945,-1,63.7245,25.3918,1445,29,1,1673243066,1745958147,0
LTE,410,3,10122,36215555,-1,62.3987,25.2388,3534,27,1,1673249797,1751050863,0
LTE,410,3,10122,36541707,-1,62.3346,25.1742,4034,30,1,1673250852,1751050863,0
GSM,410,1,10265,10412,-1,62.4096,25.2289,13893,31,1,1673251222,1745958123,0
LTE,410,3,10701,36231939,0,67.1129,24.9665,1000,6,1,1673383001,1757756883,0
LTE,410,3,10122,36906243,-1,62.3186,25.142,2031,9,1,1673868980,1751050862,0
LTE,410,3,10122,36240141,-1,62.3262,25.1443,1000,6,1,1673949204,1751050862,0
LTE,410,3,10122,37119489,-1,62.3262,25.1453,1665,10,1,1673949244,1751050862,0
LTE,410,3,10122,37119491,-1,62.3208,25.1385,1000,20,1,1673953224,1751050862,0
LTE,410,3,10122,36905997,-1,62.3197,25.1346,1000,9,1,1673953314,1751050862,0
LTE,410,3,10122,36131843,-1,62.3237,25.1546,1000,18,1,1674292229,1751050862,0
LTE,410,3,10122,36920833,-1,64.6107,25.2628,2824,50,1,1674309423,1745958187,0
LTE,410,3,10122,36265219,-1,64.5893,25.2545,738,34,1,1674309483,1745958186,0
LTE,410,3,10122,36704257,-1,64.5961,25.2512,1000,7,1,1674309593,1745958186,0
LTE,410,3,10021,36378627,-1,67.1326,24.8872,1000,12,1,1674372215,1765819022,0
LTE,410,3,10021,36378625,-1,67.1383,24.8868,1000,10,1,1674372255,1765819022,0
LTE,410,3,10021,36961283,-1,67.142,24.8864,1000,18,1,1674372275,1765819022,0
LTE,410,3,10021,37030915,-1,67.1468,24.8869,500,49,1,1674372335,1765819022,0
LTE,410,3,10021,37030914,-1,67.1529,24.8866,500,41,1,1674372345,1765819022,0
LTE,410,3,10021,36358403,-1,67.1565,24.8868,1000,24,1,1674372385,1765819022,0
LTE,410,3,10021,36358402,-1,67.1612,24.8864,1000,12,1,1674372395,1765819022,0
LTE,410,3,10021,36454403,-1,67.1739,24.8846,1000,19,1,1674372475,1765819022,0
LTE,410,3,10021,36454401,-1,67.177,24.8839,1000,7,1,1674372515,1765819022,0
LTE,410,3,10021,36454402,-1,67.184,24.8807,1141,44,1,1674372525,1765819022,0
LTE,410,3,10022,36364289,-1,67.1923,24.8758,1000,13,1,1674372655,1765819022,0
LTE,410,3,11133,60122371,-1,70.8098,28.7569,1287,21,1,1674415653,1762797721,0
LTE,410,3,14430,60670211,-1,71.558,29.6444,1830,50,1,1674422324,1782812583,0
LTE,410,1,55887,33783309,-1,71.5664,29.6148,2040,31,1,1674422374,1786510085,0
LTE,410,3,11126,60656641,-1,71.4853,29.714,15975,50,1,1674422814,1782812584,0
LTE,410,3,11126,60656643,-1,71.4709,29.7259,2057,40,1,1674422904,1782818281,0
LTE,410,3,11126,60669699,-1,71.4481,29.7484,2958,50,1,1674422914,1782818282,0
LTE,410,3,11126,59948035,-1,71.4009,29.798,535,31,1,1674423254,1782818283,0
LTE,410,3,11126,59948033,-1,71.3948,29.8711,6271,50,1,1674423284,1783504685,0
LTE,410,1,55884,33285121,-1,71.3239,29.8731,4414,26,1,1674423666,1786510026,0
LTE,410,1,55884,33710849,-1,71.3122,29.8872,1000,21,1,1674423696,1782818288,0
LTE,410,1,55884,33285123,-1,71.3101,29.8919,1000,13,1,1674423716,1783421044,0
GSM,410,1,884,21783,-1,71.3092,29.9002,1097,19,1,1674423766,1783421045,0
LTE,410,3,14403,60166147,-1,71.3408,29.9777,3947,29,1,1674423936,1783421047,0
LTE,410,1,55766,33854987,-1,71.3248,29.9514,1076,18,1,1674423976,1786510024,0
LTE,410,3,11126,60168707,-1,71.3726,29.9786,4710,40,1,1674424056,1783504742,0
LTE,410,3,14403,60166145,-1,71.3672,29.9918,3698,50,1,1674424136,1783504742,0
LTE,410,1,55772,33614860,-1,71.3373,30.0516,1734,22,1,1674424296,1786502524,0
LTE,410,1,55772,33614850,-1,71.3386,30.0613,935,31,1,1674424336,1786510022,0
LTE,410,3,14403,59427075,-1,71.3782,30.0634,2745,50,1,1674424336,1783504744,0
LTE,410,3,40411,34300930,-1,71.3518,30.0495,4991,30,1,1674424346,1782818290,0
LTE,410,1,55772,33614851,-1,71.3389,30.0715,1447,32,1,1674424396,1786510022,0
LTE,410,1,55772,34522114,-1,71.3404,30.0766,1278,35,1,1674424426,1786510022,0
LTE,410,1,55772,34522113,-1,71.3424,30.0861,643,50,1,1674424456,1786510022,0
LTE,410,3,40411,34300673,-1,71.397,30.0975,5360,29,1,1674424546,1783504744,0
LTE,410,1,55883,33859331,-1,71.3466,30.1211,1144,45,1,1674424636,1786510021,0
LTE,410,1,55587,34140675,-1,71.4039,30.1624,2291,17,1,1674424966,1786502531,0
LTE,410,1,55587,33732098,-1,71.4177,30.1677,1000,10,1,1674425106,1786502531,0
LTE,410,1,55383,59515690,-1,71.5048,30.298,1000,21,1,1674687157,1788085927,0
GSM,410,3,54419,15309,-1,71.5246,30.3339,2501,44,1,1674687587,1782923822,0
GSM,410,3,54421,15310,-1,71.5957,30.3929,4698,26,1,1674687601,1782238475,0
GSM,410,3,54421,35081,-1,71.7694,30.4921,3769,28,1,1674688357,1783176366,0
GSM,410,3,54421,25081,-1,71.774,30.497,5433,50,1,1674689961,1783075081,0
GSM,410,3,54421,15081,-1,71.7476,30.5467,6961,50,1,1674690391,1783070582,0
GSM,410,3,54413,34351,-1,71.7187,30.5058,5349,47,1,1674885115,1782998464,0
GSM,410,1,937,32380,-1,71.7572,30.5014,860,50,1,1674885770,1788085921,0
GSM,410,1,937,10430,-1,71.7508,30.4941,3866,50,1,1674885830,1788085921,0
UMTS,410,3,34029,1480996,21,71.7483,30.5508,7321,23,1,1674886110,1783176366,0
LTE,410,3,14421,60017155,-1,71.8146,30.4221,10549,32,1,1675237796,1783176306,0
LTE,410,1,55383,35296002,-1,71.4822,30.2544,1000,9,1,1675326415,1786536061,0
LTE,410,4,50011,11130369,-1,71.4862,30.2536,1000,21,1,1675474907,1784800382,0
LTE,410,4,50011,1358223,-1,71.4859,30.2502,500,32,1,1675475228,1788085928,0
LTE,410,4,50011,11130374,-1,71.4871,30.2548,1000,16,1,1675476563,1784800385,0
LTE,410,1,55383,59515691,-1,71.5136,30.2907,2909,19,1,1675483792,1788460441,0
LTE,410,4,50011,11188481,-1,71.5196,30.3295,1000,15,1,1675484102,1786726566,0
LTE,410,4,50011,11188482,-1,71.5225,30.3346,741,34,1,1675484112,1788085927,0
LTE,410,4,50011,11130370,-1,71.488,30.2584,1254,24,1,1675849029,1788085928,0
LTE,410,4,50011,11130368,-1,71.4902,30.2579,704,33,1,1675849049,1788085928,0
LTE,410,4,50011,1355524,-1,71.4748,30.209,1000,16,1,1675850379,1788603244,0
LTE,410,4,50011,1094400,-1,71.4528,30.1901,1000,11,1,1675851709,1788318541,0
LTE,410,4,50011,1094401,-1,71.4536,30.1916,500,31,1,1675851749,1788318541,0
LTE,410,4,50011,1359616,-1,71.4489,30.1882,1000,16,1,1675851829,1786502527,0
LTE,410,4,50011,1787914,-1,71.4497,30.1882,1000,17,1,1675851849,1786502530,0
LTE,410,4,50012,1354252,-1,71.4429,30.1805,738,25,1,1675852529,1786502531,0
LTE,410,4,50025,1468674,-1,71.7436,30.5575,1000,8,1,1675920259,1788694681,0
LTE,410,4,50025,1351430,-1,71.7497,30.5393,6238,18,1,1676188464,1783677722,0
GSM,410,1,937,12380,-1,71.763,30.5108,1867,19,1,1676189015,1788085921,0
LTE,410,4,50009,10990082,-1,71.5109,30.1761,1000,19,1,1676260417,1785845463,0
LTE,410,4,50009,1107723,-1,71.5108,30.1794,1000,9,1,1676260427,1788603243,0
LTE,410,4,50009,1107714,-1,71.5109,30.1832,500,30,1,1676260477,1788603243,0
LTE,410,4,50010,1274113,-1,71.5114,30.1877,1000,17,1,1676260567,1785845464,0
LTE,410,4,50010,1274122,-1,71.5139,30.1917,1000,22,1,1676260627,1785756182,0
LTE,410,4,50010,1274379,-1,71.5149,30.195,1211,35,1,1676260707,1785756182,0
LTE,410,4,50010,1039104,-1,71.5156,30.2071,1000,13,1,1676260787,1788603243,0
LTE,410,4,50010,1351168,-1,71.5113,30.21,500,30,1,1676260917,1785756182,0
LTE,410,4,50010,1351170,-1,71.5074,30.2099,1000,15,1,1676261057,1788603244,0
LTE,410,4,50010,1095936,-1,71.4984,30.2097,709,25,1,1676261077,1788603244,0
LTE,410,4,50010,1350912,-1,71.5051,30.2098,1000,9,1,1676261097,1784649554,0
LTE,410,4,50011,1703172,-1,71.4869,30.2103,1000,10,1,1676261297,1784649554,0
LTE,410,4,50011,1703174,-1,71.4847,30.2108,1000,6,1,1676261317,1784649554,0
LTE,410,4,50011,1355270,-1,71.48,30.2102,1000,4,1,1676261337,1784649554,0
LTE,410,1,55383,33692419,-1,71.499,30.2856,1640,19,1,1676595065,1784319125,0
LTE,410,1,55583,33991937,-1,71.5079,30.2415,1000,11,1,1676689997,1783624325,0
LTE,410,4,50011,11196417,-1,71.5156,30.2307,500,26,1,1676690257,1785756183,0
LTE,410,4,50010,11024394,-1,71.5158,30.2278,1000,22,1,1676690277,1785756182,0
LTE,410,4,50011,1358222,-1,71.4838,30.2486,1000,17,1,1676792567,1784800382,0
LTE,410,1,55583,34067713,-1,71.4955,30.245,1000,12,1,1677012935,1783624325,0
LTE,410,4,50012,11088385,-1,71.4954,30.0306,3723,14,1,1677016897,1788603187,0
LTE,410,4,50009,1997316,-1,71.4935,30.1186,1000,17,1,1677040514,1784649552,0
LTE,410,4,50009,919051,-1,71.4992,30.1517,2499,38,1,1677040744,1788603242,0
LTE,410,4,50010,11024395,-1,71.5152,30.2227,1000,19,1,1677126494,1785756182,0
LTE,410,4,50024,10781194,-1,71.6259,29.5521,1000,17,1,1677204537,1788587527,0
LTE,410,4,50024,1592587,-1,71.6125,29.5791,1934,24,1,1677204937,1788603123,0
LTE,410,4,50024,1592586,-1,71.6142,29.5902,590,36,1,1677205007,1788603123,0
LTE,410,4,50024,1592579,-1,71.6112,29.6014,1243,50,1,1677205017,1788603123,0
LTE,410,4,50009,10904321,-1,71.4925,30.1491,1000,9,1,1677209437,1788587462,0
LTE,410,4,50009,919040,-1,71.5024,30.1576,500,25,1,1677209567,1784649552,0
LTE,410,4,50009,1617674,-1,71.5037,30.1635,1000,18,1,1677209607,1788603243,0
LTE,410,4,50009,1364227,-1,71.508,30.1722,1000,7,1,1677209727,1788603243,0
LTE,410,4,50009,1364224,-1,71.5092,30.174,500,36,1,1677209737,1785845463,0
LTE,410,4,50009,1107728,-1,71.5107,30.179,1000,9,1,1677209797,1788603243,0
LTE,410,4,50009,10965504,-1,71.5119,30.1889,1000,15,1,1677209917,1785756182,0
LTE,410,4,50010,1274383,-1,71.5142,30.1919,1000,5,1,1677209937,1788603243,0
LTE,410,4,50010,1274126,-1,71.5132,30.1907,1000,6,1,1677209947,1788603243,0
LTE,410,4,50010,1607936,-1,71.5159,30.2009,1000,11,1,1677210037,1788603243,0
LTE,410,4,50010,1039105,-1,71.5158,30.2027,1000,16,1,1677210047,1788603243,0
LTE,410,4,50010,1523970,-1,71.5159,30.2024,1000,16,1,1677210057,1788603243,0
LTE,410,4,50010,1039108,-1,71.5156,30.2076,1000,9,1,1677210087,1784649554,0
LTE,410,4,50010,1351173,-1,71.5117,30.2099,1000,14,1,1677210157,1784649554,0
LTE,410,4,50010,1095938,-1,71.4918,30.2098,1000,7,1,1677210357,1788603244,0
LTE,410,4,50011,1703168,-1,71.4875,30.2102,500,30,1,1677210397,1788603244,0
LTE,410,4,50011,1703170,-1,71.4842,30.2108,1000,17,1,1677210418,1788603244,0
LTE,410,1,55583,33703426,-1,71.5043,30.2477,1000,15,1,1677307065,1786726623,0
LTE,410,4,50011,11108098,-1,71.506,30.2478,1000,4,1,1677307175,1786726623,0
LTE,410,1,55383,33914371,-1,71.5055,30.2928,616,33,1,1677543344,1788460441,0
LTE,410,4,50010,1207814,-1,71.4798,30.1977,1000,5,1,1677567301,1784800381,0
LTE,410,4,50009,1362433,-1,71.488,30.1753,1000,7,1,1677567801,1788587462,0
LTE,410,4,50009,11120396,-1,71.4922,30.1568,1000,9,1,1677645305,1788587462,0
LTE,410,4,50011,1784079,-1,71.4731,30.2133,1000,10,1,1677646415,1784800383,0
LTE,410,4,50010,1351184,-1,71.5092,30.2099,1000,6,1,1677708334,1788603244,0
LTE,410,4,50010,1274370,-1,71.516,30.1981,1000,10,1,1677708524,1785756182,0
LTE,410,4,50010,1607937,-1,71.5159,30.1963,1000,11,1,1677708544,1785756182,0
LTE,410,4,50009,1364236,-1,71.5061,30.1692,1000,18,1,1677708864,1788603243,0
LTE,410,1,55919,59360011,-1,71.4961,30.0966,1000,16,1,1677709544,1784649551,0
LTE,410,1,55383,33965058,-1,71.4748,30.2471,1016,23,1,1677821163,1786536061,0
LTE,410,1,55383,33707265,-1,71.4717,30.2467,1154,19,1,1677821203,1787664785,0
LTE,410,1,55383,33707266,-1,71.4681,30.2456,1000,20,1,1677821233,1787664785,0
LTE,410,1,55383,33707267,-1,71.4652,30.2462,1000,23,1,1677821253,1787664785,0
LTE,410,1,55931,33831689,-1,71.4587,30.2453,2055,26,1,1677821323,1787664784,0
LTE,410,1,55932,34095618,-1,71.4518,30.2468,971,50,1,1677821343,1787664785,0
LTE,410,1,55932,34095619,-1,71.4292,30.2569,4758,39,1,1677821443,1787664784,0
LTE,410,1,55932,33814019,-1,71.4295,30.2568,1058,50,1,1677821583,1787664784,0
LTE,410,4,50011,10827279,-1,71.4506,30.2425,1664,5,1,1677821783,1786536061,0
LTE,410,4,50011,1048076,-1,71.441,30.2265,1450,15,1,1677821793,1784319122,0
LTE,410,4,50012,1096706,-1,71.3578,30.1348,885,27,1,1677823113,1786502525,0
LTE,410,4,50012,1096704,-1,71.3477,30.1238,8758,19,1,1677823223,1786510021,0
LTE,410,4,50012,10589186,-1,71.3576,30.1312,1000,14,1,1677823283,1786502525,0
LTE,410,1,55772,34522115,-1,71.3313,30.0794,3953,26,1,1677823813,1783624322,0
LTE,410,4,50012,1604354,-1,71.38,30.1445,936,43,1,1677830316,1786502532,0
LTE,410,4,50012,918273,-1,71.3729,30.14,1000,10,1,1677830336,1786502532,0
LTE,410,4,50012,1604352,-1,71.3895,30.1504,949,29,1,1677830466,1786502532,0
LTE,410,4,50012,1366018,-1,71.4011,30.1572,1000,15,1,1677830576,1786502532,0
LTE,410,1,55883,33849090,-1,71.3933,30.1063,1000,21,1,1677831656,1783624323,0
LTE,410,1,55883,33849089,-1,71.4103,30.1092,1219,13,1,1677831817,1783624322,0
LTE,410,4,50009,11162114,-1,71.4445,30.1262,1000,17,1,1677832387,1788318543,0
LTE,410,4,50009,1720576,-1,71.4417,30.1413,1000,17,1,1677832476,1788318543,0
LTE,410,4,50012,11198465,-1,71.4412,30.1519,592,43,1,1677832606,1788318542,0
LTE,410,4,50012,10906127,-1,71.4417,30.1576,1000,12,1,1677832657,1788318542,0
LTE,410,4,50012,10906123,-1,71.4416,30.1588,1000,16,1,1677832667,1784282103,0
LTE,410,4,50012,10906122,-1,71.4416,30.161,1000,11,1,1677832687,1784282103,0
LTE,410,4,50012,1213452,-1,71.4415,30.1681,1000,9,1,1677832816,1788318542,0
LTE,410,4,50012,1608193,-1,71.4415,30.1725,500,25,1,1677832856,1788318542,0
LTE,410,4,50011,1038858,-1,71.4412,30.1828,1000,6,1,1677833027,1788318542,0
LTE,410,4,50011,1787906,-1,71.443,30.1849,1000,11,1,1677833067,1788318542,0
LTE,410,4,5035,2068245,-1,73.0648,33.692,623,40,1,1677917794,1780223648,0
LTE,410,4,5035,2360854,-1,73.0647,33.6945,1000,10,1,1677917842,1780223648,0
LTE,410,4,5056,2444566,-1,73.0314,33.6761,1000,10,1,1677918043,1780223587,0
LTE,410,4,5056,2374431,-1,73.027,33.6738,583,28,1,1677918058,1780223587,0
LTE,410,4,5056,2374422,-1,73.0215,33.671,1000,20,1,1677918097,1780223587,0
LTE,410,4,5056,2449175,-1,72.9763,33.6479,956,43,1,1677918436,1780223587,0
LTE,410,4,5056,805890,-1,72.9716,33.6465,620,38,1,1677918646,1780223587,0
LTE,410,4,50011,11078401,-1,71.4624,30.24,1068,50,1,1679006854,1784319122,0
LTE,410,1,55932,33814017,-1,71.4569,30.2464,1000,11,1,1679006874,1787664784,0
LTE,410,1,55383,33680396,-1,71.3724,30.2947,1078,40,1,1679007434,1787664783,0
LTE,410,1,55932,34095629,-1,71.3912,30.2834,1000,5,1,1679007704,1787664783,0
LTE,410,4,50011,11196166,-1,71.4149,30.2688,2061,8,1,1679007994,1787664783,0
LTE,410,4,50011,11187714,-1,71.5438,30.2964,2016,45,1,1679030062,1788460381,0
LTE,410,1,55383,33915906,-1,71.5334,30.2905,1497,30,1,1679030102,1788460441,0
LTE,410,4,50011,2046212,-1,71.5396,30.2899,1413,25,1,1679030162,1788460381,0
LTE,410,4,50010,11108358,-1,71.5477,30.2832,1534,30,1,1679030172,1786726621,0
LTE,410,1,55383,33915905,-1,71.5537,30.2932,2466,50,1,1679030222,1788460381,0
LTE,410,4,50010,11108354,-1,71.5398,30.2862,1457,37,1,1679030972,1786726621,0
LTE,410,1,55383,33914370,-1,71.5184,30.2909,704,32,1,1679031172,1788460441,0
LTE,410,1,55383,33965059,-1,71.4748,30.2464,1524,26,1,1679266470,1787664785,0
LTE,410,1,55383,33707287,-1,71.4654,30.2462,1000,15,1,1679266520,1784319123,0
LTE,410,1,55931,33831683,-1,71.4629,30.2376,1000,14,1,1679266620,1784319122,0
LTE,410,1,55931,33831688,-1,71.4625,30.2338,1000,10,1,1679266690,1784319122,0
LTE,410,4,50011,10897418,-1,71.4566,30.2262,861,33,1,1679266701,1784319122,0
LTE,410,4,50011,10897409,-1,71.4525,30.2221,1000,22,1,1679266790,1784319122,0
LTE,410,1,55383,33914369,-1,71.5119,30.2915,1000,20,1,1679312488,1788460441,0
LTE,410,4,50011,11187717,-1,71.5692,30.2849,1841,15,1,1679312978,1786726567,0
LTE,410,4,50011,1048064,-1,71.4463,30.2165,1000,20,1,1679274427,1784319122,0
LTE,410,4,50011,10861825,-1,71.4483,30.219,1000,6,1,1679274537,1784319122,0
LTE,410,4,50011,1357314,-1,71.4494,30.22,1000,8,1,1679274547,1784319122,0
LTE,410,1,55583,33732354,-1,71.5194,30.2461,1084,17,1,1680851802,1786726623,0
LTE,410,4,5056,2449173,-1,72.9843,33.6517,683,48,1,1682051689,1780223587,0
LTE,410,4,5056,2442783,-1,73.0052,33.6622,1000,13,1,1682056940,1780223587,0
LTE,410,4,5056,2383875,-1,72.9665,33.6428,500,38,1,1682057185,1780223586,0
LTE,410,4,5056,13318924,-1,72.9634,33.6419,697,28,1,1682057224,1780223586,0
GSM,410,4,3005,55474,-1,71.7112,30.4467,4241,7,1,1682328920,1785268027,0
GSM,410,4,3005,55471,-1,71.7112,30.4467,4246,7,1,1682328920,1785268027,0
GSM,410,3,54419,14146,-1,71.5149,30.3017,4652,49,1,1682657722,1781623201,0
GSM,410,3,54419,25309,-1,71.5157,30.3034,2365,24,1,1682657850,1781623202,0
UMTS,410,3,34001,1546253,277,71.4938,30.2682,1000,9,1,1682658440,1782915542,0
UMTS,410,3,34001,1541253,277,71.4936,30.2682,1000,7,1,1682658480,1782915542,0
UMTS,410,3,34001,1528462,502,71.489,30.2554,1635,22,1,1682658510,1782915542,0
UMTS,410,3,34001,1520449,280,71.4784,30.2277,1000,19,1,1682658930,1782221281,0
LTE,410,4,5031,13194006,-1,72.9305,33.6257,1000,15,1,1682905664,1780223586,0
LTE,410,4,5031,13337119,-1,72.9255,33.6221,1000,15,1,1682905684,1780223586,0
LTE,410,4,5031,13345537,-1,72.8761,33.5682,1064,8,1,1682906224,1780223584,0
LTE,410,1,55383,33680386,-1,71.3573,30.3023,1148,36,1,1683257923,1787664783,0
LTE,410,1,55383,33680385,-1,71.3566,30.3048,1147,40,1,1683258063,1787664783,0
GSM,410,1,383,24760,-1,71.3745,30.3247,5054,17,1,1683259074,1787664783,0
LTE,410,4,5031,13459733,-1,72.8917,33.6049,1169,32,1,1683362776,1780223585,0
LTE,410,4,5031,13201164,-1,72.9336,33.6279,500,27,1,1683363111,1780223586,0
LTE,410,4,5031,12997634,-1,72.9487,33.6333,1000,10,1,1683363210,1780223586,0
LTE,410,4,5056,12915458,-1,72.9544,33.6368,560,27,1,1683363272,1780223586,0
LTE,410,4,5056,2383873,-1,72.9697,33.6451,1000,10,1,1683363498,1780223586,0
UMTS,410,3,34001,1537029,223,71.4917,30.0957,1586,50,1,1683495725,1782879125,0
LTE,410,4,5033,13488150,-1,73.109,33.6881,1000,20,1,1646652697,1761209762,0
LTE,410,4,5035,2448406,-1,73.1078,33.7036,1000,9,1,1646652793,1761209762,0
LTE,410,4,5035,2376982,-1,73.1058,33.7095,1000,6,1,1646718999,1761209762,0
LTE,410,4,5033,2270465,-1,73.0921,33.6578,1000,15,1,1646719804,1780223649,0
UMTS,410,3,34041,1536316,257,71.3807,30.025,5603,44,1,1683528819,1782818290,0
UMTS,410,3,34001,1535501,20,71.4274,30.0727,2822,11,1,1683528970,1782731762,0
UMTS,410,3,34001,1547029,302,71.445,30.1246,988,50,1,1683529410,1782879124,0
UMTS,410,3,34001,1546311,341,71.4362,30.1316,4774,50,1,1683529750,1783421103,0
LTE,410,1,55587,33725954,-1,71.4364,30.1472,955,32,1,1683529900,1788318542,0
LTE,410,1,55587,34111234,-1,71.441,30.1522,651,50,1,1683529920,1788318542,0
LTE,410,1,55587,34111254,-1,71.4416,30.1522,1000,14,1,1683529940,1783624323,0
GSM,410,1,937,14716,-1,71.8282,30.4329,1000,22,1,1684485743,1783176306,0
LTE,410,3,10021,36358401,-1,67.1593,24.887,1000,17,1,1646902880,1765819022,0
LTE,410,3,10021,36465411,-1,67.1639,24.8871,1000,17,1,1646903040,1765819022,0
LTE,410,3,10021,36465409,-1,67.1677,24.8899,1615,48,1,1646903090,1765819022,0
LTE,410,3,14440,60240385,-1,73.0898,30.5713,24959,28,1,1647117882,1780143841,0
LTE,410,1,50166,30766851,-1,74.3194,31.6976,1484,50,1,1647842018,1771736762,0
LTE,410,3,10033,36475649,-1,66.9764,24.871,1000,21,1,1648081054,1764488055,0
LTE,410,3,10033,37060611,-1,66.9719,24.8736,1000,23,1,1648081104,1764488102,0
LTE,410,3,10033,36777730,-1,66.9692,24.8749,500,27,1,1648081134,1764488102,0
LTE,410,3,10033,36777731,-1,66.9659,24.8762,500,29,1,1648081164,1764488102,0
LTE,410,3,10033,36777729,-1,66.9681,24.8782,1000,19,1,1648081174,1764488102,0
LTE,410,3,10721,36488450,-1,67.0879,24.9288,1000,17,1,1648098199,1765819021,0
LTE,410,3,10721,36488449,-1,67.0868,24.9317,1000,5,1,1648098289,1765819021,0
LTE,410,3,10721,36407298,-1,67.0861,24.9337,1209,14,1,1648098309,1765819021,0
LTE,410,4,5056,12915467,-1,72.9582,33.6387,590,25,1,1687752933,1780223586,0
LTE,410,4,5031,2057814,-1,72.9421,33.6322,1000,17,1,1687753043,1780223586,0
LTE,410,4,5031,13459714,-1,72.8749,33.5959,1220,39,1,1687753313,1780223585,0
LTE,410,4,5031,2057812,-1,72.9402,33.6323,1000,8,1,1687778125,1780223586,0
LTE,410,4,5056,793091,-1,73.0007,33.6987,1000,10,1,1688026521,1783680302,0
LTE,410,4,50010,1606918,-1,71.515,30.1925,1000,10,1,1701069513,1788603243,0
LTE,410,4,5035,2360863,-1,73.0662,33.6944,1000,18,1,1704869141,1780223648,0
LTE,410,4,5056,13097238,-1,73.0361,33.6786,1000,19,1,1704869341,1780223588,0
LTE,410,1,50167,31568643,-1,74.3218,31.4706,1000,5,1,1733655983,1744352104,0
LTE,410,1,50539,32452098,-1,74.2636,31.3987,8751,24,1,1734014706,1744385221,0
LTE,410,7,50265,35945483,-1,62.3257,25.1465,905,27,1,1734569529,1745081403,0
LTE,410,7,50265,35945476,-1,62.329,25.1532,1190,28,1,1734569179,1745081403,0
LTE,410,7,50265,35999747,-1,62.3253,25.1727,1033,50,1,1734569969,1745081404,0
LTE,410,7,50265,35999745,-1,62.3307,25.1855,1000,17,1,1734570279,1745081404,0
LTE,410,7,50265,35999748,-1,62.3411,25.1864,1010,27,1,1734570309,1751050863,0
LTE,410,7,50265,37138434,-1,62.3418,25.2017,1130,50,1,1734570399,1751050863,0
LTE,410,7,50265,35999757,-1,62.3247,25.1757,1127,18,1,1734571159,1745081404,0
LTE,410,7,50265,36000513,-1,62.3271,25.1641,2441,50,1,1734571339,1745081404,0
LTE,410,7,50265,36000523,-1,62.3273,25.1646,6173,29,1,1734572299,1751050862,0
LTE,410,7,50265,35999756,-1,62.3311,25.1629,1310,21,1,1734572699,1751050863,0
LTE,410,1,55585,60002867,-1,71.4893,30.1454,1000,9,1,1735687148,1788587462,0
LTE,410,1,50156,32007681,-1,74.3483,31.5548,2018,6,1,1734155387,1743339121,0
LTE,410,1,50539,32452099,-1,74.2608,31.3987,1000,19,1,1736722609,1744352103,0
LTE,410,1,50539,32260613,-1,74.2823,31.4327,4577,2,1,1736722619,1743339122,0
LTE,410,1,50539,32260620,-1,74.2609,31.3999,1000,14,1,1736722629,1744383969,0
LTE,410,1,50539,32260609,-1,74.261,31.4082,7913,19,1,1736722658,1744383968,0
LTE,410,1,50539,32260614,-1,74.2616,31.4081,7896,13,1,1736722668,1744383968,0
LTE,410,1,50539,33198083,-1,74.2612,31.4146,7288,13,1,1736722801,1744383968,0
LTE,410,1,50539,33198084,-1,74.2594,31.4167,7180,10,1,1736722833,1744383967,0
LTE,410,1,50539,33198090,-1,74.2549,31.4172,7381,16,1,1736722918,1744383967,0
LTE,410,1,50539,32479745,-1,74.2573,31.4259,6482,10,1,1736723023,1744383967,0
LTE,410,1,50158,32216328,-1,74.2603,31.4217,3010,3,1,1736723093,1744383967,0
LTE,410,1,50158,32216322,-1,74.2652,31.4325,5431,11,1,1736723109,1744383967,0
LTE,410,1,50158,32451585,-1,74.2689,31.4365,4867,13,1,1736723165,1744383966,0
LTE,410,1,50158,32481029,-1,74.2729,31.4384,4927,7,1,1736723229,1744383965,0
LTE,410,1,50158,31608323,-1,74.2757,31.4424,5418,8,1,1736723278,1744383965,0
LTE,410,1,50176,30820354,-1,74.262,31.3962,1000,2,1,1736723484,1743312782,0
LTE,410,1,50176,30820355,-1,74.2682,31.4244,6382,3,1,1736723542,1743312782,0
LTE,410,1,50176,31797251,-1,74.2709,31.4393,4747,2,1,1736723577,1743312782,0
LTE,410,1,50176,31797249,-1,74.2709,31.4393,4747,2,1,1736723624,1743312782,0
LTE,410,1,50176,30755585,-1,74.2709,31.4393,4747,2,1,1736723641,1743312782,0
LTE,410,1,50143,31109387,-1,74.302,31.4959,2568,4,1,1736723826,1743264001,0
LTE,410,1,50143,30810121,-1,74.312,31.5068,6857,9,1,1736723856,1743339121,0
LTE,410,1,50143,30749954,-1,74.3044,31.4991,2975,3,1,1736723907,1743264001,0
LTE,410,1,50143,30749953,-1,74.3173,31.5138,5922,6,1,1736723947,1743339121,0
LTE,410,1,50179,30930179,-1,74.3331,31.5305,7374,10,1,1736724145,1743339121,0
LTE,410,1,50179,31613441,-1,74.3417,31.5381,2479,6,1,1736724189,1743339121,0
LTE,410,1,50179,33081602,-1,74.343,31.5397,2276,6,1,1736724209,1743339121,0
LTE,410,1,50156,30879747,-1,74.3463,31.5483,1272,2,1,1736724339,1743339121,0
LTE,410,1,50156,30879745,-1,74.3463,31.5483,1272,2,1,1736724377,1743339121,0
LTE,410,1,50156,31511816,-1,74.3463,31.5483,1272,2,1,1736724397,1743339121,0
LTE,410,1,50156,31511817,-1,74.3463,31.5483,1272,2,1,1736724443,1743339121,0
LTE,410,1,50156,33197826,-1,74.3494,31.5586,1000,2,1,1736761659,1743339121,0
LTE,410,1,50156,31511811,-1,74.3494,31.5586,1000,2,1,1736761776,1743339121,0
LTE,410,1,50179,33081601,-1,74.3453,31.5443,1725,6,1,1736762016,1743339121,0
LTE,410,1,50179,30930178,-1,74.3421,31.5419,2069,5,1,1736762086,1743339121,0
LTE,410,1,50143,31785729,-1,74.3323,31.533,3366,4,1,1736762335,1743339121,0
LTE,410,1,50143,31109388,-1,74.3113,31.5049,6884,9,1,1736762461,1743264001,0
LTE,410,1,50176,31596290,-1,74.3193,31.5181,5418,5,1,1736762510,1743339121,0
LTE,410,1,50167,33082144,-1,74.3013,31.4713,1000,9,1,1737023097,1743486001,0
LTE,410,1,50167,31798273,-1,74.296,31.4679,1000,8,1,1737024947,1744383965,0
LTE,410,1,50167,31798274,-1,74.294,31.4668,1000,7,1,1737024975,1744383965,0
LTE,410,1,50158,32481281,-1,74.2857,31.4615,1872,8,1,1737025110,1744383965,0
LTE,410,1,50158,32481283,-1,74.2829,31.4596,2203,10,1,1737025165,1744383965,0
LTE,410,1,50158,32480820,-1,74.2773,31.4389,4868,3,1,1737025365,1744383965,0
LTE,410,1,50539,33198101,-1,74.2597,31.4282,6226,5,1,1737025742,1744352102,0
LTE,410,1,50158,33078529,-1,74.2671,31.421,2685,2,1,1737435323,1743312782,0
LTE,410,1,50158,32480819,-1,74.2656,31.4223,2801,2,1,1737437034,1743312782,0
LTE,410,1,50158,32362499,-1,74.2675,31.4398,4743,3,1,1737444946,1743312782,0
LTE,410,1,50158,32362497,-1,74.2738,31.4472,5668,6,1,1737445007,1744383965,0
LTE,410,1,50158,32481539,-1,74.2852,31.4615,1819,6,1,1737445167,1744383965,0
LTE,410,1,50158,32481537,-1,74.287,31.4629,1590,10,1,1737445207,1744383965,0
LTE,410,1,50158,30828034,-1,74.2889,31.4639,1399,6,1,1737445257,1744383965,0
LTE,410,1,50158,30828054,-1,74.2879,31.4634,1288,11,1,1737445267,1744352102,0
LTE,410,1,50167,33082134,-1,74.293,31.4662,1858,12,1,1737445337,1744352102,0
LTE,410,4,40109,10846988,0,74.2481,31.6084,1000,7,1,1739472990,1741893782,0
GSM,410,3,60000,27207,-1,61.6462,25.3837,2698,3,1,1740744431,1744001635,0
LTE,410,3,60001,36222722,-1,62.5784,25.2871,6333,50,1,1739536242,1750858922,0
GSM,410,1,10265,20474,-1,62.5133,25.2755,4054,34,1,1740273855,1745958122,0
GSM,410,1,10265,20621,-1,62.427,25.2463,4582,48,1,1740273886,1745081406,0
LTE,410,7,50265,37138433,-1,62.3639,25.227,3503,44,1,1740274225,1751050863,0
LTE,410,3,11103,62641921,-1,62.3658,25.2306,1901,33,1,1740274405,1751050863,0
LTE,410,3,10122,37386753,-1,62.3475,25.2142,1147,30,1,1740274465,1751050863,0
LTE,410,3,10122,36335371,-1,62.3474,25.2146,3205,41,1,1740274505,1751050863,0
LTE,410,3,10122,36335372,-1,62.3423,25.2039,1000,10,1,1740274625,1751050863,0
LTE,410,3,10122,36335363,-1,62.3417,25.1994,749,25,1,1740274645,1751050863,0
LTE,410,3,10122,36952322,-1,62.3394,25.1897,1000,13,1,1740274685,1751050863,0
LTE,410,3,10122,36541698,-1,62.3339,25.1721,1000,11,1,1740274795,1751050862,0
LTE,410,3,10122,36131851,-1,62.3374,25.1753,7782,36,1,1740274835,1751050862,0
LTE,410,7,50265,35945473,-1,62.3145,25.1605,2372,50,1,1740275775,1751050862,0
LTE,410,3,10122,36131841,-1,62.3295,25.1598,1000,12,1,1740279261,1751050862,0
LTE,410,3,10122,36131853,-1,62.3245,25.1615,1000,10,1,1740282491,1751050862,0
LTE,410,7,50265,37138443,-1,62.3772,25.2326,14742,41,1,1740283632,1745081405,0
LTE,410,3,10122,37525763,-1,62.3801,25.2405,717,39,1,1740283882,1745081405,0
LTE,410,3,10122,36510723,-1,62.515,25.2824,2507,40,1,1740283932,1751050864,0
LTE,410,3,10122,36282667,-1,62.4523,25.2565,1752,34,1,1740284122,1745081407,0
LTE,410,3,10122,36282625,-1,62.4541,25.2574,1321,22,1,1740284302,1751050863,0
LTE,410,3,10122,36510722,-1,62.5225,25.2786,1385,28,1,1740284402,1751050863,0
LTE,410,3,10122,36282665,-1,62.4803,25.2684,1836,50,1,1740284422,1745081408,0
LTE,410,3,10122,36510732,-1,62.5174,25.2899,1333,25,1,1740285102,1751050864,0
LTE,410,90,106,10240,-1,62.5302,25.2887,1000,4,1,1741074693,1743293342,0
UMTS,410,3,31012,229228,373,62.5245,25.2895,1756,8,1,1741146648,1743293342,0
LTE,410,3,10122,36510763,-1,62.5283,25.2904,6927,44,1,1741147122,1743293343,0
LTE,410,7,50265,35999233,-1,62.4851,25.2724,3248,15,1,1741147132,1751050863,0
LTE,410,7,50265,35999243,-1,62.5106,25.2873,2017,4,1,1741147152,1751050863,0
LTE,410,7,50265,36000515,-1,62.3216,25.1396,1000,6,1,1741156741,1751050862,0
LTE,410,7,50265,36000514,-1,62.3268,25.1456,1000,19,1,1741157630,1745081403,0
LTE,410,7,50265,36000517,-1,62.3279,25.1483,1000,14,1,1741157701,1745081403,0
LTE,410,7,50265,35945485,-1,62.3205,25.1412,1000,16,1,1741158036,1745081403,0
LTE,410,7,50265,35945475,-1,62.3254,25.138,1000,16,1,1741158087,1745081403,0
LTE,410,7,50265,35998465,-1,62.321,25.1425,3170,13,1,1741158127,1751050862,0
LTE,410,7,50265,35945478,-1,62.3211,25.1435,1245,7,1,1741159717,1751050862,0
LTE,410,7,50265,35945495,-1,62.3273,25.1471,1000,6,1,1741160504,1745081403,0
UMTS,410,3,31012,259228,374,62.5193,25.2987,3147,3,1,1741163600,1743293342,0
GSM,410,3,51103,37354,-1,62.5301,25.2888,1683,3,1,1741164050,1743293341,0
LTE,410,3,30431,31858689,-1,74.3035,31.4464,1000,3,1,1741281185,1741876322,0
UMTS,410,3,36000,258103,453,62.5233,25.2906,1489,3,1,1741312230,1745081409,0
UMTS,410,3,33043,1199096,3,74.3035,31.4466,1000,2,1,1741335378,1741490881,0
UMTS,410,3,33043,1194096,3,74.3035,31.4466,1000,3,1,1741334962,1741490881,0
GSM,410,1,352,14685,-1,73.0743,31.4457,1000,1,1,1741665676,1741665676,0
GSM,410,1,558,32131,-1,73.0893,31.4246,1000,1,1,1741706797,1741706797,0
LTE,410,1,55579,34005260,-1,70.5488,31.0031,1000,1,1,1741838381,1741838381,0
UMTS,410,3,34002,1541643,105,70.5488,31.0031,1000,1,1,1741838381,1741838381,0
UMTS,410,3,34002,1541763,194,70.5488,31.0031,1000,1,1,1741838381,1741838381,0
UMTS,410,3,34002,1541640,19,70.5488,31.0031,1000,1,1,1741838381,1741838381,0
LTE,410,4,40109,10992908,-1,74.2528,31.6104,1000,2,1,1741845609,1741893181,0
LTE,410,4,40109,10846992,-1,74.2487,31.6087,1000,1,1,1741873889,1741873889,0
LTE,410,90,47,4354,-1,67.0934,24.9717,1377,21,1,1742047267,1742076181,0
LTE,410,90,84,258,-1,67.0929,25.033,3435,21,1,1742047297,1742076182,0
LTE,410,92,34,4096,-1,67.0914,25.1773,3410,23,1,1742047407,1742076182,0
LTE,410,99,10012,60672257,-1,67.0886,25.4493,17145,50,1,1742047467,1742076182,0
LTE,410,99,10005,61184259,-1,67.0888,25.4373,1000,11,1,1742047587,1742076182,0
LTE,410,99,10005,30208514,-1,67.0877,25.5355,2035,21,1,1742047637,1742076183,0
UMTS,410,3,31012,217643,196,67.0866,25.6567,11437,51,1,1742047657,1742076183,0
LTE,410,99,10060,66304259,-1,67.0345,28.174,2254,11,1,1742048907,1742076183,0
UMTS,410,3,31061,1065744,304,67.0345,28.174,2254,11,1,1742048907,1742076183,0
LTE,410,99,10005,61952258,-1,67.0109,28.6799,1384,11,1,1742049147,1742076183,0
UMTS,410,3,31054,1266058,350,67.004,28.8263,5746,49,1,1742049197,1742076183,0
LTE,410,7,50822,46370561,-1,66.9478,30.2477,1000,6,1,1742050701,1742076183,0
LTE,410,7,50822,36929537,-1,66.9475,30.2471,1000,8,1,1742050714,1742076183,0
LTE,410,7,50822,59243062,-1,66.9475,30.2469,1000,1,1,1742050744,1742050744,0
GSM,410,1,10822,11135,-1,66.9489,30.2488,1000,1,1,1742051371,1742051371,0
LTE,410,7,50822,37137928,-1,66.958,30.2546,1074,18,1,1742052021,1742076183,0
LTE,410,7,50822,35923203,-1,66.95,30.2496,1000,4,1,1742052036,1742076183,0
LTE,410,7,50822,35923213,-1,66.9534,30.251,1000,6,1,1742052301,1742076183,0
LTE,410,7,50822,35923223,-1,66.9526,30.2506,1000,4,1,1742052311,1742076183,0
LTE,410,7,50822,37137929,-1,66.9619,30.2588,1000,2,1,1742052461,1742076183,0
LTE,410,7,50822,37137921,-1,66.9642,30.2582,1000,7,1,1742052481,1742076183,0
LTE,410,7,50822,37137927,-1,66.9678,30.256,1000,9,1,1742052531,1742076183,0
LTE,410,7,50822,47795970,-1,66.9712,30.2537,1000,5,1,1742052571,1742076184,0
LTE,410,7,50822,47623939,-1,66.9756,30.2508,1000,14,1,1742052591,1742076184,0
LTE,410,7,50822,47623938,-1,66.9818,30.2466,1000,14,1,1742052651,1742076184,0
LTE,410,7,50822,37399043,-1,66.9881,30.2404,1000,20,1,1742052721,1742076184,0
LTE,410,7,50822,35925505,-1,66.9931,30.2345,1000,7,1,1742052811,1742076184,0
LTE,410,7,50822,37399042,-1,66.9948,30.2324,1000,5,1,1742052851,1742076184,0
LTE,410,7,50822,36129027,-1,66.9962,30.2308,1000,6,1,1742052871,1742076184,0
LTE,410,7,50822,37477889,-1,66.9996,30.2269,1000,8,1,1742052891,1742076184,0
LTE,410,7,50822,37318913,-1,67.0031,30.2229,1000,9,1,1742052951,1742076184,0
LTE,410,7,50822,37638663,-1,67.0073,30.218,1000,17,1,1742053001,1742076184,0
LTE,410,7,50822,35923713,-1,67.0069,30.2141,1000,3,1,1742053081,1742076184,0
LTE,410,7,50822,37322753,-1,67.0064,30.2127,1000,4,1,1742053091,1742076184,0
LTE,410,7,50822,37638657,-1,67.0052,30.2111,1000,5,1,1742053111,1742076184,0
LTE,410,7,50822,37151489,-1,67.0004,30.2112,1000,9,1,1742053141,1742076184,0
LTE,410,7,50822,37322754,-1,67.0015,30.2106,1000,8,1,1742053151,1742076184,0
LTE,410,7,50822,37322755,-1,66.9937,30.2134,1000,11,1,1742053491,1742076184,0
LTE,410,7,50822,37319425,-1,66.9877,30.2149,1000,8,1,1742053571,1742076184,0
LTE,410,7,50822,36208641,-1,66.9835,30.2161,1000,6,1,1742053621,1742076184,0
LTE,410,7,50822,36208642,-1,66.9808,30.217,1000,6,1,1742053661,1742076184,0
LTE,410,7,50822,36208643,-1,66.9775,30.218,1000,7,1,1742053691,1742076184,0
LTE,410,7,50822,37580039,-1,66.9752,30.2171,1000,9,1,1742053731,1742076184,0
LTE,410,7,50822,37580034,-1,66.9777,30.2131,1000,12,1,1742053771,1742076184,0
LTE,410,7,50852,37787137,-1,66.9806,30.2078,1000,7,1,1742053821,1742076184,0
LTE,410,7,50822,36206345,-1,66.9806,30.2078,1000,3,1,1742053841,1742076184,0
LTE,410,7,50822,36206339,-1,66.9814,30.2047,1000,6,1,1742053861,1742076184,0
LTE,410,7,50852,37787138,-1,66.9819,30.203,1000,3,1,1742053881,1742076184,0
LTE,410,7,50822,36206344,-1,66.9826,30.1989,1000,12,1,1742053891,1742076184,0
LTE,410,7,50852,36205569,-1,66.9845,30.1984,1000,5,1,1742053931,1742076184,0
LTE,410,7,50852,36205570,-1,66.9835,30.1968,1000,4,1,1742053951,1742076184,0
LTE,410,7,50852,46368770,-1,66.9823,30.195,1000,6,1,1742053961,1742076184,0
LTE,410,7,50851,36043267,-1,66.9792,30.1901,500,28,1,1742053991,1742076185,0
LTE,410,7,50851,36208129,-1,66.9723,30.1901,1000,22,1,1742054121,1742076185,0
LTE,410,7,50851,36208130,-1,66.9699,30.1887,1000,2,1,1742054231,1742076185,0
LTE,410,7,50851,36208131,-1,66.9698,30.1891,1000,4,1,1742054251,1742076185,0
LTE,410,7,50851,36043266,-1,66.9807,30.1833,1000,13,1,1742054511,1742076185,0
LTE,410,7,50851,37383169,-1,66.9809,30.178,1000,6,1,1742054581,1742076185,0
LTE,410,7,50851,37383170,-1,66.9817,30.1752,1000,8,1,1742054611,1742076185,0
LTE,410,7,50851,36203265,-1,66.9843,30.1719,1000,9,1,1742054641,1742076185,0
LTE,410,7,50851,37365506,-1,66.9862,30.1704,1000,2,1,1742054691,1742076185,0
LTE,410,7,50851,35937793,-1,66.9878,30.1665,1000,11,1,1742054711,1742076185,0
LTE,410,1,50826,36204802,0,68.4112,28.4256,2687,50,1,1742390219,1769078237,0
LTE,410,1,50826,36824588,0,68.4569,28.4538,3831,12,1,1742389930,1769078281,0
LTE,410,1,50826,36204812,0,68.4042,28.4198,2171,24,1,1742406630,1769078236,0
LTE,410,1,50826,36204803,0,68.4182,28.4662,8331,50,1,1742409468,1769078281,0
GSM,410,1,10826,21425,-1,68.4141,28.4243,3073,11,1,1742405553,1769078234,0
LTE,410,1,50826,36824579,0,68.4276,28.4787,3365,50,1,1742409590,1769078281,0
GSM,410,1,10826,33846,-1,68.363,28.466,8099,9,1,1742409659,1769078229,0
GSM,410,1,10826,31425,-1,68.4177,28.4879,5923,10,1,1742409950,1769078235,0
GSM,410,1,10826,11425,-1,68.4484,28.4469,11650,21,1,1742411499,1769078281,0
GSM,410,1,10828,34746,-1,68.4029,28.448,10326,27,1,1742411555,1769078233,0
GSM,410,1,10826,23846,-1,68.4499,28.445,2262,15,1,1742411844,1769078234,0
LTE,410,1,50828,37233921,0,68.3854,28.4042,4525,2,1,1742413663,1742721902,0
LTE,410,1,50826,36824578,0,68.4615,28.4502,4367,50,1,1742480948,1769078281,0
LTE,410,1,50828,37054980,0,68.3959,28.4134,3665,21,1,1742561192,1769078235,0
GSM,410,1,10828,44745,-1,68.4652,28.4738,8578,3,1,1742561369,1769078223,0
LTE,410,1,50828,37054724,0,68.447,28.4564,7922,9,1,1742561688,1769078236,0
LTE,410,1,50826,36204801,0,68.4646,28.454,4740,50,1,1742562494,1769078281,0
LTE,410,99,10012,26881794,-1,62.5049,25.2931,1000,2,1,1743029869,1743293343,0
LTE,410,7,50265,35998468,-1,62.5325,25.2805,1000,5,1,1743031376,1750858922,0
LTE,410,90,107,10241,-1,62.5173,25.2852,5680,5,1,1743086925,1743293342,0
LTE,410,3,10122,36510733,-1,62.5288,25.2906,840,30,1,1743134784,1744827168,0
LTE,410,1,50166,30870019,-1,74.2618,31.7207,1000,4,1,1743135986,1743156241,0
LTE,410,1,50166,31615000,-1,74.2618,31.7207,1000,4,1,1743135986,1743156241,0
LTE,410,1,50166,31614990,-1,74.2619,31.7206,1000,3,1,1743136031,1743156241,0
LTE,410,1,50166,30870029,-1,74.2618,31.7207,1000,2,1,1743136051,1743156241,0
LTE,410,1,50166,30870028,-1,74.2618,31.7207,1000,3,1,1743136101,1743156241,0
LTE,410,1,50166,30870018,-1,74.2618,31.7207,1000,1,1,1743136238,1743136238,0
LTE,410,7,50265,35999253,-1,62.5209,25.2841,1563,3,1,1743152886,1750858922,0
LTE,410,3,10122,36510762,-1,62.5294,25.2848,1872,27,1,1743152886,1745958123,0
GSM,410,1,10267,20569,-1,62.7846,25.3682,1000,11,1,1742938811,1743162542,0
LTE,410,1,50179,31613443,-1,74.3382,31.5319,1000,3,1,1743241635,1743264001,0
LTE,410,1,50189,33225217,-1,74.3334,31.5267,1000,2,1,1743241685,1743264001,0
LTE,410,1,50189,33225229,-1,74.3317,31.5249,1000,5,1,1743241695,1743264001,0
LTE,410,1,50188,31550742,-1,74.3298,31.5229,1000,4,1,1743241725,1743264001,0
LTE,410,1,50143,30725388,-1,74.328,31.5208,1000,9,1,1743241735,1743264001,0
LTE,410,1,50143,33072897,-1,74.3291,31.5247,4321,6,1,1743241765,1743339121,0
LTE,410,1,50143,33072905,-1,74.3235,31.5163,1000,4,1,1743241785,1743264001,0
LTE,410,1,50143,33072899,-1,74.3278,31.5238,4463,5,1,1743241795,1743339121,0
LTE,410,1,50143,30928641,-1,74.3247,31.5196,5018,7,1,1743241815,1743339121,0
LTE,410,1,50143,30810119,-1,74.3167,31.509,1000,2,1,1743241865,1743264001,0
LTE,410,1,50143,30810113,-1,74.3195,31.5144,5760,6,1,1743241895,1743339121,0
LTE,410,1,50176,30723595,-1,74.3026,31.4942,1000,7,1,1743241995,1743264002,0
LTE,410,1,50176,31596300,-1,74.3002,31.492,1000,3,1,1743242035,1743264002,0
LTE,410,1,50176,31596296,-1,74.3108,31.5074,6861,4,1,1743242055,1743339121,0
LTE,410,1,50176,31596291,-1,74.3046,31.5002,7851,6,1,1743242075,1743339121,0
LTE,410,1,50176,32483841,-1,74.3057,31.5002,7787,5,1,1743242105,1743339121,0
LTE,410,1,50176,32483851,-1,74.2963,31.4838,1000,3,1,1743242145,1743264002,0
LTE,410,1,50176,32483351,-1,74.2978,31.4822,1000,5,1,1743242155,1743264002,0
LTE,410,1,50176,32483095,-1,74.2996,31.4805,1000,2,1,1743242195,1743264002,0
LTE,410,1,50176,33080343,-1,74.3003,31.4797,1000,2,1,1743242205,1743264002,0
LTE,410,1,50176,32483093,-1,74.3012,31.4774,1000,6,1,1743242215,1743264002,0
LTE,410,1,50176,32483083,-1,74.3019,31.4753,1000,2,1,1743242255,1743264002,0
LTE,410,1,50167,30843916,-1,74.3026,31.4734,1000,5,1,1743242265,1743264002,0
LTE,410,1,50167,33082123,-1,74.303,31.4711,1000,6,1,1743242295,1744383964,0
LTE,410,1,50167,31798028,-1,74.3038,31.47,1000,2,1,1743242315,1743264002,0
LTE,410,1,50167,30759947,-1,74.3036,31.47,1000,3,1,1743242325,1744383964,0
LTE,410,1,50167,32772621,-1,74.3045,31.4689,1000,4,1,1743242335,1743264002,0
LTE,410,1,50167,30759937,-1,74.3035,31.4699,1000,8,1,1743242375,1744352101,0
LTE,410,1,50167,33082145,-1,74.3011,31.4703,1000,21,1,1743242395,1744383964,0
LTE,410,1,50167,33082156,-1,74.2974,31.4686,1000,10,1,1743242455,1744383965,0
LTE,410,1,50158,33110018,-1,74.2934,31.4665,1000,4,1,1743242515,1743339121,0
LTE,410,1,50158,32481557,-1,74.286,31.4624,1000,11,1,1743242545,1744352102,0
LTE,410,1,50158,32481559,-1,74.2829,31.4602,1000,6,1,1743242575,1744352102,0
LTE,410,1,50158,32481301,-1,74.2812,31.459,1000,9,1,1743242615,1744352102,0
LTE,410,1,50158,32481303,-1,74.2781,31.4566,1000,15,1,1743242625,1744352102,0
LTE,410,1,50158,31608341,-1,74.2757,31.4548,1000,3,1,1743242685,1743264002,0
LTE,410,1,50158,31608343,-1,74.2746,31.454,1000,11,1,1743242695,1744352102,0
LTE,410,1,50158,31608342,-1,74.2723,31.4523,1000,9,1,1743242715,1744352102,0
LTE,410,1,50158,32481046,-1,74.2708,31.4508,1000,9,1,1743242735,1744352102,0
LTE,410,1,50158,32480791,-1,74.2695,31.448,1000,10,1,1743242755,1744352102,0
LTE,410,1,50158,32480790,-1,74.2679,31.4434,1000,15,1,1743242785,1744352102,0
LTE,410,1,50158,33078551,-1,74.2681,31.4432,1000,2,1,1743242815,1743264002,0
LTE,410,1,50158,32451605,-1,74.2652,31.4393,1000,17,1,1743242825,1744352102,0
LTE,410,1,50158,32451595,-1,74.263,31.4376,1000,3,1,1743242875,1743264002,0
LTE,410,1,50158,32216332,-1,74.2606,31.4363,1000,6,1,1743242885,1743264002,0
LTE,410,1,50158,33111563,-1,74.2569,31.4339,1000,7,1,1743242925,1743264002,0
LTE,410,1,50158,33111564,-1,74.2545,31.4321,1000,2,1,1743242965,1743264002,0
LTE,410,1,50539,32479755,-1,74.2522,31.4302,1000,6,1,1743242975,1743264002,0
LTE,410,1,50539,32479757,-1,74.2478,31.4213,1000,8,1,1743243066,1743264003,0
LTE,410,1,50539,33198089,-1,74.2541,31.4144,1000,4,1,1743243266,1744383967,0
LTE,410,1,50539,33198088,-1,74.2594,31.411,1000,6,1,1743243316,1744383968,0
LTE,410,1,50539,33025794,-1,74.264,31.4126,7353,21,1,1743243336,1744383968,0
LTE,410,1,50539,30931972,-1,74.2616,31.4091,1000,1,1,1743243376,1743243376,0
LTE,410,1,50539,32260619,-1,74.2582,31.4057,1000,9,1,1743243396,1743264003,0
LTE,410,1,50539,32260621,-1,74.2586,31.4024,1000,7,1,1743243456,1743312781,0
LTE,410,1,50539,32452109,-1,74.2606,31.3969,1000,8,1,1743243576,1744383969,0
LTE,410,1,50539,32452108,-1,74.2619,31.3952,1000,10,1,1743243606,1744383969,0
UMTS,410,6,2051,7774920,-1,62.4973,25.2575,4806,2,1,1743293300,1743293342,0
LTE,410,7,50265,35999499,-1,62.3246,25.1258,1000,2,1,1743239497,1743293343,0
LTE,410,7,50265,35945739,-1,62.3222,25.131,1000,1,1,1743239632,1743239632,0
LTE,410,1,50539,32260612,-1,74.2639,31.4101,7598,10,1,1743290542,1744383968,0
LTE,410,1,50539,32479747,-1,74.2545,31.4237,6839,10,1,1743290722,1744383967,0
LTE,410,1,50539,32768257,-1,74.2605,31.3975,1000,1,1,1743290762,1743290762,0
LTE,410,1,50158,33111554,-1,74.2648,31.4327,5449,5,1,1743290832,1744383967,0
LTE,410,1,50158,33111553,-1,74.2632,31.4335,5472,7,1,1743290842,1744383967,0
LTE,410,1,50158,33073665,-1,74.2605,31.3975,1000,1,1,1743290902,1743290902,0
LTE,410,1,50158,32480809,-1,74.2733,31.44,4881,5,1,1743290962,1744383965,0
LTE,410,1,50158,31608322,-1,74.2699,31.439,4693,4,1,1743291022,1744383965,0
LTE,410,1,50176,31491074,-1,74.2605,31.3975,1000,1,1,1743291132,1743291132,0
LTE,410,1,50158,32480812,-1,74.2605,31.3975,1000,1,1,1743291152,1743291152,0
LTE,410,1,50176,32482562,-1,74.2605,31.3975,1000,1,1,1743291172,1743291172,0
LTE,410,1,50176,30820353,-1,74.2605,31.3975,1000,1,1,1743291252,1743291252,0
LTE,410,1,50176,30723585,-1,74.2605,31.3975,1000,1,1,1743291452,1743291452,0
LTE,410,1,50143,31109378,-1,74.2605,31.3975,1000,1,1,1743291482,1743291482,0
LTE,410,1,50143,31109377,-1,74.2605,31.3975,1000,1,1,1743291492,1743291492,0
LTE,410,1,50143,30725410,-1,74.2605,31.3975,1000,1,1,1743292022,1743292022,0
LTE,410,1,50143,30725409,-1,74.2605,31.3975,1000,1,1,1743292032,1743292032,0
LTE,410,1,50189,33225219,-1,74.2605,31.3975,1000,1,1,1743292042,1743292042,0
LTE,410,1,50179,31063809,-1,74.2605,31.3975,1000,1,1,1743292172,1743292172,0
LTE,410,1,50179,32337922,-1,74.2605,31.3975,1000,1,1,1743292193,1743292193,0
LTE,410,1,50179,32337921,-1,74.2605,31.3975,1000,1,1,1743292212,1743292212,0
LTE,410,1,50170,31518980,-1,74.2605,31.3975,1000,1,1,1743292252,1743292252,0
LTE,410,1,50170,31500803,-1,74.2605,31.3975,1000,1,1,1743292263,1743292263,0
LTE,410,1,50170,31500801,-1,74.2605,31.3975,1000,1,1,1743292283,1743292283,0
LTE,410,1,50156,31511821,-1,74.3498,31.5594,1000,1,1,1743316714,1743316714,0
LTE,410,1,50179,30791688,-1,74.3498,31.5594,1000,1,1,1743316974,1743316974,0
LTE,410,1,50188,31550722,-1,74.3498,31.5594,1000,1,1,1743317064,1743317064,0
LTE,410,1,50143,30725417,-1,74.3498,31.5594,1000,1,1,1743317094,1743317094,0
LTE,410,1,50143,31109379,-1,74.3498,31.5594,1000,1,1,1743317344,1743317344,0
LTE,410,1,50176,32483847,-1,74.3498,31.5594,1000,1,1,1743317474,1743317474,0
LTE,410,1,50176,32483331,-1,74.3498,31.5594,1000,1,1,1743317484,1743317484,0
LTE,410,1,50176,32483075,-1,74.3498,31.5594,1000,1,1,1743317494,1743317494,0
LTE,410,1,50176,33080323,-1,74.3498,31.5594,1000,1,1,1743317514,1743317514,0
LTE,410,1,50176,32483073,-1,74.3498,31.5594,1000,1,1,1743317534,1743317534,0
LTE,410,1,50176,32483074,-1,74.3498,31.5594,1000,1,1,1743317604,1743317604,0
LTE,410,1,50167,31798017,-1,74.3498,31.5594,1000,1,1,1743317654,1743317654,0
LTE,410,1,50167,31798018,-1,74.3498,31.5594,1000,1,1,1743317684,1743317684,0
LTE,410,1,50167,33082146,-1,74.3002,31.4702,1000,4,1,1743317944,1743423361,0
LTE,410,1,50158,32451587,-1,74.3011,31.4706,1000,1,1,1743318295,1743318295,0
LTE,410,1,50158,32216327,-1,74.2766,31.4492,3327,3,1,1743318355,1744383965,0
LTE,410,1,50539,32768259,-1,74.3011,31.4706,1000,1,1,1743318495,1743318495,0
LTE,410,1,50539,32116993,-1,74.3011,31.4706,1000,1,1,1743318585,1743318585,0
LTE,410,1,50539,32335617,-1,74.3011,31.4706,1000,1,1,1743318785,1743318785,0
LTE,410,1,50539,32260610,-1,74.266,31.4119,7327,7,1,1743318885,1744352103,0
LTE,410,3,10121,36943617,-1,66.7182,25.4701,1000,1,1,1743383326,1743383326,0
LTE,410,6,12051,208614658,-1,66.7182,25.4701,1000,1,1,1743383326,1743383326,0
LTE,410,1,50167,33082143,-1,74.2999,31.4715,1000,3,1,1743395519,1743423361,0
LTE,410,1,50167,31798019,-1,74.298,31.4723,1000,5,1,1743395559,1743423361,0
LTE,410,1,50167,33082166,-1,74.2972,31.4726,1000,3,1,1743395569,1743423361,0
LTE,410,4,2081,15831811,-1,68.9945,25.5547,1000,1,1,1743467952,1743467952,0
LTE,410,6,12272,222811907,-1,68.9945,25.5547,1000,1,1,1743467952,1743467952,0
LTE,410,1,50167,32772099,-1,74.3168,31.4677,1000,15,1,1743415920,1744383964,0
LTE,410,1,50167,32772097,-1,74.3182,31.4698,1000,15,1,1743415788,1744383964,0
LTE,410,1,50167,31078914,-1,74.3145,31.4652,500,29,1,1743416000,1744383964,0
LTE,410,1,50167,31078915,-1,74.3107,31.4662,1000,18,1,1743416070,1744383964,0
LTE,410,1,50167,32772609,-1,74.3078,31.4674,1000,15,1,1743416090,1744352104,0
LTE,410,1,50167,32772611,-1,74.3057,31.4683,1000,18,1,1743416110,1744383964,0
LTE,410,4,60029,2295045,-1,71.7261,34.0157,1000,1,1,1743563077,1743563077,0
LTE,410,6,10465,217678029,-1,71.7261,34.0157,1000,1,1,1743563077,1743563077,0
LTE,410,3,10122,36215593,-1,62.4439,25.2519,1827,30,1,1743675263,1743686942,0
LTE,410,3,10122,36215594,-1,62.4244,25.2449,1000,3,1,1743675509,1743686942,0
LTE,410,3,10122,36215595,-1,62.3964,25.2401,2561,37,1,1743675534,1743686942,0
LTE,410,3,10122,37386754,-1,62.3408,25.193,1000,2,1,1743676262,1743687002,0
LTE,410,3,10122,36906242,-1,62.3287,25.1514,1000,3,1,1743676566,1743687122,0
LTE,410,6,12030,220454401,-1,67.1326,24.967,1000,8,1,1743943908,1748984581,0
GSM,410,3,60000,34829,-1,61.6143,25.3938,1000,1,1,1743878261,1743878261,0
LTE,410,1,50185,32976137,-1,74.3407,31.4759,1000,9,1,1744268876,1744383963,0
LTE,410,1,50185,32976129,-1,74.3421,31.475,1000,1,1,1744268975,1744268975,0
LTE,410,1,50185,32976131,-1,74.3386,31.4766,1000,10,1,1744269475,1744383964,0
LTE,410,1,50175,30774795,-1,74.3364,31.4765,1000,1,1,1744269685,1744269685,0
LTE,410,1,50175,32285954,-1,74.3345,31.4758,1000,6,1,1744269695,1744383963,0
LTE,410,1,50175,32285955,-1,74.3317,31.475,1000,22,1,1744269745,1744383964,0
LTE,410,1,50175,30776066,-1,74.3279,31.4738,1000,4,1,1744269835,1744383964,0
LTE,410,1,50185,31777031,-1,74.3276,31.4737,1000,9,1,1744269845,1744383964,0
LTE,410,1,50185,31777025,-1,74.3248,31.4729,1000,14,1,1744269855,1744383964,0
LTE,410,1,50167,31489794,-1,74.3225,31.4721,1000,6,1,1744269895,1744383964,0
LTE,410,1,50167,31568653,-1,74.32,31.4714,1000,2,1,1744269925,1744352101,0
LTE,410,1,50167,31489795,-1,74.3192,31.4711,1000,4,1,1744269935,1744383964,0
LTE,410,1,50167,32204547,-1,74.3153,31.4646,1000,5,1,1744270085,1744383964,0
LTE,410,1,50167,31078925,-1,74.3106,31.4662,1000,3,1,1744270205,1744352101,0
LTE,410,1,50167,33082133,-1,74.3007,31.4702,1000,7,1,1744270285,1744352101,0
LTE,410,1,50167,30759959,-1,74.2996,31.4697,1000,3,1,1744270315,1744352101,0
LTE,410,1,50158,32216342,-1,74.2599,31.4359,1000,6,1,1744271915,1744352102,0
LTE,410,1,50158,31613973,-1,74.2574,31.4343,1000,5,1,1744271955,1744352102,0
LTE,410,1,50158,32216343,-1,74.2545,31.4321,1000,5,1,1744272015,1744352102,0
LTE,410,1,50158,32769558,-1,74.2527,31.4307,1000,4,1,1744272035,1744352102,0
LTE,410,1,50539,32479765,-1,74.2502,31.4286,1000,9,1,1744272045,1744352102,0
LTE,410,1,50539,32768277,-1,74.2478,31.4269,1000,3,1,1744272075,1744352102,0
LTE,410,1,50539,32479767,-1,74.2473,31.4227,1000,14,1,1744272085,1744352102,0
LTE,410,1,50539,33198104,-1,74.2521,31.4152,1000,8,1,1744272225,1744352102,0
LTE,410,1,50539,33198103,-1,74.2565,31.413,1000,6,1,1744272315,1744352102,0
LTE,410,1,50539,33025815,-1,74.2599,31.4106,1000,6,1,1744272365,1744352102,0
LTE,410,1,50539,30931992,-1,74.2605,31.4082,1000,4,1,1744272455,1744352103,0
LTE,410,1,50539,32260629,-1,74.2578,31.4054,1000,6,1,1744272525,1744352102,0
LTE,410,1,50539,32260611,-1,74.2576,31.4032,1000,2,1,1744329709,1744352103,0
LTE,410,1,50539,33062147,-1,74.269,31.4171,1000,6,1,1744329899,1744352103,0
LTE,410,1,50539,33062146,-1,74.2712,31.4194,1000,3,1,1744329959,1744352103,0
LTE,410,1,50539,33062145,-1,74.2722,31.4205,1000,3,1,1744329979,1744352103,0
LTE,410,1,50539,33072129,-1,74.2729,31.4213,1000,2,1,1744329999,1744352103,0
LTE,410,1,50158,32439555,-1,74.275,31.422,1000,8,1,1744330019,1744352103,0
LTE,410,1,50158,32439554,-1,74.2789,31.4206,1000,5,1,1744330109,1744352103,0
LTE,410,1,50158,33067818,-1,74.2814,31.4223,1000,4,1,1744330159,1744352103,0
LTE,410,1,50158,33067819,-1,74.2826,31.4238,1000,2,1,1744330179,1744352103,0
LTE,410,1,50158,33067828,-1,74.2835,31.4248,1000,3,1,1744330189,1744352103,0
LTE,410,1,50158,33063169,-1,74.2851,31.4265,1000,5,1,1744330209,1744352103,0
LTE,410,1,50158,33063171,-1,74.2868,31.4288,1000,4,1,1744330239,1744352103,0
LTE,410,1,50158,30873857,-1,74.2878,31.431,1000,5,1,1744330269,1744352103,0
LTE,410,1,50158,30873859,-1,74.2894,31.4344,1000,10,1,1744330309,1744352103,0
LTE,410,1,50158,30871810,-1,74.2913,31.4376,1000,5,1,1744330409,1744352103,0
LTE,410,1,50158,33166851,-1,74.293,31.4408,1000,7,1,1744330449,1744352103,0
LTE,410,1,50158,32440577,-1,74.294,31.4427,1000,1,1,1744330489,1744330489,0
LTE,410,1,50158,33166849,-1,74.2942,31.4431,1000,1,1,1744330499,1744330499,0
LTE,410,1,50158,32987400,-1,74.2948,31.4443,1000,4,1,1744330509,1744352104,0
LTE,410,1,50158,32374530,-1,74.2958,31.4461,1000,4,1,1744330529,1744352103,0
LTE,410,1,50158,32374531,-1,74.2964,31.4473,1000,2,1,1744330549,1744352103,0
LTE,410,1,50158,32374529,-1,74.2972,31.4488,1000,4,1,1744330569,1744352103,0
LTE,410,1,50154,30774579,-1,74.2989,31.4519,1000,7,1,1744330589,1744352104,0
LTE,410,1,50154,30774559,-1,74.3,31.454,1000,2,1,1744330649,1744352104,0
LTE,410,1,50154,30774560,-1,74.3004,31.4548,1000,2,1,1744330659,1744352104,0
LTE,410,1,50154,30774561,-1,74.301,31.4559,1000,3,1,1744330669,1744352104,0
LTE,410,1,50167,32502019,-1,74.302,31.4578,1000,4,1,1744330749,1744352104,0
LTE,410,1,50167,32502018,-1,74.3034,31.4605,1000,6,1,1744330779,1744352104,0
LTE,410,1,50167,31080195,-1,74.3051,31.4637,1000,6,1,1744330829,1744352104,0
LTE,410,1,50167,31080193,-1,74.3062,31.4657,1000,3,1,1744330859,1744352104,0
LTE,410,1,50167,32772610,-1,74.3068,31.4668,1000,3,1,1744330879,1744352104,0
LTE,410,1,50175,32285965,-1,74.3358,31.4763,1000,2,1,1744331329,1744352104,0
LTE,410,1,50175,30774805,-1,74.3377,31.4768,1000,5,1,1744331339,1744352104,0
LTE,410,1,50185,32976151,-1,74.3408,31.4759,1000,9,1,1744331379,1744352104,0
LTE,410,1,50185,32976149,-1,74.3423,31.4756,1000,2,1,1744331739,1744352104,0
LTE,410,1,50185,31288835,-1,74.342,31.4757,1000,1,1,1744331998,1744331998,0
LTE,410,1,50175,30774785,-1,74.3364,31.4764,1000,3,1,1744338476,1744383963,0
LTE,410,1,50185,31569153,-1,74.335,31.476,1000,2,1,1744338496,1744383963,0
LTE,410,1,50185,30737411,-1,74.329,31.4741,1000,2,1,1744338596,1744383964,0
LTE,410,1,50185,31777033,-1,74.3196,31.4713,1000,2,1,1744338706,1744383964,0
LTE,410,1,50167,32772619,-1,74.3076,31.4674,1000,2,1,1744338906,1744383964,0
LTE,410,1,50167,31798284,-1,74.2922,31.4658,1000,3,1,1744339066,1744383965,0
LTE,410,1,50158,31608326,-1,74.2744,31.4538,1000,3,1,1744339486,1744383965,0
LTE,410,1,50158,32480810,-1,74.2688,31.4459,1000,4,1,1744339576,1744383965,0
LTE,410,1,50158,32216323,-1,74.2578,31.4346,1000,2,1,1744339736,1744383967,0
LTE,410,1,50539,33025804,-1,74.2613,31.4094,1000,2,1,1744340096,1744383968,0
LTE,410,1,50539,30978819,-1,74.2636,31.3948,1000,1,1,1744365105,1744365105,0
LTE,410,4,5056,2443268,0,72.9793,33.6908,1000,1,1,1744423781,1744423781,0
LTE,410,4,5056,2370316,0,72.9793,33.6908,1000,1,1,1744423886,1744423886,0
LTE,410,6,12276,222763621,0,68.3442,28.3851,1000,1,1,1742840653,1742840653,0
LTE,410,1,50828,37233941,0,68.3612,28.3942,13719,11,1,1742841585,1769078236,0
LTE,410,1,50828,37233929,0,68.3441,28.3851,1000,1,1,1742841535,1742841535,0
LTE,410,1,10828,35445,0,68.3441,28.3851,1000,1,1,1742841545,1742841545,0
LTE,410,1,50828,37233931,0,68.3496,28.3786,1000,1,1,1742844924,1742844924,0
LTE,410,4,5042,774145,-1,73.1301,33.6348,1000,3,1,1744515070,1758977162,0
LTE,410,4,5035,2446081,-1,73.0286,33.7153,1000,3,1,1744525726,1744545662,0
UMTS,410,3,31069,1063013,222,67.1331,24.967,1000,2,1,1744585491,1744606335,0
UMTS,410,3,31069,1098013,246,67.1331,24.967,1000,2,1,1744585491,1744606335,0
LTE,410,3,10691,37090819,-1,67.133,24.967,1000,2,1,1744585491,1744638901,0
LTE,410,6,12030,208852071,-1,67.1329,24.9669,1000,9,1,1744589772,1748984581,0
LTE,410,4,33,567060,-1,67.1321,24.9631,3449,9,1,1744590275,1749568624,0
LTE,410,4,33,15948291,-1,67.134,24.9643,3613,30,1,1744620985,1749568624,0
LTE,410,6,12030,208851971,-1,67.1329,24.967,500,26,1,1744623273,1748187121,0
LTE,410,3,30482,31964930,-1,74.212,31.4419,1000,5,1,1744722571,1744736762,0
LTE,410,3,30482,31964161,-1,74.2103,31.4352,1000,15,1,1744734876,1764075424,0
LTE,410,6,12030,220454501,-1,67.1324,24.967,1000,8,1,1744769779,1748167021,0
LTE,410,4,33,15524415,-1,67.1326,24.967,1000,15,1,1744771099,1749271263,0
LTE,410,4,33,15948351,-1,67.1325,24.9674,1000,6,1,1744772525,1749271265,0
LTE,410,4,33,567150,-1,67.1328,24.9672,1000,3,1,1744779173,1745061004,0
LTE,410,4,33,15759622,-1,67.1329,24.967,1000,6,1,1744781243,1749271263,0
UMTS,410,6,2030,8473667,68,67.133,24.967,1000,14,1,1744785183,1749271266,0
UMTS,410,3,31008,945491,21,68.352,25.3832,1000,1,1,1742500863,1742500863,0
UMTS,410,3,31008,936900,88,68.352,25.3832,1000,1,1,1742500863,1742500863,0
UMTS,410,3,31008,931900,263,68.352,25.3832,1000,1,1,1742500863,1742500863,0
LTE,410,4,2011,18435,-1,68.352,25.3832,1000,1,1,1742500863,1742500863,0
LTE,410,4,2014,753983,-1,68.352,25.3832,1000,1,1,1742500884,1742500884,0
UMTS,410,3,31008,950484,29,68.352,25.3832,1000,1,1,1742500944,1742500944,0
LTE,410,7,50539,32452098,-1,74.2636,31.3946,1000,3,1,1744986225,1744988226,0
UMTS,410,6,2004,8466035,138,67.1333,24.9645,3623,19,1,1745027175,1749448326,0
LTE,410,6,12004,212347649,-1,67.1328,24.9673,1000,6,1,1745027255,1747669922,0
LTE,410,6,12004,212347749,-1,67.1312,24.9603,3071,5,1,1745027265,1747669922,0
LTE,410,6,12003,212349541,-1,67.1316,24.9668,1000,2,1,1745027295,1745061004,0
LTE,410,4,33,15639044,-1,67.1319,24.9626,3342,7,1,1745027495,1749271266,0
LTE,410,4,25,15504642,-1,67.1328,24.967,1000,1,1,1745027635,1745027635,0
LTE,410,6,12003,212349441,-1,67.1303,24.9666,1000,1,1,1745027865,1745027865,0
GSM,410,6,230,11891,-1,67.1315,24.967,1000,2,1,1745030055,1745061004,0
LTE,410,4,33,15812610,-1,67.1328,24.9671,1000,5,1,1745032455,1749448326,0
LTE,410,7,50265,35945729,-1,62.3171,25.1469,2646,41,1,1745049502,1751050862,0
LTE,410,7,50265,36000518,-1,62.3188,25.1466,1000,10,1,1745049602,1751050862,0
LTE,410,7,50265,36000516,-1,62.3172,25.1548,1056,27,1,1745049652,1745081404,0
LTE,410,7,50265,35998721,-1,62.3183,25.14,1317,4,1,1745053517,1751050862,0
LTE,410,7,50265,35999767,-1,62.324,25.1827,1000,4,1,1745055844,1745081404,0
UMTS,410,3,36000,213104,129,62.3802,25.241,1000,4,1,1745056634,1745081405,0
UMTS,410,3,31012,227887,241,62.4191,25.2426,1973,44,1,1745056724,1745081406,0
UMTS,410,3,31012,219228,372,62.3979,25.2384,1000,7,1,1745056734,1745081405,0
LTE,410,3,10122,36282637,-1,62.439,25.2483,1000,17,1,1745056954,1745081406,0
UMTS,410,3,36000,238103,452,62.5303,25.2884,1000,1,1,1745058144,1745058144,0
LTE,410,4,5035,2371085,-1,73.0286,33.7157,1000,3,1,1745279737,1758977162,0
LTE,410,1,50521,33145096,-1,74.5666,32.537,1000,3,1,1745507002,1745527142,0
GSM,410,1,10521,35806,-1,74.5667,32.537,1000,2,1,1745507108,1745527142,0
LTE,410,3,10122,36282666,-1,62.5474,25.2784,1000,4,1,1745870099,1745958123,0
LTE,410,3,60001,36222721,-1,62.6208,25.3139,4061,50,1,1745870419,1750858922,0
GSM,410,1,10265,30626,-1,62.6636,25.3235,4771,12,1,1745870569,1745958127,0
LTE,410,3,60001,36215811,-1,62.6576,25.3253,3991,29,1,1745870639,1750858922,0
LTE,410,3,60001,36215810,-1,62.7425,25.3214,9257,50,1,1745871059,1750858922,0
LTE,410,3,10121,36854530,-1,62.8166,25.3155,2065,50,1,1745871269,1745958130,0
UMTS,410,3,36000,223100,100,63.4235,25.3439,1641,50,1,1745871639,1745958143,0
UMTS,410,3,36000,225571,163,62.8412,25.316,1000,4,1,1745871689,1745958130,0
UMTS,410,3,36000,223076,126,62.8432,25.3163,1000,1,1,1745871749,1745871749,0
UMTS,410,3,31012,225571,213,62.8448,25.3165,1000,3,1,1745871769,1745958130,0
GSM,410,1,20118,12141,-1,62.9464,25.3134,1000,18,1,1745872319,1745958132,0
GSM,410,1,20118,12231,-1,63.3769,25.323,4438,29,1,1745873899,1745958142,0
UMTS,410,3,36000,213098,100,63.4322,25.375,1927,42,1,1745874319,1745958144,0
UMTS,410,3,36000,223097,161,63.4552,25.4018,1563,51,1,1745874439,1745958144,0
UMTS,410,3,36000,213097,123,63.5134,25.4079,3873,51,1,1745874659,1745958145,0
LTE,410,3,60001,36220930,-1,63.5175,25.4085,2461,37,1,1745874779,1745958145,0
UMTS,410,3,36000,223096,160,63.6218,25.4319,8402,22,1,1745874929,1745958170,0
UMTS,410,3,36000,213096,160,63.66,25.4341,2192,51,1,1745875269,1745958146,0
UMTS,410,3,36000,213095,121,63.6803,25.4041,3771,21,1,1745875389,1745958146,0
UMTS,410,3,36000,223095,119,63.7472,25.3992,11804,39,1,1745875609,1745958147,0
GSM,410,1,10265,20948,-1,63.729,25.392,1000,24,1,1745875778,1745958147,0
GSM,410,1,10265,20947,-1,63.729,25.392,1000,24,1,1745875778,1745958147,0
UMTS,410,3,36000,213094,158,63.7905,25.4004,6022,44,1,1745875819,1745958147,0
UMTS,410,3,36000,223094,158,63.8413,25.4057,2001,50,1,1745875839,1745958147,0
UMTS,410,3,36000,223084,148,63.8693,25.419,1000,21,1,1745876289,1745958148,0
UMTS,410,3,36000,213093,119,63.9031,25.465,4376,23,1,1745876339,1745958148,0
UMTS,410,3,36000,223093,157,64.0262,25.5088,11336,33,1,1745876599,1745958181,0
UMTS,410,3,36000,213090,153,64.2509,25.5055,1993,50,1,1745877009,1745958183,0
UMTS,410,3,36000,223092,222,64.0929,25.5126,1656,50,1,1745877189,1745958182,0
UMTS,410,3,36000,253092,222,64.0737,25.5122,2760,13,1,1745877209,1745958181,0
UMTS,410,3,36000,213092,118,64.1554,25.5049,1820,50,1,1745877539,1745958182,0
UMTS,410,3,36000,233101,223,64.1609,25.5056,1000,6,1,1745877739,1745958182,0
LTE,410,3,60001,36219905,-1,64.1995,25.5048,1685,50,1,1745877799,1745958182,0
UMTS,410,3,36000,223090,154,64.2928,25.4893,4085,50,1,1745878129,1745958183,0
UMTS,410,3,36000,213089,115,64.3382,25.472,4239,21,1,1745878279,1745958184,0
UMTS,410,3,36000,223089,116,64.3558,25.4668,1989,47,1,1745878519,1745958184,0
LTE,410,3,60001,36218882,-1,64.4314,25.4133,9202,23,1,1745878619,1745958215,0
LTE,410,3,60001,36218881,-1,64.4728,25.3526,5588,21,1,1745879169,1745958185,0
LTE,410,3,60001,36218625,-1,64.4976,25.3218,3154,50,1,1745879389,1745958185,0
LTE,410,3,60001,36218626,-1,64.5727,25.2636,7373,27,1,1745879599,1745958186,0
LTE,410,3,60001,36218370,-1,64.6415,25.2905,2682,44,1,1745880099,1745958187,0
LTE,410,3,10122,36265729,-1,64.6272,25.2778,1000,11,1,1745880169,1745958187,0
LTE,410,3,60001,36218371,-1,64.6529,25.3006,1000,6,1,1745880289,1745958187,0
LTE,410,3,60001,36218369,-1,64.7087,25.3392,1863,50,1,1745880309,1745958189,0
UMTS,410,3,36000,213101,223,64.8666,25.37,6154,50,1,1745880879,1745958190,0
UMTS,410,3,36000,223101,164,64.9066,25.3801,1384,42,1,1745881359,1745958190,0
LTE,410,3,60002,36222211,-1,64.9362,25.39,1491,45,1,1745881489,1745958191,0
UMTS,410,3,36000,213084,110,65.0667,25.4258,5857,28,1,1745881769,1745958192,0
UMTS,410,3,36000,223083,110,65.1175,25.4416,4128,45,1,1745882219,1745958192,0
UMTS,410,3,36000,213083,147,65.1709,25.4588,3590,50,1,1745882479,1745958192,0
UMTS,410,3,36000,223082,147,65.1955,25.4648,2919,49,1,1745882599,1745958192,0
UMTS,410,3,36000,213082,147,65.2191,25.4716,1027,29,1,1745882839,1745958192,0
UMTS,410,3,36000,213091,108,65.2325,25.4689,762,25,1,1745882959,1745958193,0
UMTS,410,3,36000,223091,108,65.2389,25.4605,861,32,1,1745883059,1745958193,0
UMTS,410,3,36000,213081,107,65.2464,25.4502,1000,18,1,1745883169,1745958193,0
UMTS,410,3,36000,223081,145,65.3246,25.3914,5575,50,1,1745883309,1745958194,0
UMTS,410,3,36000,213114,105,65.33,25.402,9137,50,1,1745883329,1745958194,0
LTE,410,7,50264,37366807,-1,65.3374,25.3792,1000,7,1,1745884169,1745958194,0
UMTS,410,3,36000,233114,105,65.3539,25.3905,1698,21,1,1745884189,1745958194,0
UMTS,410,3,36000,223114,103,65.366,25.3953,1000,11,1,1745884389,1745958194,0
UMTS,410,3,36000,223113,176,65.4291,25.3883,6139,22,1,1745884429,1745958195,0
UMTS,410,3,36000,213113,175,65.4518,25.3899,1069,23,1,1745884909,1745958195,0
LTE,410,4,5056,2445068,0,73.0363,33.6855,1000,1,1,1745984531,1745984531,0
LTE,410,1,55292,35800321,-1,71.8824,29.9563,1000,1,1,1741434203,1741434203,0
LTE,410,1,55292,34489110,-1,71.8824,29.9563,1000,1,1,1741434134,1741434134,0
LTE,410,3,10602,36757250,-1,67.1978,24.8386,1000,1,1,1746043164,1746043164,0
LTE,410,4,50001,1205506,-1,73.0929,31.4249,2943,6,1,1745920741,1746389769,0
UMTS,410,4,43001,28322945,56,73.0952,31.4252,2910,4,1,1745930178,1746389769,0
LTE,410,4,50001,1458944,-1,73.0913,31.4212,3214,3,1,1745945050,1746389769,0
LTE,410,4,50001,1751809,-1,73.0952,31.4252,2910,4,1,1745945090,1746389769,0
LTE,410,4,50001,1751820,-1,73.1003,31.4259,3349,3,1,1745945280,1746389769,0
LTE,410,4,50001,10290945,-1,73.1003,31.4259,3349,3,1,1745945330,1746389771,0
LTE,410,4,50001,1625445,-1,73.123,31.4314,1000,1,1,1745945380,1745945380,0
LTE,410,4,50001,1618542,-1,73.123,31.4314,1000,1,1,1745945390,1745945390,0
LTE,410,4,50001,10651238,-1,73.123,31.4314,1000,1,1,1745945400,1745945400,0
LTE,410,4,50001,1618543,-1,73.123,31.4314,1000,1,1,1745945420,1745945420,0
LTE,410,4,50001,1618434,-1,73.123,31.4314,1000,1,1,1745945440,1745945440,0
LTE,410,4,50001,10270988,-1,73.123,31.4314,1000,1,1,1745945452,1745945452,0
LTE,410,4,50001,10270978,-1,73.123,31.4314,1000,1,1,1745945472,1745945472,0
LTE,410,4,50001,1384193,-1,73.123,31.4314,1000,1,1,1745945502,1745945502,0
LTE,410,4,50001,1037668,-1,73.123,31.4314,1000,1,1,1745945562,1745945562,0
LTE,410,4,50001,10307438,-1,73.123,31.4314,1000,1,1,1745945582,1745945582,0
LTE,410,4,50001,1385473,-1,73.123,31.4314,1000,1,1,1745945623,1745945623,0
LTE,410,4,50001,1385483,-1,73.123,31.4314,1000,1,1,1745945633,1745945633,0
LTE,410,4,50001,1497611,-1,73.123,31.4314,1000,1,1,1745945669,1745945669,0
LTE,410,4,50001,1385216,-1,73.123,31.4314,1000,1,1,1745945689,1745945689,0
LTE,410,4,50001,1385217,-1,73.123,31.4314,1000,1,1,1745945703,1745945703,0
LTE,410,4,50001,1385227,-1,73.123,31.4314,1000,1,1,1745945714,1745945714,0
LTE,410,4,50001,10648577,-1,73.123,31.4314,1000,1,1,1745945763,1745945763,0
LTE,410,4,50001,1090570,-1,73.123,31.4314,1000,1,1,1745945862,1745945862,0
LTE,410,4,50001,1090561,-1,73.123,31.4314,1000,1,1,1745945922,1745945922,0
LTE,410,4,50001,10648678,-1,73.123,31.4314,1000,1,1,1745945972,1745945972,0
LTE,410,4,50001,1090571,-1,73.123,31.4314,1000,1,1,1745945985,1745945985,0
LTE,410,4,50001,1090671,-1,73.123,31.4314,1000,1,1,1745946002,1745946002,0
LTE,410,4,50001,1189889,-1,73.123,31.4314,1000,1,1,1745946012,1745946012,0
LTE,410,4,50001,11082094,-1,73.123,31.4314,1000,1,1,1745946106,1745946106,0
LTE,410,4,50001,11081985,-1,73.123,31.4314,1000,1,1,1745946136,1745946136,0
LTE,410,4,50001,1189989,-1,73.123,31.4314,1000,1,1,1745946610,1745946610,0
LTE,410,4,50001,1090670,-1,73.123,31.4314,1000,1,1,1745947026,1745947026,0
LTE,410,4,50001,11023370,-1,73.123,31.4314,1000,1,1,1745947046,1745947046,0
LTE,410,4,50001,1497601,-1,73.123,31.4314,1000,1,1,1745947212,1745947212,0
LTE,410,4,50001,1497600,-1,73.123,31.4314,1000,1,1,1745947223,1745947223,0
LTE,410,4,50001,1385482,-1,73.123,31.4314,1000,1,1,1745947293,1745947293,0
LTE,410,4,50001,1037568,-1,73.123,31.4314,1000,1,1,1745947353,1745947353,0
LTE,410,4,50001,1618444,-1,73.123,31.4314,1000,1,1,1745947546,1745947546,0
LTE,410,4,50001,1383427,-1,73.123,31.4314,1000,1,1,1745947555,1745947555,0
LTE,410,4,50001,1618432,-1,73.123,31.4314,1000,1,1,1745947566,1745947566,0
LTE,410,4,50001,10651148,-1,73.123,31.4314,1000,1,1,1745947587,1745947587,0
LTE,410,4,50001,1751920,-1,73.123,31.4314,1000,1,1,1745947627,1745947627,0
LTE,410,4,50001,1751908,-1,73.123,31.4314,1000,1,1,1745947637,1745947637,0
LTE,410,4,50001,1751808,-1,73.1003,31.4259,3349,3,1,1745947777,1746389769,0
LTE,410,4,50001,10269954,-1,73.1014,31.4272,2096,2,1,1745947895,1746211204,0
LTE,410,4,50001,1751818,-1,73.1014,31.4272,2096,2,1,1745947915,1746211204,0
LTE,410,4,50001,10269963,-1,73.0952,31.4252,2910,4,1,1745948016,1746389769,0
LTE,410,4,50001,1205504,-1,73.0934,31.4301,1505,2,1,1746012769,1746211261,0
LTE,410,4,50001,1205515,-1,73.0934,31.4301,1505,2,1,1746012840,1746211261,0
LTE,410,4,50004,1753090,-1,73.0934,31.4301,1505,2,1,1746012929,1746211261,0
LTE,410,4,50004,1753088,-1,73.0934,31.4301,1505,2,1,1746012990,1746211261,0
LTE,410,4,50004,1087757,-1,73.1069,31.4373,1000,1,1,1746013164,1746013164,0
LTE,410,4,50004,1087747,-1,73.1069,31.4373,1000,1,1,1746013174,1746013174,0
LTE,410,4,50001,1751653,-1,73.1069,31.4373,1000,1,1,1746013210,1746013210,0
LTE,410,4,50003,1752422,-1,73.0934,31.4301,1505,2,1,1746013220,1746211261,0
LTE,410,4,50003,1375746,-1,73.0934,31.4301,1505,2,1,1746013281,1746211261,0
LTE,410,4,50003,1622986,-1,73.1069,31.4373,1000,1,1,1746013304,1746013304,0
LTE,410,4,50002,1206274,-1,73.0934,31.4301,1505,2,1,1746013468,1746211261,0
LTE,410,4,50002,1618889,-1,73.0934,31.4301,1505,2,1,1746013608,1746211261,0
LTE,410,4,50002,1748225,-1,73.0934,31.4301,1505,2,1,1746013688,1746211261,0
LTE,410,4,50003,1076738,-1,73.1069,31.4373,1000,1,1,1746013728,1746013728,0
LTE,410,4,50003,1378304,-1,73.0934,31.4301,1505,2,1,1746013748,1746211261,0
LTE,410,4,50003,1378305,-1,73.0859,31.4231,2534,3,1,1746013738,1746389769,0
LTE,410,4,50003,1378159,-1,73.1069,31.4373,1000,1,1,1746013768,1746013768,0
LTE,410,4,50003,1378049,-1,73.0934,31.4301,1505,2,1,1746013788,1746211261,0
LTE,410,4,50003,1203970,-1,73.0859,31.4231,2534,3,1,1746013892,1746389769,0
LTE,410,4,50003,1203969,-1,73.0859,31.4231,2534,3,1,1746017915,1746389769,0
LTE,410,4,50003,1076736,-1,73.0859,31.4231,2534,3,1,1746019597,1746389769,0
LTE,410,4,50002,1377034,-1,73.1069,31.4373,1000,1,1,1746019639,1746019639,0
LTE,410,4,50003,1076838,-1,73.1069,31.4373,1000,1,1,1746019649,1746019649,0
LTE,410,4,50002,1748226,-1,73.089,31.4232,2313,2,1,1746019679,1746389769,0
LTE,410,4,50002,10654721,-1,73.0859,31.4231,2534,3,1,1746019709,1746389769,0
LTE,410,4,50002,10654722,-1,73.0934,31.4301,1505,2,1,1746019739,1746211261,0
LTE,410,4,50002,1376256,-1,73.0934,31.4301,1505,2,1,1746019769,1746211261,0
LTE,410,4,50003,1322241,-1,73.0859,31.4231,2534,3,1,1746019859,1746389769,0
LTE,410,4,50002,1623051,-1,73.1069,31.4373,1000,1,1,1746019839,1746019839,0
LTE,410,4,50003,1622528,-1,73.0934,31.4301,1505,2,1,1746019899,1746211261,0
LTE,410,4,50003,1622529,-1,73.0934,31.4301,1505,2,1,1746019919,1746211261,0
LTE,410,4,50003,1375744,-1,73.089,31.4232,2313,2,1,1746019959,1746389769,0
LTE,410,4,50003,10285057,-1,73.1069,31.4373,1000,1,1,1746020049,1746020049,0
LTE,410,4,50003,10285157,-1,73.1069,31.4373,1000,1,1,1746020069,1746020069,0
LTE,410,4,50002,1622273,-1,73.1069,31.4373,1000,1,1,1746020149,1746020149,0
LTE,410,4,50003,10285058,-1,73.1069,31.4373,1000,1,1,1746020119,1746020119,0
LTE,410,4,50002,1749249,-1,73.089,31.4232,2313,2,1,1746020169,1746389769,0
LTE,410,4,50002,1622283,-1,73.1069,31.4373,1000,1,1,1746020289,1746020289,0
LTE,410,4,50002,1622383,-1,73.1069,31.4373,1000,1,1,1746020299,1746020299,0
LTE,410,4,50001,1749557,-1,73.1069,31.4373,1000,1,1,1746020309,1746020309,0
LTE,410,4,50001,1749558,-1,73.1069,31.4373,1000,1,1,1746020349,1746020349,0
LTE,410,4,50001,1749565,-1,73.1069,31.4373,1000,1,1,1746020369,1746020369,0
LTE,410,4,50001,1749566,-1,73.1069,31.4373,1000,1,1,1746020389,1746020389,0
LTE,410,4,50001,1198633,-1,73.1069,31.4373,1000,1,1,1746020469,1746020469,0
LTE,410,4,50001,1551657,-1,73.089,31.4232,2313,2,1,1746020489,1746389771,0
LTE,410,4,50001,10958082,-1,73.1069,31.4373,1000,1,1,1746020589,1746020589,0
LTE,410,4,50001,1198656,-1,73.1069,31.4373,1000,1,1,1746020599,1746020599,0
LTE,410,4,50001,1198654,-1,73.1069,31.4373,1000,1,1,1746020619,1746020619,0
LTE,410,4,50001,1552446,-1,73.1069,31.4373,1000,1,1,1746020669,1746020669,0
LTE,410,4,50001,1552447,-1,73.1069,31.4373,1000,1,1,1746020659,1746020659,0
LTE,410,4,50001,10269953,-1,73.0799,31.423,1000,1,1,1746178054,1746178054,0
LTE,410,4,50004,1753100,-1,73.0799,31.423,1000,1,1,1746184240,1746184240,0
LTE,410,4,50004,10308609,-1,73.0799,31.423,1000,1,1,1746184320,1746184320,0
LTE,410,4,50004,10308610,-1,73.0799,31.423,1000,1,1,1746184330,1746184330,0
LTE,410,4,50004,10308608,-1,73.0799,31.423,1000,1,1,1746184350,1746184350,0
LTE,410,4,50004,1087746,-1,73.0799,31.423,1000,1,1,1746184370,1746184370,0
LTE,410,4,50003,1375844,-1,73.0799,31.423,1000,1,1,1746184498,1746184498,0
LTE,410,4,50003,1322240,-1,73.0799,31.423,1000,1,1,1746184640,1746184640,0
LTE,410,4,50002,1748848,-1,73.0799,31.423,1000,1,1,1746184679,1746184679,0
LTE,410,4,50002,1376356,-1,73.0799,31.423,1000,1,1,1746184750,1746184750,0
LTE,410,4,50002,10654822,-1,73.0799,31.423,1000,1,1,1746184791,1746184791,0
LTE,410,4,50002,1748324,-1,73.0799,31.423,1000,1,1,1746184831,1746184831,0
LTE,410,4,50002,1748326,-1,73.0799,31.423,1000,1,1,1746184870,1746184870,0
LTE,410,4,50003,1076837,-1,73.0799,31.423,1000,1,1,1746184951,1746184951,0
LTE,410,4,50003,1204080,-1,73.0799,31.423,1000,1,1,1746188655,1746188655,0
LTE,410,4,50003,1204069,-1,73.0799,31.423,1000,1,1,1746188685,1746188685,0
LTE,410,4,50003,1204070,-1,73.0799,31.423,1000,1,1,1746188715,1746188715,0
LTE,410,4,50003,1378058,-1,73.0799,31.423,1000,1,1,1746188785,1746188785,0
LTE,410,4,50002,1748747,-1,73.0799,31.423,1000,1,1,1746189135,1746189135,0
LTE,410,4,50003,1622784,-1,73.0799,31.423,1000,1,1,1746189275,1746189275,0
LTE,410,4,50003,1287229,-1,73.0799,31.423,1000,1,1,1746189305,1746189305,0
LTE,410,4,50003,1287222,-1,73.0799,31.423,1000,1,1,1746189345,1746189345,0
LTE,410,4,50003,1287221,-1,73.0799,31.423,1000,1,1,1746189365,1746189365,0
LTE,410,4,50003,1189439,-1,73.0799,31.423,1000,1,1,1746189385,1746189385,0
LTE,410,4,50003,1379274,-1,73.0799,31.423,1000,1,1,1746189405,1746189405,0
LTE,410,4,50003,1189429,-1,73.0799,31.423,1000,1,1,1746189425,1746189425,0
LTE,410,4,50003,1623552,-1,73.0799,31.423,1000,1,1,1746189445,1746189445,0
LTE,410,4,50003,1087233,-1,73.0799,31.423,1000,1,1,1746189485,1746189485,0
LTE,410,4,50003,1189428,-1,73.0799,31.423,1000,1,1,1746189615,1746189615,0
LTE,410,4,50003,10309121,-1,73.0799,31.423,1000,1,1,1746189635,1746189635,0
LTE,410,4,50003,1189528,-1,73.0799,31.423,1000,1,1,1746189749,1746189749,0
LTE,410,4,50001,1205249,-1,73.0711,31.4091,1000,1,1,1746236201,1746236201,0
LTE,410,4,50001,10310345,-1,73.0711,31.4091,1000,1,1,1746236462,1746236462,0
LTE,410,4,50001,1205350,-1,73.0711,31.4091,1000,1,1,1746237832,1746237832,0
LTE,410,4,50001,1205349,-1,73.0711,31.4091,1000,1,1,1746237855,1746237855,0
UMTS,410,4,43001,28322934,56,73.0711,31.4091,1000,1,1,1746237865,1746237865,0
UMTS,410,4,43001,28322935,55,73.0711,31.4091,1000,1,1,1746237879,1746237879,0
LTE,410,4,50001,10315721,-1,73.0711,31.4091,1000,1,1,1746238270,1746238270,0
LTE,410,4,50001,10336968,-1,73.0711,31.4091,1000,1,1,1746238360,1746238360,0
LTE,410,4,50001,10651136,-1,73.0711,31.4091,1000,1,1,1746238390,1746238390,0
LTE,410,4,50001,1751810,-1,73.0711,31.4091,1000,1,1,1746238470,1746238470,0
LTE,410,4,50001,1552129,-1,73.0711,31.4091,1000,1,1,1746282648,1746282648,0
UMTS,410,4,43001,28323974,127,73.0711,31.4091,1000,1,1,1746285817,1746285817,0
LTE,410,4,50001,1749655,-1,73.0711,31.4091,1000,1,1,1746285827,1746285827,0
LTE,410,4,50001,1749504,-1,73.0711,31.4091,1000,1,1,1746285888,1746285888,0
LTE,410,4,50001,1749568,-1,73.0711,31.4091,1000,1,1,1746285931,1746285931,0
LTE,410,4,50001,1206016,-1,73.0711,31.4091,1000,1,1,1746286029,1746286029,0
LTE,410,4,50002,1089034,-1,73.0711,31.4091,1000,1,1,1746286122,1746286122,0
LTE,410,4,50002,1387777,-1,73.0711,31.4091,1000,1,1,1746286237,1746286237,0
LTE,410,4,50002,1382401,-1,73.0711,31.4091,1000,1,1,1746286277,1746286277,0
LTE,410,4,50002,1382400,-1,73.0711,31.4091,1000,1,1,1746286319,1746286319,0
LTE,410,4,50002,1559298,-1,73.0711,31.4091,1000,1,1,1746286669,1746286669,0
LTE,410,4,50002,1201922,-1,73.0711,31.4091,1000,1,1,1746286679,1746286679,0
LTE,410,4,50002,10656318,-1,73.0711,31.4091,1000,1,1,1746286689,1746286689,0
LTE,410,4,50002,1201932,-1,73.0711,31.4091,1000,1,1,1746286829,1746286829,0
LTE,410,4,50002,1201921,-1,73.0711,31.4091,1000,1,1,1746286839,1746286839,0
LTE,410,4,50002,10656319,-1,73.0711,31.4091,1000,1,1,1746286859,1746286859,0
LTE,410,4,50002,10656320,-1,73.0711,31.4091,1000,1,1,1746286949,1746286949,0
LTE,410,4,50002,1387776,-1,73.0711,31.4091,1000,1,1,1746286989,1746286989,0
LTE,410,4,50001,1384814,-1,73.0711,31.4091,1000,1,1,1746287219,1746287219,0
LTE,410,4,50001,1384804,-1,73.0711,31.4091,1000,1,1,1746287379,1746287379,0
LTE,410,4,50001,1198743,-1,73.0711,31.4091,1000,1,1,1746287399,1746287399,0
LTE,410,4,50001,1198733,-1,73.0711,31.4091,1000,1,1,1746287419,1746287419,0
LTE,410,4,50001,1198735,-1,73.0711,31.4091,1000,1,1,1746287429,1746287429,0
LTE,410,4,50001,1551759,-1,73.0711,31.4091,1000,1,1,1746287459,1746287459,0
LTE,410,4,50001,1749666,-1,73.0711,31.4091,1000,1,1,1746287479,1746287479,0
LTE,410,4,50001,1036133,-1,73.0711,31.4091,1000,1,1,1746287499,1746287499,0
LTE,410,4,50001,1749665,-1,73.0711,31.4091,1000,1,1,1746287509,1746287509,0
LTE,410,4,50001,1749667,-1,73.0711,31.4091,1000,1,1,1746287559,1746287559,0
LTE,410,4,50001,1749668,-1,73.0711,31.4091,1000,1,1,1746287579,1746287579,0
LTE,410,4,50002,1202433,-1,73.0711,31.4091,1000,1,1,1746287599,1746287599,0
LTE,410,4,50002,1202442,-1,73.0711,31.4091,1000,1,1,1746287741,1746287741,0
LTE,410,4,50002,1051907,-1,73.0711,31.4091,1000,1,1,1746287755,1746287755,0
LTE,410,4,50002,1051905,-1,73.0711,31.4091,1000,1,1,1746287795,1746287795,0
LTE,410,4,50002,1748481,-1,73.0711,31.4091,1000,1,1,1746287825,1746287825,0
LTE,410,4,50002,11036417,-1,73.0711,31.4091,1000,1,1,1746287865,1746287865,0
LTE,410,4,50002,1201665,-1,73.0711,31.4091,1000,1,1,1746287896,1746287896,0
LTE,410,4,50002,1386853,-1,73.0711,31.4091,1000,1,1,1746287966,1746287966,0
LTE,410,4,50001,1551680,-1,73.0711,31.4091,1000,1,1,1746288327,1746288327,0
LTE,410,4,50001,1198753,-1,73.0711,31.4091,1000,1,1,1746288367,1746288367,0
LTE,410,4,50001,1551757,-1,73.0711,31.4091,1000,1,1,1746288377,1746288377,0
LTE,410,4,50001,1198756,-1,73.0711,31.4091,1000,1,1,1746288387,1746288387,0
LTE,410,4,50001,1198754,-1,73.0711,31.4091,1000,1,1,1746288397,1746288397,0
LTE,410,4,50001,1552546,-1,73.0711,31.4091,1000,1,1,1746288457,1746288457,0
LTE,410,4,50001,1552545,-1,73.0711,31.4091,1000,1,1,1746288477,1746288477,0
LTE,410,4,50001,10651236,-1,73.0711,31.4091,1000,1,1,1746288497,1746288497,0
LTE,410,4,50001,1205606,-1,73.0711,31.4091,1000,1,1,1746343496,1746343496,0
LTE,410,7,50249,37123841,-1,67.1224,24.9193,1000,1,1,1746442541,1746442541,0
GSM,410,6,140,42231,-1,70.5076,28.5058,1000,5,1,1746793977,1746857472,0
UMTS,410,3,33048,1219509,-1,74.2041,31.4395,1000,1,1,1747069480,1747069480,0
LTE,410,3,30482,31964419,-1,74.2108,31.4358,1000,10,1,1746993707,1763730601,0
LTE,410,3,30482,31964418,-1,74.213,31.438,1000,2,1,1746993808,1747069502,0
LTE,410,3,30482,31964162,-1,74.2139,31.4331,1000,6,1,1746995372,1747852022,0
LTE,410,1,50144,32216577,0,74.4689,31.6014,1000,1,1,1747456772,1747456772,0
LTE,410,4,33,15491846,-1,67.1296,24.9376,3312,7,1,1747632074,1749568624,0
LTE,410,6,12001,220256259,-1,67.1278,24.9325,1000,4,1,1747632170,1748984582,0
LTE,410,4,33,19973,-1,67.1291,24.9348,3598,15,1,1747633419,1749568624,0
LTE,410,4,32,15373829,-1,67.1313,24.9392,3121,9,1,1747633429,1749568624,0
LTE,410,4,33,15641858,-1,67.1288,24.9354,3533,11,1,1747633919,1749568622,0
LTE,410,4,33,15492099,-1,67.1297,24.9353,3564,21,1,1747634079,1749568625,0
LTE,410,4,33,473092,-1,67.1307,24.9499,1917,2,1,1747637044,1747979642,0
LTE,410,6,12001,220256257,-1,67.1283,24.9328,1000,1,1,1747637154,1747637154,0
LTE,410,4,33,15492097,-1,67.1309,24.9445,2540,6,1,1747637154,1749568624,0
LTE,410,4,33,473093,-1,67.1357,24.9497,2070,9,1,1747637204,1749568624,0
LTE,410,6,12030,208177411,-1,67.1283,24.9328,1000,1,1,1747637214,1747637214,0
LTE,410,6,12030,220255491,-1,67.1283,24.9328,1000,1,1,1747637224,1747637224,0
LTE,410,4,33,473094,-1,67.1325,24.9473,2232,5,1,1747638825,1749448326,0
LTE,410,4,33,15555588,-1,67.1283,24.9328,1000,1,1,1747638875,1747638875,0
LTE,410,6,12030,220255489,-1,67.1283,24.9328,1000,1,1,1747638895,1747638895,0
LTE,410,6,50249,35861507,-1,67.1283,24.9328,1000,1,1,1747639065,1747639065,0
LTE,410,6,12030,208177511,-1,67.1283,24.9328,1000,1,1,1747639125,1747639125,0
LTE,410,4,33,15491843,-1,67.1314,24.9337,1000,4,1,1747639125,1749448326,0
LTE,410,6,12030,208177510,-1,67.1283,24.9328,1000,1,1,1747639145,1747639145,0
LTE,410,4,33,15491842,-1,67.131,24.9534,2319,5,1,1747639145,1749448326,0
LTE,410,4,33,15491841,-1,67.1284,24.9327,1000,2,1,1747639185,1748984583,0
LTE,410,4,33,370178,-1,67.1324,24.9341,1000,3,1,1747639205,1749448323,0
LTE,410,6,12030,220282215,-1,67.1283,24.9328,1000,1,1,1747639225,1747639225,0
LTE,410,4,33,370179,-1,67.1324,24.9341,1000,3,1,1747639235,1749448323,0
LTE,410,6,12030,220258151,-1,67.1283,24.9328,1000,1,1,1747639265,1747639265,0
LTE,410,4,33,674818,-1,67.1314,24.9337,1000,4,1,1747639265,1749448326,0
LTE,410,6,12030,220258150,-1,67.1283,24.9328,1000,1,1,1747639285,1747639285,0
LTE,410,4,33,674821,-1,67.1314,24.9337,1000,4,1,1747639285,1749448326,0
LTE,410,4,33,674819,-1,67.1314,24.9337,1000,4,1,1747639305,1749448326,0
LTE,410,4,33,15423746,-1,67.1309,24.9334,1057,5,1,1747639335,1749448323,0
LTE,410,6,12003,212349543,-1,67.1283,24.9328,1000,1,1,1747639365,1747639365,0
LTE,410,4,33,15423749,-1,67.1314,24.9337,1000,4,1,1747639385,1749448326,0
LTE,410,6,12003,212349542,-1,67.1283,24.9328,1000,1,1,1747639425,1747639425,0
LTE,410,4,33,15423747,-1,67.1283,24.9328,1000,1,1,1747639455,1747639455,0
LTE,410,4,33,15423750,-1,67.1338,24.9458,2438,3,1,1747639475,1749448323,0
LTE,410,6,12051,212374118,-1,67.1301,24.9501,1933,2,1,1747639495,1747669922,0
LTE,410,4,33,15639045,-1,67.1283,24.9328,1000,1,1,1747639495,1747639495,0
LTE,410,4,33,15639042,-1,67.1325,24.934,1000,3,1,1747639525,1749448326,0
UMTS,410,6,2030,8468035,102,67.1331,24.9673,1000,22,1,1747639915,1749271271,0
LTE,410,4,25,15504645,-1,67.1334,24.9681,1000,11,1,1747645862,1749448323,0
LTE,410,4,33,15505155,-1,67.1326,24.9673,1000,5,1,1747645872,1749271265,0
LTE,410,4,33,121094,-1,67.133,24.9671,1000,1,1,1747645952,1747645952,0
LTE,410,6,12004,208795650,-1,67.133,24.9671,1000,1,1,1747646052,1747646052,0
LTE,410,6,12030,220258149,-1,67.133,24.9671,1000,1,1,1747646202,1747646202,0
LTE,410,4,25,15689217,-1,67.1189,24.9668,1425,3,1,1747646993,1786887423,0
LTE,410,6,12030,212330853,-1,67.133,24.967,1000,2,1,1747647912,1747669922,0
LTE,410,1,50176,32118531,-1,74.2554,31.4667,1000,1,1,1747686281,1747686281,0
LTE,410,1,50176,32451842,-1,74.2554,31.4667,1000,1,1,1747686001,1747686001,0
UMTS,410,6,2030,8465556,347,67.1331,24.9669,1000,1,1,1747730041,1747730041,0
UMTS,410,6,2004,8468035,102,67.1332,24.9674,1000,4,1,1747730323,1749271265,0
UMTS,410,6,2030,8467775,199,67.1335,24.9672,1000,17,1,1747730413,1749271271,0
UMTS,410,6,2030,8467475,148,67.1337,24.9508,2087,4,1,1747730423,1749448323,0
UMTS,410,6,2004,8467775,199,67.133,24.9668,1000,1,1,1747731308,1747731308,0
UMTS,410,6,2030,8466035,138,67.1327,24.9674,1000,7,1,1747731355,1749448323,0
UMTS,410,6,2004,8467475,148,67.133,24.9671,1000,1,1,1747732520,1747732520,0
UMTS,410,6,2004,8473667,68,67.133,24.9669,1000,5,1,1747734301,1749271266,0
UMTS,410,6,2030,8468145,1,67.1373,24.9636,1017,19,1,1747734648,1749568624,0
LTE,410,1,50536,33149698,-1,73.5316,32.0967,1000,3,1,1747904010,1747924742,0
LTE,410,1,50149,33125633,-1,73.5316,32.0966,1000,2,1,1747903805,1747924141,0
LTE,410,1,50149,32248323,-1,73.5316,32.0965,1000,1,1,1747904121,1747904121,0
LTE,410,1,50536,33152769,-1,73.5316,32.0967,1000,1,1,1747904070,1747904070,0
LTE,410,1,50149,33125643,-1,73.5316,32.0966,1000,2,1,1747904220,1747924261,0
LTE,410,1,50149,30903565,-1,73.5316,32.0965,1000,1,1,1747904270,1747904270,0
UMTS,410,6,2004,8464176,10,67.1331,24.959,3017,8,1,1747948601,1749448326,0
LTE,410,4,33,15524354,-1,67.1363,24.9646,1000,6,1,1747951355,1749568624,0
LTE,410,4,33,15984131,-1,67.1415,24.9606,1166,13,1,1747951385,1749568624,0
LTE,410,4,33,15984130,-1,67.1423,24.96,1279,15,1,1747951405,1749568624,0
UMTS,410,6,2030,8465557,355,67.1328,24.9671,1000,2,1,1747951415,1749448326,0
UMTS,410,6,2030,8468705,387,67.1423,24.9599,1283,10,1,1747951445,1749568624,0
UMTS,410,6,2030,8466337,18,67.1417,24.9604,1144,4,1,1747951505,1749568624,0
LTE,410,4,33,16038914,-1,67.1355,24.9652,1000,2,1,1747951505,1749271271,0
UMTS,410,6,2030,8467776,207,67.1364,24.9644,1437,4,1,1747951515,1749568624,0
LTE,410,4,33,15505154,-1,67.1367,24.9642,1398,5,1,1747951515,1749568624,0
UMTS,410,6,2030,8473266,134,67.1363,24.9492,2051,5,1,1747951535,1749568624,0
LTE,410,4,33,15758595,-1,67.1381,24.9632,1218,6,1,1747951535,1749568624,0
LTE,410,4,33,15491844,-1,67.1381,24.9631,1213,5,1,1747951565,1749568624,0
UMTS,410,6,2030,8473265,126,67.1353,24.9558,2658,4,1,1747951615,1749568624,0
LTE,410,4,33,15555590,-1,67.133,24.967,1000,1,1,1747951685,1747951685,0
UMTS,410,6,2030,8467635,363,67.1336,24.951,2145,4,1,1747951705,1749448326,0
UMTS,410,6,2030,8467637,379,67.1355,24.9469,2296,11,1,1747951745,1749568624,0
UMTS,410,6,2030,8467636,371,67.1382,24.9582,2379,5,1,1747951765,1749568624,0
LTE,410,4,33,15555589,-1,67.1307,24.9368,3393,19,1,1747951943,1749568625,0
UMTS,410,6,2030,8473267,142,67.1293,24.9394,3124,5,1,1747952493,1749568625,0
LTE,410,4,33,15491906,-1,67.1285,24.9323,1000,5,1,1747956236,1749568625,0
LTE,410,4,33,15641918,-1,67.1283,24.9322,1000,6,1,1747956396,1749568625,0
UMTS,410,6,2001,8473267,142,67.1285,24.9323,1000,9,1,1747957576,1749568623,0
UMTS,410,6,2030,8468707,403,67.129,24.9367,3418,8,1,1747957626,1749568623,0
UMTS,410,3,32048,1412399,252,71.4274,33.9508,1000,15,1,1747981503,1750628043,0
LTE,410,4,33,15512833,-1,67.1291,24.9325,1000,9,1,1747961433,1749568623,0
UMTS,410,6,2001,8469937,428,67.1285,24.9323,1000,1,1,1747961713,1747961713,0
UMTS,410,6,2001,8468707,403,67.1284,24.9323,1000,3,1,1747966254,1749568624,0
LTE,410,4,32,15373826,-1,67.1325,24.9388,2463,4,1,1747966935,1749448324,0
LTE,410,4,32,15373828,-1,67.1285,24.9325,1000,2,1,1747966975,1749568624,0
LTE,410,4,4022,15673090,-1,67.1285,24.9325,1000,2,1,1747967075,1749568624,0
UMTS,410,6,2001,8478186,273,67.1285,24.9323,1000,1,1,1747967695,1747967695,0
LTE,410,7,50176,32451842,-1,74.2554,31.4667,1000,1,1,1748032371,1748032371,0
LTE,410,6,12030,220380163,-1,67.133,24.9669,1000,5,1,1748140624,1748167022,0
LTE,410,1,50219,35878402,0,68.3688,25.3783,1000,1,1,1748764855,1748764855,0
LTE,410,1,50219,35878403,0,68.3688,25.3783,1000,1,1,1748764862,1748764862,0
LTE,410,6,12051,212374018,-1,67.133,24.9669,1000,4,1,1748179098,1748984581,0
LTE,410,6,12030,220454145,-1,67.1329,24.9669,1000,2,1,1748179768,1748984581,0
LTE,410,4,32,15556877,-1,67.1274,24.9325,1000,2,1,1748222884,1748984582,0
LTE,410,4,32,11012,-1,67.1176,24.9298,1000,5,1,1748223044,1748984582,0
LTE,410,6,12002,220253286,-1,67.1208,24.9311,1000,2,1,1748223201,1748984582,0
LTE,410,4,32,15446031,-1,67.1263,24.9329,1000,1,1,1748223221,1748223221,0
LTE,410,4,32,15644161,-1,67.1094,24.9308,1000,4,1,1748223303,1786887424,0
LTE,410,6,12002,220253698,-1,67.1154,24.9291,1000,4,1,1748223364,1748984582,0
LTE,410,4,32,15556879,-1,67.1154,24.9291,1000,1,1,1748223392,1748223392,0
LTE,410,4,4022,15665922,-1,67.1155,24.929,1000,2,1,1748223725,1748984582,0
LTE,410,4,4022,15665982,-1,67.1155,24.929,1000,1,1,1748225135,1748225135,0
UMTS,410,6,2030,8468587,403,67.131,24.9399,3056,8,1,1748948479,1749568623,0
UMTS,410,6,2030,8468146,403,67.1294,24.9393,3097,5,1,1748949350,1749568623,0
UMTS,410,6,2001,8467425,271,67.1284,24.9327,1000,1,1,1748955993,1748955993,0
LTE,410,4,33,472838,-1,67.1284,24.9325,1000,2,1,1748956082,1749448323,0
UMTS,410,6,2001,8467637,379,67.1284,24.9325,1000,2,1,1748956092,1749448323,0
UMTS,410,6,2001,8467635,363,67.1284,24.9327,1000,1,1,1748956202,1748956202,0
UMTS,410,6,2001,8473266,134,67.1284,24.9327,1000,1,1,1748956242,1748956242,0
UMTS,410,6,2030,8467447,330,67.1345,24.9348,1000,2,1,1748956342,1749448323,0
UMTS,410,6,2030,8467476,156,67.1325,24.9339,1000,3,1,1748956392,1749448326,0
UMTS,410,6,2030,8467477,164,67.1325,24.9339,1000,3,1,1748956432,1749448326,0
UMTS,410,6,2030,8465516,40,67.13,24.9443,2747,6,1,1748956572,1749448326,0
UMTS,410,6,2030,8465517,238,67.1325,24.9339,1000,3,1,1748956582,1749448326,0
LTE,410,1,50845,47689987,-1,69.8001,28.184,1000,1,1,1749086565,1749086565,0
LTE,410,1,50845,47689997,-1,69.8002,28.1843,1000,1,1,1749086586,1749086586,0
UMTS,410,6,2030,8464176,10,67.132,24.9672,1000,4,1,1749028393,1749271265,0
UMTS,410,6,2030,8464175,2,67.1318,24.9674,1000,5,1,1749028413,1749271265,0
UMTS,410,4,60402,39614386,238,67.1324,24.9671,1000,1,1,1749031590,1749031590,0
UMTS,410,6,2004,8468145,1,67.1332,24.9611,3243,10,1,1749109586,1749448326,0
UMTS,410,6,2004,8464175,2,67.1325,24.9676,1000,5,1,1749111009,1749448323,0
UMTS,410,4,60402,39614311,444,67.1324,24.9677,1000,1,1,1749113300,1749113300,0
UMTS,410,6,2004,8465516,40,67.133,24.9682,1000,2,1,1749113577,1749271266,0
GSM,410,4,764,52494,-1,67.1324,24.9677,1000,1,1,1749113435,1749113435,0
GSM,410,4,764,31983,-1,67.1324,24.9677,1000,1,1,1749113534,1749113534,0
GSM,410,4,6043,55659,-1,67.1324,24.9677,1000,1,1,1749113613,1749113613,0
GSM,410,4,764,3788,-1,67.1324,24.9677,1000,1,1,1749113689,1749113689,0
GSM,410,4,6043,4260,-1,67.1324,24.9677,1000,1,1,1749113750,1749113750,0
GSM,410,4,764,4827,-1,67.1324,24.9677,1000,1,1,1749113761,1749113761,0
GSM,410,4,6043,97,-1,67.1324,24.9677,1000,1,1,1749114071,1749114071,0
UMTS,410,4,60403,39584208,0,67.1324,24.9677,1000,1,1,1749114229,1749114229,0
UMTS,410,4,60402,39588246,285,67.1324,24.9677,1000,1,1,1749114239,1749114239,0
UMTS,410,4,60401,39621774,39,67.1324,24.9677,1000,1,1,1749114555,1749114555,0
UMTS,410,4,60401,39588246,285,67.1324,24.9677,1000,1,1,1749114585,1749114585,0
UMTS,410,4,60401,39588554,116,67.1324,24.9677,1000,1,1,1749114635,1749114635,0
UMTS,410,4,60401,39646593,16,67.1324,24.9677,1000,1,1,1749114645,1749114645,0
UMTS,410,4,60403,39588246,285,67.1324,24.9677,1000,1,1,1749114705,1749114705,0
UMTS,410,4,60403,39646593,16,67.1324,24.9677,1000,1,1,1749114962,1749114962,0
LTE,410,4,25,15639809,-1,67.1336,24.9688,1000,1,1,1749115426,1749115426,0
UMTS,410,6,2030,8472745,0,67.1336,24.9688,1000,1,1,1749115794,1749115794,0
UMTS,410,6,2030,8465515,38,67.1336,24.9688,1000,1,1,1749116240,1749116240,0
UMTS,410,6,2003,8465515,38,67.1336,24.9688,1000,1,1,1749116316,1749116316,0
UMTS,410,6,2003,8468035,102,67.1336,24.9688,1000,1,1,1749116469,1749116469,0
UMTS,410,6,2003,8466035,138,67.1336,24.9688,1000,1,1,1749116639,1749116639,0
UMTS,410,6,2004,8465515,38,67.131,24.9505,2048,2,1,1749116650,1749448326,0
UMTS,410,6,2004,8492306,15,67.1341,24.9691,1000,1,1,1749127985,1749127985,0
UMTS,410,6,2030,8468147,17,67.142,24.9602,1237,29,1,1749141394,1749568624,0
UMTS,410,6,2030,8467706,61,67.1326,24.9674,1000,1,1,1749186819,1749186819,0
UMTS,410,6,2030,8467777,235,67.1284,24.9322,1000,6,1,1749193763,1749568625,0
LTE,410,4,32,15373886,-1,67.1284,24.9326,1000,5,1,1749201243,1749448323,0
UMTS,410,6,2030,8468586,227,67.1283,24.9322,1000,2,1,1749206535,1749271269,0
LTE,410,4,32,15446030,-1,67.1284,24.9323,1000,3,1,1749213828,1749568622,0
UMTS,410,6,2003,8465516,40,67.1283,24.9325,1000,6,1,1749214148,1749271270,0
UMTS,410,6,2003,8468707,403,67.1283,24.9323,1000,4,1,1749214168,1749271270,0
UMTS,410,6,2003,8473267,142,67.1283,24.9326,1000,4,1,1749214308,1749271270,0
UMTS,410,6,2003,8468146,9,67.1283,24.9323,1000,1,1,1749214358,1749214358,0
UMTS,410,6,2003,8468587,235,67.1283,24.9327,1000,1,1,1749214528,1749214528,0
LTE,410,4,33,370189,-1,67.138,24.9634,1000,1,1,1749244951,1749244951,0
LTE,410,4,33,15758594,-1,67.138,24.9634,1000,1,1,1749244991,1749244991,0
LTE,410,4,33,556546,-1,67.138,24.9634,1000,1,1,1749245061,1749245061,0
LTE,410,4,33,10754,-1,67.138,24.9634,1000,1,1,1749245101,1749245101,0
LTE,410,4,33,891906,-1,67.138,24.9634,1000,1,1,1749245218,1749245218,0
LTE,410,4,33,891909,-1,67.138,24.9634,1000,1,1,1749245229,1749245229,0
UMTS,410,6,2001,8467426,279,67.1285,24.9323,1000,5,1,1749256922,1749568624,0
UMTS,410,4,60402,39597338,0,67.1284,24.9322,1000,1,1,1749266875,1749266875,0
UMTS,410,6,2003,8465517,238,67.1345,24.9346,1000,2,1,1749278623,1749448326,0
UMTS,410,6,2003,8464176,10,67.1406,24.9369,1000,1,1,1749279122,1749279122,0
LTE,410,4,25,15504641,-1,67.1329,24.9669,1000,1,1,1749289367,1749289367,0
UMTS,410,6,2004,8466037,440,67.1329,24.9669,1000,1,1,1749289387,1749289387,0
LTE,410,4,25,15504662,-1,67.1243,24.9753,1278,5,1,1749289448,1767461405,0
LTE,410,4,25,15504661,-1,67.1238,24.9761,1373,7,1,1749289487,1786887423,0
UMTS,410,6,2006,8465826,9,67.1329,24.9669,1000,1,1,1749289562,1749289562,0
UMTS,410,6,2006,8465836,422,67.1329,24.9669,1000,1,1,1749289597,1749289597,0
UMTS,410,6,2006,8465816,317,67.1329,24.9669,1000,1,1,1749289659,1749289659,0
LTE,410,4,36,15681026,-1,67.1329,24.9669,1000,1,1,1749289659,1749289659,0
LTE,410,4,25,116996,-1,67.1329,24.9669,1000,1,1,1749289679,1749289679,0
LTE,410,4,25,116994,-1,67.1329,24.9669,1000,1,1,1749289774,1749289774,0
UMTS,410,6,2006,8465545,26,67.1329,24.9669,1000,1,1,1749289792,1749289792,0
LTE,410,4,25,15950081,-1,67.1329,24.9669,1000,1,1,1749289822,1749289822,0
LTE,410,4,25,15643394,-1,67.1329,24.9669,1000,1,1,1749289918,1749289918,0
LTE,410,4,25,15643397,-1,67.1123,24.977,2360,2,1,1749289928,1749448324,0
UMTS,410,6,2006,8465837,430,67.1014,24.982,3590,4,1,1749289938,1749448324,0
LTE,410,4,25,555269,-1,67.0995,24.983,3816,5,1,1749290038,1749448324,0
UMTS,410,6,2006,8465827,17,67.0932,24.9846,4459,9,1,1749290132,1749448324,0
LTE,410,4,22,293378,-1,67.095,24.984,4265,7,1,1749290132,1749448324,0
UMTS,410,6,2008,8492825,389,67.1329,24.9669,1000,1,1,1749290183,1749290183,0
LTE,410,4,22,324609,-1,67.0977,24.9818,3912,4,1,1749290183,1749448324,0
LTE,410,4,22,140545,-1,67.0897,24.9833,4720,6,1,1749290218,1749448324,0
UMTS,410,6,2006,8465185,30,67.1072,24.9767,2812,2,1,1749290238,1749448324,0
UMTS,410,6,2006,8465187,46,67.1034,24.9765,3161,2,1,1749290320,1749448324,0
LTE,410,4,22,229634,-1,67.1034,24.9765,3161,2,1,1749290320,1749448324,0
LTE,410,4,22,140549,-1,67.1329,24.9669,1000,1,1,1749290353,1749290353,0
UMTS,410,6,2006,8478546,249,67.081,24.9847,5598,13,1,1749290434,1749448324,0
LTE,410,4,22,77314,-1,67.1329,24.9669,1000,1,1,1749290434,1749290434,0
LTE,410,4,22,15720962,-1,67.0881,24.9813,4794,4,1,1749290489,1749448324,0
LTE,410,4,22,77317,-1,67.076,24.9833,6017,11,1,1749290523,1749448324,0
UMTS,410,6,2006,8478547,257,67.0736,24.9841,6280,21,1,1749290584,1749448324,0
LTE,410,4,22,652803,-1,67.0757,24.9829,6038,11,1,1749290584,1749448324,0
UMTS,410,6,2006,8478177,20,67.079,24.9819,5684,7,1,1749290594,1749448324,0
LTE,410,4,22,581377,-1,67.1329,24.9669,1000,1,1,1749290614,1749290614,0
LTE,410,4,22,652802,-1,67.1329,24.9669,1000,1,1,1749290643,1749290643,0
UMTS,410,6,2008,8478177,20,67.0907,24.9783,4439,3,1,1749290653,1749448324,0
UMTS,410,6,2008,8478547,257,67.0802,24.9812,5550,6,1,1749290709,1749448324,0
LTE,410,4,22,581379,-1,67.0696,24.984,1000,2,1,1749291143,1749448324,0
LTE,410,4,22,228609,-1,67.0694,24.9841,1000,3,1,1749291426,1749448324,0
UMTS,410,6,2006,8478175,4,67.0703,24.9844,1000,2,1,1749303755,1749448324,0
LTE,410,4,22,664838,-1,67.0739,24.9862,1000,1,1,1749304007,1749304007,0
LTE,410,4,22,324612,-1,67.0836,24.9867,1000,2,1,1749304212,1749448324,0
UMTS,410,6,2006,8492825,389,67.0854,24.9867,1000,2,1,1749304272,1749448324,0
UMTS,410,6,2006,8478216,0,67.0891,24.9868,1000,11,1,1749304322,1749448324,0
LTE,410,4,21,16053506,-1,67.0912,24.987,1000,3,1,1749304382,1749448324,0
LTE,410,4,33,15948290,-1,67.1379,24.9635,1000,5,1,1749335675,1749568624,0
LTE,410,4,33,15492159,-1,67.1285,24.9322,1000,1,1,1749445936,1749445936,0
LTE,410,4,33,15555649,-1,67.1285,24.9322,1000,3,1,1749446266,1749568623,0
LTE,410,4,33,15467265,-1,67.1472,24.9561,1000,1,1,1749533601,1749533601,0
LTE,410,4,33,15759618,-1,67.1472,24.9561,1000,1,1,1749533622,1749533622,0
LTE,410,4,33,473152,-1,67.1472,24.9561,1000,1,1,1749533841,1749533841,0
UMTS,410,6,2030,8467425,271,67.1472,24.9561,1000,1,1,1749534012,1749534012,0
GSM,410,4,7344,49712,-1,71.4274,33.9509,1000,2,1,1749560665,1750627983,0
UMTS,410,4,31204,53278503,182,71.4274,33.9511,1000,2,1,1749770265,1750628041,0
UMTS,410,4,31204,53238405,432,71.4313,33.9529,698,46,1,1749770265,1750628041,0
GSM,410,4,31204,31735,-1,71.4273,33.9508,1000,8,1,1749770265,1749770281,0
LTE,410,6,10480,217605633,-1,71.5963,33.7683,1000,1,1,1750581604,1750581604,0
GSM,410,3,52204,25481,-1,71.4274,33.9509,1000,7,1,1750356560,1750628043,0
UMTS,410,3,52204,1412399,252,71.4273,33.9508,1000,4,1,1750356491,1750628043,0
UMTS,410,3,32048,1414980,93,71.4274,33.9507,1000,5,1,1750361339,1750627983,0
GSM,410,3,52204,28688,-1,71.4274,33.9508,1000,10,1,1750369028,1750628043,0
GSM,410,3,52204,24083,-1,71.4273,33.9507,1000,1,1,1750369537,1750369537,0
GSM,410,3,52258,14390,-1,71.4273,33.9509,1000,4,1,1750383551,1750628043,0
GSM,410,4,7344,31735,-1,71.4274,33.9508,1000,1,1,1750391215,1750391215,0
GSM,410,4,7344,11785,-1,71.4203,33.9589,1115,3,1,1750391215,1750627983,0
GSM,410,4,7344,56552,-1,71.4203,33.9589,1115,3,1,1750391215,1750627983,0
UMTS,410,4,7344,53278503,432,71.4274,33.9509,1000,3,1,1750391452,1750628041,0
GSM,410,4,7344,55282,-1,71.4191,33.9593,1174,5,1,1750409976,1750627983,0
GSM,410,4,7344,49713,-1,71.4231,33.9574,1000,10,1,1750409976,1750628041,0
UMTS,410,4,7344,53238405,182,71.4274,33.9509,1000,3,1,1750432653,1750628041,0
UMTS,410,4,31204,53254203,21,71.4194,33.9567,1000,9,1,1750489628,1750627983,0
GSM,410,4,7344,37836,-1,71.4185,33.9592,1239,8,1,1750489674,1750628041,0
GSM,410,4,7344,13325,-1,71.4172,33.9603,1000,7,1,1750489674,1750627984,0
GSM,410,4,7344,36395,-1,71.4168,33.963,1000,2,1,1750489715,1750627983,0
GSM,410,4,7344,56555,-1,71.4168,33.963,1000,2,1,1750489715,1750627983,0
UMTS,410,4,31204,53266564,191,71.4209,33.9615,1000,24,1,1750489729,1750628041,0
UMTS,410,4,7344,53266564,183,71.4228,33.9572,1000,14,1,1750491969,1750628041,0
GSM,410,4,7344,49711,-1,71.4316,33.9555,1000,5,1,1750494983,1750628041,0
UMTS,410,4,31204,53278506,337,71.4319,33.9563,1000,7,1,1750494996,1750628041,0
UMTS,410,4,31204,53234203,174,71.4321,33.9517,1000,18,1,1750495059,1750628041,0
UMTS,410,4,7344,53234203,5,71.4274,33.9509,1000,1,1,1750533579,1750533579,0
GSM,410,4,7344,31736,-1,71.4274,33.9508,1000,1,1,1750572634,1750572634,0
GSM,410,4,7367,10443,-1,71.4274,33.9508,1000,1,1,1750572634,1750572634,0
UMTS,410,3,32048,32133,252,71.4274,33.9508,1000,1,1,1750578497,1750578497,0
GSM,410,3,52204,34083,-1,71.4274,33.9509,1000,7,1,1750580127,1750628043,0
UMTS,410,3,32048,1405029,235,71.4274,33.9509,1000,2,1,1750580912,1750628041,0
GSM,410,3,51139,37794,-1,64.1115,26.9467,1000,2,1,1750832481,1750858862,0
GSM,410,3,51152,17721,-1,63.9726,26.6533,1000,3,1,1750834376,1750858862,0
GSM,410,4,6055,39862,-1,64.0287,26.1783,17142,21,1,1750836798,1750858862,0
GSM,410,4,6055,39863,-1,64.0257,26.1437,1534,20,1,1750837490,1750858862,0
GSM,410,3,51137,19985,-1,63.9194,26.05,1000,1,1,1750838417,1750838417,0
GSM,410,3,51106,24077,-1,63.9145,26.0308,1000,7,1,1750838528,1750858862,0
GSM,410,3,51106,13145,-1,63.7519,26.0313,1746,14,1,1750839475,1750858862,0
GSM,410,4,6055,55063,-1,63.5375,26.049,8983,38,1,1750840167,1750858862,0
GSM,410,3,51106,14074,-1,63.2468,26.0467,1000,6,1,1750841335,1750858862,0
GSM,410,3,51106,17453,-1,63.25,26.0458,1000,3,1,1750841346,1750858862,0
GSM,410,1,10266,11180,-1,62.9906,26.0495,2330,22,1,1750844811,1750858863,0
GSM,410,1,10266,30414,-1,62.9523,26.0479,1000,7,1,1750845067,1750858863,0
GSM,410,1,10266,20414,-1,62.9536,26.049,1000,2,1,1750845092,1750858863,0
GSM,410,3,51106,37421,-1,62.9295,25.9798,1000,3,1,1750845493,1750858863,0
GSM,410,3,51106,37762,-1,62.9267,25.9774,1000,1,1,1750845513,1750845513,0
GSM,410,3,51106,37763,-1,62.9215,25.975,1000,5,1,1750845523,1750858863,0
GSM,410,3,51106,14072,-1,62.9015,25.9716,1462,15,1,1750845563,1750858864,0
GSM,410,3,51106,24072,-1,62.8622,25.9547,2969,32,1,1750845683,1750858864,0
GSM,410,3,51106,14070,-1,62.7168,25.8572,9296,50,1,1750846190,1750858864,0
GSM,410,3,51106,24070,-1,62.7173,25.8573,5839,16,1,1750846315,1750858864,0
GSM,410,3,51106,14069,-1,62.6938,25.8329,1475,14,1,1750846621,1750858864,0
GSM,410,3,51106,24069,-1,62.6319,25.7578,8702,51,1,1750846731,1750858865,0
GSM,410,3,51103,27288,-1,62.5222,25.2757,1000,7,1,1750850597,1750858865,0
UMTS,410,3,31063,577438,-1,64.1022,26.9763,1000,1,1,1750858836,1750858836,0
UMTS,410,3,31063,539438,-1,64.1025,26.976,1000,1,1,1750858836,1750858836,0
UMTS,410,3,31063,557438,-1,64.1025,26.974,1000,4,1,1750858836,1750858865,0
UMTS,410,3,31063,567438,-1,64.1017,26.9738,1000,7,1,1750858836,1750858865,0
UMTS,410,3,31027,567436,-1,64.1013,26.97,1000,2,1,1750858836,1750858865,0
UMTS,410,3,31027,542436,-1,64.1019,26.9666,1000,6,1,1750858836,1750858865,0
UMTS,410,3,31027,582436,-1,64.103,26.9626,1000,2,1,1750858836,1750858865,0
UMTS,410,3,31027,537436,-1,64.1026,26.9639,1000,1,1,1750858836,1750858836,0
UMTS,410,3,31027,552436,-1,64.1034,26.9613,1000,1,1,1750858836,1750858836,0
UMTS,410,3,31027,547436,-1,64.1049,26.9591,1000,5,1,1750858836,1750858865,0
UMTS,410,3,31063,551021,-1,64.107,26.9554,1000,4,1,1750858836,1750858865,0
UMTS,410,3,31063,543480,-1,64.1082,26.9528,1000,2,1,1750858836,1750858865,0
UMTS,410,3,31063,538480,-1,64.109,26.9507,1000,8,1,1750858836,1750858865,0
UMTS,410,3,31063,558480,-1,64.0659,26.9317,3210,21,1,1750858836,1750858865,0
UMTS,410,3,31063,563480,-1,64.1108,26.9466,1000,12,1,1750858836,1750858865,0
UMTS,410,3,31063,578894,-1,64.078,26.9405,1000,1,1,1750858838,1750858838,0
UMTS,410,3,31027,544792,-1,64.0682,26.9338,1020,10,1,1750858838,1750858865,0
UMTS,410,3,31063,543482,-1,64.0471,26.9193,1000,4,1,1750858838,1750858865,0
UMTS,410,3,31063,538482,-1,64.0411,26.9155,1000,3,1,1750858838,1750858865,0
UMTS,410,3,31063,553482,-1,64.0305,26.9037,1855,21,1,1750858838,1750858865,0
UMTS,410,3,31063,548482,-1,64.0186,26.8521,2330,23,1,1750858838,1750858866,0
UMTS,410,3,31027,553482,-1,64.0246,26.8856,1000,1,1,1750858838,1750858838,0
UMTS,410,3,31027,553402,-1,63.9946,26.6702,9590,23,1,1750858840,1750858866,0
UMTS,410,3,31027,543404,-1,63.9395,26.6465,2948,2,1,1750858842,1750858866,0
UMTS,410,3,31027,553404,-1,63.8992,26.6132,3788,39,1,1750858844,1750858866,0
UMTS,410,3,31017,215654,-1,63.9007,26.0278,4989,37,1,1750858846,1750858867,0
UMTS,410,3,31017,210654,-1,63.9105,26.0241,1000,3,1,1750858847,1750858867,0
UMTS,410,3,31017,235654,-1,63.7945,26.0327,9220,21,1,1750858847,1750858867,0
UMTS,410,3,31017,230654,-1,63.8201,26.0289,5875,41,1,1750858847,1750858867,0
UMTS,410,3,31012,209482,-1,63.7358,26.0306,3330,28,1,1750858849,1750858867,0
UMTS,410,3,31012,229482,-1,63.4003,26.0462,27306,35,1,1750858849,1750858868,0
UMTS,410,4,62121,73046,-1,63.3052,26.0357,1245,11,1,1750858853,1750858868,0
UMTS,410,3,31012,225767,-1,62.9327,25.9873,1000,8,1,1750858853,1750858868,0
UMTS,410,4,62121,74263,-1,62.8496,25.946,1934,21,1,1750858854,1750858868,0
UMTS,410,3,31012,215631,-1,62.7632,25.9093,1000,7,1,1750858854,1750858868,0
UMTS,410,3,31012,215639,-1,62.6355,25.6909,11445,22,1,1750858854,1750858869,0
UMTS,410,3,31012,235639,-1,62.6259,25.709,1000,3,1,1750858854,1750858868,0
UMTS,410,3,31012,225639,-1,62.6323,25.695,1567,24,1,1750858856,1750858869,0
UMTS,410,3,36000,213076,-1,62.7247,25.3445,2282,9,1,1750858856,1750858869,0
UMTS,410,3,36000,208076,-1,62.6958,25.3356,1000,3,1,1750858856,1750858869,0
UMTS,410,3,36000,228076,-1,62.6683,25.3294,3234,33,1,1750858856,1750858869,0
UMTS,410,3,36000,213103,-1,62.6161,25.3107,2698,27,1,1750858858,1750858869,0
UMTS,410,3,36000,223103,-1,62.5579,25.2818,4157,32,1,1750858858,1750858869,0
LTE,410,3,11106,36921346,-1,63.2746,26.0392,1000,3,1,1750841245,1750858869,0
LTE,410,3,11106,62482945,-1,63.1846,26.0462,9098,32,1,1750841260,1750858922,0
LTE,410,3,11106,36882177,-1,63.2058,26.0481,1000,1,1,1750841516,1750841516,0
LTE,410,3,11106,62482946,-1,63.1229,26.0448,3127,17,1,1750841772,1750858922,0
LTE,410,3,11106,36323853,-1,63.105,26.043,1000,5,1,1750841882,1750858922,0
LTE,410,3,11106,36824331,-1,63.1035,26.0426,1000,1,1,1750841907,1750841907,0
LTE,410,3,11106,36283147,-1,63.0711,26.0471,1828,6,1,1750841957,1750858922,0
LTE,410,3,11106,36323843,-1,63.0812,26.048,1000,6,1,1750841962,1750858922,0
LTE,410,3,11106,37395457,-1,63.0609,26.0472,1000,2,1,1750842052,1750858922,0
LTE,410,3,11106,36283137,-1,63.0556,26.0475,1000,6,1,1750842067,1750858922,0
LTE,410,3,11106,36283219,-1,63.0278,26.0483,1009,14,1,1750844746,1750858922,0
LTE,410,3,11106,36516609,-1,63.0122,26.0488,1000,6,1,1750844856,1750858922,0
LTE,410,3,11106,36574249,-1,63.0042,26.0491,1000,2,1,1750844906,1750858922,0
LTE,410,3,11106,36574209,-1,62.9976,26.0493,1000,4,1,1750844921,1750858922,0
LTE,410,3,11106,36904449,-1,62.9827,26.0498,1000,9,1,1750844956,1750858922,0
LTE,410,3,11106,36904531,-1,62.9683,26.0502,1000,4,1,1750845027,1750858922,0
LTE,410,3,11106,36904491,-1,62.9483,26.0434,1736,5,1,1750845057,1750858922,0
LTE,410,3,11106,36516865,-1,62.9402,26.0279,3247,6,1,1750845067,1750858922,0
LTE,410,3,11106,36904451,-1,62.9536,26.0487,1000,4,1,1750845077,1750858922,0
LTE,410,3,10121,36904705,-1,62.9333,26.0283,1348,13,1,1750845157,1750858922,0
LTE,410,3,10121,36904706,-1,62.9314,26.0172,1000,5,1,1750845282,1750858922,0
LTE,410,3,11106,36516867,-1,62.9329,25.9947,1000,2,1,1750845413,1750858922,0
LTE,410,3,60001,36215809,-1,62.6968,25.3357,1000,4,1,1750849804,1750858922,0
LTE,410,3,10122,36510721,-1,62.5529,25.2795,1604,15,1,1750850451,1750858922,0
LTE,410,3,10122,36215553,-1,62.4589,25.2594,2120,21,1,1750850657,1751050863,0
LTE,410,3,10122,37525762,-1,62.5168,25.2767,1000,1,1,1750850682,1750850682,0
GSM,410,3,58800,32074,-1,73.1085,33.7416,1000,1,1,1751007554,1751007554,0
LTE,410,1,55590,48107778,-1,71.5161,30.2034,1000,9,1,1751030671,1788603243,0
LTE,410,7,50265,35998470,-1,62.3195,25.1342,1000,3,1,1751033846,1751050862,0
LTE,410,3,10122,37411329,-1,62.3192,25.1372,1009,13,1,1751033897,1751050862,0
LTE,410,7,50265,35999765,-1,62.3349,25.1759,1000,3,1,1751034543,1751050863,0
LTE,410,3,10122,36282635,-1,62.4851,25.2704,1000,6,1,1751035831,1751050863,0
LTE,410,3,22221,29306113,-1,72.165,34.1992,1000,3,1,1752285815,1752306784,0
LTE,410,4,60013,2282242,-1,72.1649,34.199,1000,7,1,1752285824,1752306784,0
LTE,410,4,60013,2282240,-1,72.165,34.1992,1000,7,1,1752285815,1752306784,0
LTE,410,4,60013,13683969,-1,72.165,34.1991,1000,7,1,1752285945,1752306784,0
UMTS,410,4,30804,52976541,142,72.165,34.1991,1000,1,1,1752286015,1752286015,0
UMTS,410,4,30804,52972003,9,72.165,34.1991,1000,1,1,1752286015,1752286015,0
LTE,410,1,60469,28681739,-1,72.165,34.1992,1000,3,1,1752286045,1752306784,0
LTE,410,1,60469,28681729,-1,72.1649,34.1991,1000,10,1,1752286065,1752306784,0
LTE,410,4,60013,13684069,-1,72.165,34.1992,1000,2,1,1752286095,1752306784,0
LTE,410,4,60013,2282340,-1,72.1651,34.1991,1000,1,1,1752286925,1752286925,0
LTE,410,4,2061,271933,-1,68.6829,27.489,1000,1,1,1752297251,1752297251,0
GSM,410,6,280,63893,-1,68.4079,28.43,1000,2,1,1746203111,1752493443,0
UMTS,410,6,2276,9370005,0,68.4343,28.4421,3602,6,1,1746203730,1769078281,0
UMTS,410,6,2276,9346215,0,68.4013,28.4521,7400,4,1,1746205029,1769078281,0
LTE,410,1,50826,61763841,0,68.4033,28.4524,1000,1,1,1746204881,1746204881,0
GSM,410,6,280,40103,-1,68.3952,28.4911,4378,5,1,1746205165,1769078223,0
LTE,410,6,12276,222823783,0,68.4226,28.4382,4418,34,1,1746205128,1769078281,0
LTE,410,1,50826,36824577,0,68.4778,28.4537,9219,50,1,1746271190,1769078281,0
LTE,410,1,50826,37508611,0,68.4928,28.5569,11319,50,1,1746273993,1769078281,0
LTE,410,1,10826,31425,0,68.4033,28.4524,1000,1,1,1746205253,1746205253,0
GSM,410,1,10826,31424,-1,68.4137,28.5272,4432,50,1,1746274045,1769078281,0
GSM,410,6,280,45822,-1,68.4683,28.5189,14204,6,1,1746274316,1769078236,0
GSM,410,6,280,40093,-1,68.474,28.587,5419,3,1,1746274367,1756900922,0
UMTS,410,6,2276,9351934,0,68.4326,28.5304,2955,2,1,1746275186,1753434061,0
LTE,410,6,12276,222794085,0,68.4181,28.5339,4168,19,1,1746275234,1769078281,0
LTE,410,6,12276,222912002,0,68.3867,28.4083,3196,3,1,1746286051,1769078224,0
GSM,410,6,280,62372,-1,68.4079,28.43,1000,1,1,1746286068,1746286068,0
LTE,410,6,65535,268435455,0,68.408,28.43,1000,1,1,1746286064,1746286064,0
LTE,410,6,12276,222793987,0,68.4115,28.4909,7235,50,1,1746286402,1769078281,0
LTE,410,1,50828,37554433,0,68.3408,28.3932,3053,2,1,1746385278,1767738242,0
LTE,410,1,50828,60273961,0,68.3535,28.3739,1000,9,1,1746385282,1769078281,0
LTE,410,1,50828,60549673,0,68.3819,28.4023,3183,46,1,1746459538,1769078236,0
LTE,410,1,50828,37233942,0,68.3485,28.3576,1839,4,1,1746525006,1753434061,0
GSM,410,1,10828,15445,-1,68.3788,28.3999,2356,5,1,1746531956,1767738242,0
LTE,410,1,50828,60273952,0,68.3496,28.3786,1000,11,1,1746538085,1769078281,0
LTE,410,6,12276,222764647,0,68.3515,28.3791,1000,4,1,1746540648,1769078281,0
LTE,410,6,12276,222764646,0,68.3672,28.3914,3166,5,1,1746540653,1769078281,0
LTE,410,1,50828,60273972,0,68.3465,28.3782,1000,1,1,1746541373,1746541373,0
LTE,410,1,50828,36204289,0,68.3684,28.3907,2764,9,1,1746541493,1769078234,0
LTE,410,1,50828,60273974,0,68.3492,28.3789,1000,4,1,1746551538,1769078228,0
LTE,410,1,50826,36204811,0,68.4417,28.4837,14854,20,1,1747162241,1769078281,0
LTE,410,1,50828,60273953,0,68.3695,28.3923,4880,48,1,1747286414,1769078236,0
GSM,410,1,10828,14745,-1,68.5421,28.4437,7542,7,1,1747316995,1769078236,0
LTE,410,6,12276,208555110,0,68.4096,28.5413,3600,8,1,1752320819,1769078235,0
GSM,410,1,10826,15444,-1,68.3921,28.5499,2399,2,1,1752321119,1756900922,0
LTE,410,6,12051,220467970,-1,66.7305,25.1197,1000,1,1,1752707864,1752707864,0
LTE,410,6,12276,222865153,-1,68.0493,28.1793,1000,2,1,1752860005,1773451081,0
LTE,410,3,10112,37109023,-1,68.0493,28.1792,1000,1,1,1752860005,1752860005,0
GSM,410,3,51127,27143,-1,68.0493,28.1793,1000,1,1,1752860124,1752860124,0
GSM,410,3,51127,17143,-1,68.0493,28.1793,1000,2,1,1752860124,1782589921,0
GSM,410,6,280,64672,-1,68.0493,28.1793,1000,1,1,1752860134,1752860134,0
GSM,410,6,280,65411,-1,68.0493,28.1793,1000,1,1,1752860134,1752860134,0
GSM,410,6,280,64961,-1,68.0493,28.1793,1000,2,1,1752860134,1782589921,0
GSM,410,3,51127,17739,-1,68.0493,28.1793,1000,1,1,1752860134,1752860134,0
UMTS,410,4,40502,26595888,175,74.1021,31.2686,1000,1,1,1749897635,1749897635,0
LTE,410,5,40003,15407360,-1,74.3601,35.9135,1000,2,1,1753024864,1753026723,0
LTE,410,4,5087,2396673,-1,74.3601,35.9135,1000,2,1,1753024864,1753026723,0
LTE,410,1,50150,31856930,-1,74.1019,31.2678,1000,12,1,1752901229,1753441443,0
LTE,410,1,50150,31856917,-1,74.1023,31.2686,1000,5,1,1752901985,1753441443,0
LTE,410,1,50826,36204547,0,68.425,28.5387,8631,7,1,1752675712,1769078235,0
LTE,410,1,50826,36204557,0,68.42,28.5125,10947,49,1,1752675727,1769078281,0
LTE,410,1,50828,37554440,0,68.3335,28.3571,1000,5,1,1753270148,1753434061,0
LTE,410,1,50828,60549685,0,68.3421,28.3544,2301,15,1,1753270269,1767738242,0
LTE,410,1,50828,37554441,0,68.3532,28.3394,1391,29,1,1753270389,1753434062,0
LTE,410,1,50828,37554444,0,68.3483,28.3431,1000,2,1,1753270476,1753434061,0
GSM,410,1,10828,25445,-1,68.3477,28.3424,1000,2,1,1753270445,1753434061,0
LTE,410,6,12276,222764294,0,68.3673,28.3166,3480,2,1,1753270864,1753434062,0
LTE,410,1,50828,60273963,0,68.3461,28.3417,1000,1,1,1753271116,1753271116,0
GSM,410,1,10828,26697,-1,68.3461,28.3417,1000,1,1,1753271152,1753271152,0
LTE,410,1,50828,37554454,0,68.3658,28.3101,4080,17,1,1753271178,1753434062,0
LTE,410,1,50828,60549684,0,68.3461,28.3417,1000,1,1,1753271176,1753271176,0
LTE,410,1,50828,60273962,0,68.3654,28.3251,2373,15,1,1753271319,1753434061,0
LTE,410,1,50827,37055233,0,68.3776,28.2995,2180,31,1,1753271590,1753434062,0
GSM,410,1,10828,24746,-1,68.3786,28.2893,1000,1,1,1753271928,1753271928,0
LTE,410,1,50828,36845315,0,68.3824,28.2889,1000,7,1,1753271943,1753434062,0
LTE,410,1,50828,37852419,0,68.389,28.2923,1000,2,1,1753272310,1753434062,0
LTE,410,6,12276,222763366,0,68.3886,28.2916,1000,1,1,1753272670,1753272670,0
UMTS,410,6,2276,9346705,0,68.3886,28.2916,1000,1,1,1753272753,1753272753,0
GSM,410,6,280,44503,-1,68.3889,28.2899,1000,2,1,1753272771,1753434062,0
GSM,410,6,280,40593,-1,68.3886,28.2916,1000,1,1,1753272886,1753272886,0
GSM,410,1,10150,14441,-1,74.102,31.2688,1000,4,1,1753417467,1753441443,0
LTE,410,3,20861,28448514,-1,73.057,33.658,1000,1,1,1753784673,1753784673,0
GSM,410,6,358,12061,-1,73.057,33.658,1000,1,1,1753784673,1753784673,0
GSM,410,6,358,12062,-1,73.057,33.658,1000,1,1,1753784673,1753784673,0
GSM,410,6,117,37453,-1,73.1284,30.3489,1000,4,1,1753019506,1759491841,0
GSM,410,6,117,47243,-1,73.1283,30.3489,1000,7,1,1753019897,1759491841,0
GSM,410,6,117,37452,-1,73.1284,30.349,1000,14,1,1753028722,1760997361,0
LTE,410,4,50031,1562881,0,72.4304,32.2854,1000,1,1,1754196218,1754196218,0
LTE,410,3,30483,31236611,-1,74.1037,31.2698,1000,8,1,1753483163,1754308682,0
UMTS,410,3,33048,1216666,243,74.1038,31.2705,1000,1,1,1753483430,1753483430,0
UMTS,410,3,33048,1211392,494,74.0762,31.3079,1000,1,1,1753860391,1753860391,0
UMTS,410,3,33048,1201667,281,74.0762,31.3079,1000,1,1,1753860391,1753860391,0
UMTS,410,3,33048,1211302,149,74.0762,31.3079,1000,1,1,1753860391,1753860391,0
UMTS,410,3,33048,1201669,257,74.0762,31.3079,1000,1,1,1753860391,1753860391,0
GSM,410,1,10150,11116,-1,74.0763,31.3078,1000,1,1,1754288860,1754288860,0
GSM,410,3,54456,12450,-1,73.1283,30.349,1000,2,1,1754575190,1762255382,0
GSM,410,3,54456,22450,-1,73.1282,30.349,1000,6,1,1754575190,1759491841,0
GSM,410,3,54440,15556,-1,73.1282,30.3491,1000,12,1,1754575190,1759491841,0
GSM,410,3,54440,35314,-1,73.1279,30.3489,1000,2,1,1754575190,1754780462,0
GSM,410,6,280,40102,-1,68.4406,28.495,1000,1,1,1753973053,1753973053,0
LTE,410,4,40703,26688725,0,74.2529,31.6103,1000,1,1,1755726349,1755726349,0
LTE,410,4,40703,26708093,0,74.2528,31.6104,1000,1,1,1755726468,1755726468,0
LTE,410,4,40703,26687523,0,74.2526,31.6103,1000,1,1,1755726920,1755726920,0
GSM,410,6,347,14994,-1,72.7033,32.7091,1000,1,1,1755821465,1755821465,0
LTE,410,6,11761,212543847,-1,71.4964,30.1557,1000,1,1,1756248515,1756248515,0
LTE,410,1,55585,59306548,-1,71.4964,30.1557,1000,1,1,1756248515,1756248515,0
LTE,410,1,50843,47025154,-1,70.3059,28.431,1000,2,1,1756238365,1756258325,0
LTE,410,1,55352,33814785,-1,73.0412,31.4592,1000,1,1,1756742150,1756742150,0
LTE,410,1,50167,30843926,-1,74.3035,31.4753,1000,1,1,1756794372,1756794372,0
LTE,410,1,50826,36204555,0,68.5363,28.5488,5891,37,1,1756823235,1769078232,0
GSM,410,6,280,47891,-1,68.4876,28.6047,5033,15,1,1756874740,1756900922,0
GSM,410,6,280,40091,-1,68.4767,28.608,1474,30,1,1756874745,1756900922,0
GSM,410,6,280,40101,-1,68.4679,28.6084,1515,8,1,1756876071,1756900922,0
GSM,410,6,280,63972,-1,68.4317,28.585,5584,25,1,1756876091,1756900922,0
GSM,410,6,280,40502,-1,68.4668,28.6083,3510,50,1,1756876098,1756900922,0
GSM,410,6,280,40503,-1,68.4769,28.6074,1000,1,1,1756876291,1756876291,0
GSM,410,6,280,45821,-1,68.4678,28.608,1351,19,1,1756876308,1756900922,0
GSM,410,6,280,46371,-1,68.4896,28.6068,1995,9,1,1756876805,1756900922,0
GSM,410,6,280,63971,-1,68.4434,28.6019,3316,4,1,1756876883,1769078281,0
GSM,410,6,280,47893,-1,68.4724,28.5955,1706,2,1,1756879232,1756900922,0
GSM,410,6,280,62351,-1,68.4931,28.6051,1000,7,1,1756879413,1756900922,0
GSM,410,1,10826,16562,-1,68.4128,28.5525,2684,3,1,1756882907,1769078281,0
LTE,410,1,50826,37233665,0,68.4121,28.574,1000,2,1,1756882947,1756900922,0
LTE,410,1,50826,37233675,0,68.4119,28.5766,1000,1,1,1756883401,1756883401,0
LTE,410,1,50826,37451019,0,68.4119,28.5766,1000,1,1,1756883411,1756883411,0
GSM,410,1,10826,36518,-1,68.4662,28.5267,7789,5,1,1756884271,1769078229,0
LTE,410,1,65535,268435455,0,68.4148,28.5409,1000,1,1,1756884241,1756884241,0
GSM,410,1,280,45823,-1,68.4148,28.5409,1000,1,1,1756884722,1756884722,0
LTE,410,1,2276,9351935,0,68.4103,28.5386,1000,2,1,1756885967,1756900922,0
LTE,410,1,50826,36204813,0,68.413,28.4946,2769,14,1,1756887183,1769078235,0
LTE,410,1,50826,36824589,0,68.4173,28.4849,12456,40,1,1756887775,1769078281,0
LTE,410,1,50828,37351445,0,68.3712,28.3937,2956,26,1,1756889921,1769078236,0
LTE,410,1,50828,37351435,0,68.3814,28.4021,1000,6,1,1756890041,1769078234,0
GSM,410,3,54456,14567,-1,73.1283,30.3491,1000,1,1,1754946425,1754946425,0
GSM,410,3,54456,14566,-1,73.1283,30.349,1000,9,1,1754990833,1759491841,0
GSM,410,6,108,42701,-1,73.1283,30.3489,1000,10,1,1755050141,1759491841,0
LTE,410,1,55098,30871563,-1,73.1283,30.3491,1000,3,1,1754961592,1757563801,0
LTE,410,6,11742,212633602,-1,73.1282,30.3492,1000,2,1,1754971254,1780926722,0
LTE,410,1,55098,30871553,-1,73.1281,30.3494,1000,1,1,1754974183,1754974183,0
LTE,410,6,11744,212677223,-1,73.1283,30.349,1000,2,1,1754981362,1779691682,0
LTE,410,3,40343,34249298,-1,73.1243,30.3326,2603,12,1,1755861364,1780926723,0
LTE,410,3,40343,34251009,-1,73.1143,30.3153,4138,21,1,1754951813,1780926733,0
LTE,410,1,50605,28344067,-1,73.1542,33.6639,1000,1,1,1757104235,1757104235,0
LTE,410,6,10318,215177930,-1,73.1542,33.6639,1000,1,1,1757104235,1757104235,0
LTE,410,1,50708,32119565,-1,74.1432,32.2361,1000,2,1,1757181478,1757219101,0
LTE,410,1,50708,33155084,-1,74.1432,32.236,1000,1,1,1757181498,1757181498,0
LTE,410,1,50708,33155849,-1,74.1432,32.2361,1000,2,1,1757181461,1757219101,0
LTE,410,1,50708,32119555,-1,74.143,32.2361,1000,3,1,1757189723,1757219101,0
LTE,410,1,50708,31676683,-1,74.1432,32.2361,1000,1,1,1757197546,1757197546,0
GSM,410,1,10708,23737,-1,74.1431,32.2362,1000,1,1,1757189732,1757189732,0
LTE,410,1,50708,33154817,-1,74.1432,32.2361,1000,1,1,1757197606,1757197606,0
GSM,410,1,10708,35467,-1,74.1432,32.2361,1000,1,1,1757198755,1757198755,0
GSM,410,1,10708,13737,-1,74.1432,32.2361,1000,1,1,1757198755,1757198755,0
LTE,410,1,50708,30809112,-1,74.1432,32.2361,1000,1,1,1757199186,1757199186,0
LTE,410,3,10722,36401923,-1,67.0667,24.9325,1000,8,1,1757242867,1767461403,0
LTE,410,3,10722,36493826,-1,67.0671,24.9344,1000,6,1,1757243119,1767461403,0
LTE,410,3,10722,37489921,-1,67.0663,24.934,1000,5,1,1757242736,1765819021,0
LTE,410,3,10305,207926530,0,74.2144,31.6085,1000,1,1,1757274841,1757274841,0
LTE,410,3,10305,207757571,0,74.2122,31.6165,1000,1,1,1757280190,1757280190,0
LTE,410,3,10305,207926630,0,74.2133,31.616,1000,1,1,1757315330,1757315330,0
LTE,410,3,10305,207757159,0,74.2133,31.616,1000,1,1,1757316739,1757316739,0
LTE,410,3,10305,207803084,0,74.2133,31.616,1000,1,1,1757329982,1757329982,0
LTE,410,3,10305,207757259,0,74.2163,31.6014,1000,1,1,1757330221,1757330221,0
LTE,410,6,10305,207757571,0,74.2122,31.6165,1000,1,1,1757339683,1757339683,0
LTE,410,6,10305,207757671,0,74.2122,31.6165,1000,1,1,1757339863,1757339863,0
LTE,410,6,10305,207757771,0,74.2122,31.6165,1000,1,1,1757339923,1757339923,0
LTE,410,6,10305,207926017,0,74.2229,31.6099,1000,1,1,1757340351,1757340351,0
LTE,410,6,10305,207757669,0,74.2335,31.6237,1000,1,1,1757340763,1757340763,0
LTE,410,6,10305,207926117,0,74.2335,31.6237,1000,1,1,1757340823,1757340823,0
LTE,410,6,10305,207926018,0,74.2335,31.6237,1000,1,1,1757340943,1757340943,0
LTE,410,6,10305,207757159,0,74.2471,31.6241,1000,1,1,1757341063,1757341063,0
LTE,410,6,10305,212371301,0,74.2486,31.6097,1000,1,1,1757341243,1757341243,0
LTE,410,6,10305,207408387,0,74.2486,31.6097,1000,1,1,1757341303,1757341303,0
LTE,410,6,10305,207405770,0,74.2486,31.6097,1000,1,1,1757341363,1757341363,0
LTE,410,6,10305,207408586,0,74.2486,31.6097,1000,1,1,1757341423,1757341423,0
LTE,410,6,10305,207408386,0,74.2665,31.6046,1000,1,1,1757341543,1757341543,0
LTE,410,6,10305,207405670,0,74.2665,31.6046,1000,1,1,1757341603,1757341603,0
LTE,410,6,10305,207406951,0,74.2665,31.6046,1000,1,1,1757341663,1757341663,0
LTE,410,6,10305,207405571,0,74.2629,31.6066,1000,1,1,1757342597,1757342597,0
LTE,410,3,10692,36358145,-1,67.1195,24.923,1000,3,1,1757418709,1757421003,0
LTE,410,6,10305,207802881,0,74.2306,31.5956,1000,1,1,1757435120,1757435120,0
LTE,410,6,10305,207926630,0,74.2122,31.6165,1000,1,1,1757468558,1757468558,0
LTE,410,6,10305,207926730,0,74.2133,31.616,1000,1,1,1757473707,1757473707,0
LTE,410,6,10305,207803084,0,74.2148,31.6176,1000,1,1,1757475075,1757475075,0
LTE,410,3,10722,36401921,-1,67.0707,24.9336,2358,26,1,1757474757,1767461403,0
LTE,410,6,10500,207494603,-1,74.3035,31.4465,1000,1,1,1757501354,1757501354,0
LTE,410,3,10305,207764485,0,74.2144,31.6085,1000,1,1,1757514202,1757514202,0
LTE,410,3,10305,207401731,0,74.2211,31.6142,1000,1,1,1757533001,1757533001,0
GSM,410,1,10463,36542,-1,73.1282,30.3488,1000,2,1,1757563721,1757563741,0
LTE,410,3,10722,37381634,-1,67.0408,24.9293,1000,9,1,1757560449,1757660822,0
LTE,410,4,10305,207757571,0,74.2122,31.6165,1000,1,1,1757592316,1757592316,0
LTE,410,4,10305,207757671,0,74.2229,31.6099,1000,1,1,1757592741,1757592741,0
LTE,410,4,10305,207926630,0,74.2229,31.6099,1000,1,1,1757592816,1757592816,0
LTE,410,4,10305,207657318,0,74.2222,31.6112,1000,1,1,1757593579,1757593579,0
LTE,410,4,10305,207757771,0,74.2251,31.6088,1000,1,1,1757593804,1757593804,0
LTE,410,4,10305,207764582,0,74.2086,31.622,1000,1,1,1757594077,1757594077,0
LTE,410,4,10305,207764682,0,74.2086,31.622,1000,1,1,1757594098,1757594098,0
LTE,410,4,10305,207657218,0,74.2122,31.6165,1000,1,1,1757594617,1757594617,0
LTE,410,4,10305,207803084,0,74.2122,31.6165,1000,1,1,1757594736,1757594736,0
LTE,410,4,10305,207853001,0,74.2163,31.6014,1000,1,1,1757594851,1757594851,0
LTE,410,4,10305,207852901,0,74.2163,31.6014,1000,1,1,1757594885,1757594885,0
LTE,410,4,10305,207852801,0,74.2163,31.6014,1000,1,1,1757594976,1757594976,0
LTE,410,4,10305,207401831,0,74.2251,31.6088,1000,1,1,1757595337,1757595337,0
GSM,410,4,305,27182,-1,74.2222,31.6112,1000,1,1,1757597443,1757597443,0
LTE,410,3,10722,36455939,-1,67.0502,24.9298,1000,8,1,1757629135,1757660822,0
LTE,410,3,10722,36455938,-1,67.0522,24.9324,1000,7,1,1757629129,1757660822,0
LTE,410,3,10722,36398337,-1,67.0477,24.9272,1000,14,1,1757629155,1757660822,0
LTE,410,3,10722,36398339,-1,67.0446,24.9266,1000,21,1,1757629195,1757660822,0
LTE,410,3,10722,37048065,-1,67.0421,24.9281,1000,10,1,1757629235,1757660822,0
LTE,410,3,10722,36949761,-1,67.0413,24.9293,1000,1,1,1757629535,1757629535,0
LTE,410,3,10722,36485889,-1,67.0408,24.9291,1000,3,1,1757638571,1757660821,0
LTE,410,3,10002,37414402,-1,67.0411,24.9293,1000,1,1,1757639973,1757639973,0
LTE,410,3,10722,37449219,-1,67.0501,24.9297,1000,5,1,1757640192,1757660822,0
LTE,410,3,10722,36455937,-1,67.0542,24.936,1000,7,1,1757640272,1757660822,0
LTE,410,3,10722,36493569,-1,67.0561,24.9364,1000,7,1,1757640312,1757660822,0
LTE,410,3,10722,36493570,-1,67.0589,24.9341,1000,13,1,1757640372,1757660822,0
LTE,410,3,10722,36486913,-1,67.0618,24.9341,1000,4,1,1757640522,1757660822,0
LTE,410,3,10722,37098497,-1,67.0626,24.9347,1000,2,1,1757640562,1757660822,0
LTE,410,3,10701,36458508,-1,67.0635,24.9353,1000,3,1,1757640572,1757660822,0
LTE,410,3,10722,37489923,-1,67.0642,24.9347,1000,2,1,1757640592,1757660822,0
LTE,410,6,10305,207401731,0,74.2122,31.6165,1000,1,1,1757712416,1757712416,0
LTE,410,6,10555,36569064,-1,67.9043,27.5003,1000,1,1,1757733961,1757733961,0
LTE,410,3,11124,37511171,-1,67.9043,27.5003,1000,1,1,1757733961,1757733961,0
LTE,410,3,18805,28739586,-1,73.0554,33.6545,1000,2,1,1757730187,1757751365,0
LTE,410,1,50622,28250115,-1,73.0555,33.6544,1000,1,1,1757730187,1757730187,0
LTE,410,7,50622,28250115,-1,73.0554,33.6546,1000,1,1,1757749050,1757749050,0
LTE,410,3,10691,37063170,-1,67.1701,24.9914,989,50,1,1757732139,1767461406,0
LTE,410,3,10691,36914946,-1,67.1787,24.9954,1000,21,1,1757731383,1767461406,0
LTE,410,3,10691,36914945,-1,67.1776,25.0013,1000,8,1,1757732239,1757756882,0
LTE,410,3,10691,37066241,-1,67.1822,24.9904,1282,16,1,1757732339,1759600022,0
LTE,410,3,10691,37066243,-1,67.1776,24.9899,1000,17,1,1757735641,1767461406,0
LTE,410,3,10691,37063171,-1,67.1545,24.9935,1363,38,1,1757735761,1767461405,0
LTE,410,3,10691,37041923,-1,67.1489,24.9943,1000,10,1,1757735791,1759600023,0
LTE,410,3,10701,36556803,-1,67.1469,24.9946,1000,15,1,1757735811,1767461405,0
UMTS,410,3,31070,1101046,415,67.1401,24.9947,1000,4,1,1757735841,1757756882,0
LTE,410,3,10701,36472321,-1,67.1395,24.9941,1000,16,1,1757735851,1767461405,0
LTE,410,3,10701,36472322,-1,67.1345,24.9902,647,31,1,1757735871,1767461405,0
LTE,410,3,10701,37402883,-1,67.1292,24.9847,1000,19,1,1757735901,1767461405,0
LTE,410,3,10701,36975617,-1,67.1269,24.9823,1000,11,1,1757735931,1767461405,0
LTE,410,3,10701,36975619,-1,67.1236,24.9789,1000,24,1,1757735941,1767461405,0
LTE,410,3,10701,36467969,-1,67.1209,24.9761,1000,11,1,1757735971,1767461405,0
LTE,410,3,10701,36467971,-1,67.1171,24.9722,1000,12,1,1757735981,1767461405,0
LTE,410,3,10701,37512706,-1,67.1152,24.9704,1000,10,1,1757736021,1767461404,0
LTE,410,3,10701,36429314,-1,67.1097,24.9646,1000,21,1,1757736061,1767461404,0
LTE,410,3,10701,36705027,-1,67.1017,24.9576,1000,16,1,1757736175,1767461404,0
LTE,410,3,10701,36388354,-1,67.0975,24.9542,1000,19,1,1757736215,1767461404,0
LTE,410,3,10701,36364033,-1,67.0952,24.9524,1000,6,1,1757736255,1757756883,0
LTE,410,3,10701,36364035,-1,67.0939,24.9513,1000,6,1,1757736275,1757756883,0
LTE,410,3,10701,36362754,-1,67.0916,24.9495,1000,12,1,1757736315,1759600023,0
LTE,410,3,10701,36683009,-1,67.0908,24.9489,1000,6,1,1757736405,1767461404,0
LTE,410,3,10701,36381697,-1,67.0878,24.9464,1000,18,1,1757736425,1767461404,0
LTE,410,3,10701,36356098,-1,67.0892,24.9475,1000,7,1,1757736445,1767461404,0
LTE,410,3,10701,36955138,-1,67.0868,24.9455,1000,1,1,1757736475,1757736475,0
LTE,410,3,10701,36381699,-1,67.0849,24.944,1000,7,1,1757736515,1767461403,0
LTE,410,3,10701,36462593,-1,67.0833,24.9413,2085,17,1,1757736555,1767461403,0
LTE,410,3,10701,36462595,-1,67.081,24.9392,1997,15,1,1757736635,1767461403,0
LTE,410,3,10721,36692737,-1,67.0791,24.9381,2008,19,1,1757736645,1767461403,0
LTE,410,3,10721,36692739,-1,67.078,24.9354,1864,8,1,1757736675,1767461403,0
LTE,410,3,10721,36692738,-1,67.075,24.9346,2049,16,1,1757736695,1767461403,0
LTE,410,3,10722,36401922,-1,67.0706,24.9319,2288,32,1,1757736725,1767461403,0
LTE,410,3,10722,37489922,-1,67.0712,24.9289,2125,6,1,1757736755,1765819021,0
LTE,410,3,10722,36486914,-1,67.0709,24.928,2132,5,1,1757736795,1765819021,0
LTE,410,3,10722,36691713,-1,67.0686,24.9314,1000,4,1,1757736935,1757756884,0
LTE,410,3,10305,207657318,0,74.2211,31.6142,1000,1,1,1757770236,1757770236,0
LTE,410,3,10305,207757771,0,74.2251,31.6088,1000,1,1,1757771376,1757771376,0
LTE,410,3,10305,207657218,0,74.213,31.6132,1000,1,1,1757808686,1757808686,0
LTE,410,3,10305,212371201,0,74.213,31.6132,1000,1,1,1757831009,1757831009,0
LTE,410,3,305,27182,0,74.2229,31.6099,1000,1,1,1757832000,1757832000,0
LTE,410,3,10305,207926529,0,74.213,31.6132,1000,1,1,1757862774,1757862774,0
LTE,410,3,10305,207764582,0,74.2317,31.6134,1000,1,1,1757863912,1757863912,0
LTE,410,3,18804,28486915,-1,73.0662,33.6823,1000,1,1,1757919959,1757919959,0
LTE,410,3,10305,207408386,0,74.2625,31.6076,1000,1,1,1758001158,1758001158,0
LTE,410,3,10305,207406851,0,74.2625,31.6076,1000,1,1,1758001631,1758001631,0
LTE,410,3,10305,207757057,0,74.2625,31.6076,1000,1,1,1758001818,1758001818,0
LTE,410,3,10305,207406951,0,74.2625,31.6076,1000,1,1,1758002172,1758002172,0
LTE,410,3,10305,207405670,0,74.268,31.6104,1000,1,1,1758002432,1758002432,0
LTE,410,3,10305,207408586,0,74.2632,31.6101,1000,1,1,1758004153,1758004153,0
GSM,410,3,59912,29463,-1,66.9854,24.8196,1000,1,1,1758015989,1758015989,0
LTE,410,7,50626,131497473,-1,73.0409,33.7186,1000,1,1,1758114680,1758114680,0
GSM,410,1,10626,13665,-1,73.0489,33.7077,1000,1,1,1758114680,1758114680,0
GSM,410,1,10415,21287,-1,72.8453,33.5485,1000,1,1,1758114680,1758114680,0
UMTS,410,4,43204,28457742,-1,70.4543,29.6879,1000,1,1,1758340812,1758340812,0
LTE,410,6,11768,212572774,-1,70.4543,29.6879,1000,1,1,1758337500,1758337500,0
LTE,410,4,5042,13567234,-1,73.1313,33.6352,1000,1,1,1758422735,1758422735,0
LTE,410,4,5042,13567254,-1,73.1313,33.6351,1000,1,1,1758422727,1758422727,0
LTE,410,4,5042,13193484,-1,73.1313,33.6353,1000,1,1,1758423143,1758423143,0
LTE,410,4,5042,13565463,-1,73.1175,33.6296,1000,2,1,1758438812,1758459301,0
LTE,410,4,5042,2505503,-1,73.1166,33.6294,1000,2,1,1758438820,1758459301,0
LTE,410,4,5042,2505494,-1,73.1158,33.6292,1000,2,1,1758438830,1758459301,0
LTE,410,4,5042,2505493,-1,73.1146,33.6291,1000,3,1,1758438840,1758459301,0
LTE,410,4,5042,2480909,-1,73.1119,33.6291,1000,3,1,1758438870,1758459301,0
LTE,410,4,5042,2480929,-1,73.1117,33.6283,1000,4,1,1758438900,1758459301,0
LTE,410,4,5042,2480928,-1,73.1081,33.6237,1000,7,1,1758438969,1758459301,0
LTE,410,4,5042,13282326,-1,73.1086,33.6243,1000,3,1,1758438977,1758459301,0
LTE,410,4,5042,796448,-1,73.1066,33.6221,1000,2,1,1758439007,1758459301,0
LTE,410,4,5042,2412822,-1,73.1045,33.6231,1000,6,1,1758439017,1758459301,0
LTE,410,4,5042,2412823,-1,73.1025,33.6243,1000,4,1,1758439057,1758459301,0
LTE,410,4,5042,2412803,-1,73.1023,33.6255,1000,3,1,1758439087,1758459301,0
LTE,410,4,5042,12805122,-1,73.1021,33.6271,1000,3,1,1758439137,1758459301,0
LTE,410,4,5042,12805123,-1,73.1014,33.628,1000,5,1,1758439157,1758459301,0
LTE,410,4,5042,12920065,-1,73.091,33.6268,1000,7,1,1758439319,1758460382,0
LTE,410,4,5042,12920076,-1,73.088,33.6263,1000,5,1,1758439376,1758460382,0
LTE,410,4,5042,12920077,-1,73.0861,33.626,1000,2,1,1758439652,1758460382,0
LTE,410,4,5044,12987925,-1,73.0851,33.6263,1000,2,1,1758439672,1758460382,0
LTE,410,4,5044,13433345,-1,73.0764,33.6286,1000,4,1,1758439682,1758460382,0
LTE,410,4,5042,13393164,-1,73.0826,33.6279,1000,6,1,1758439702,1758460382,0
LTE,410,4,5044,2084169,-1,73.0743,33.627,1000,6,1,1758439756,1758460383,0
LTE,410,4,5042,13393155,-1,73.0778,33.6276,1000,12,1,1758439765,1758460382,0
LTE,410,4,5044,2084168,-1,73.0712,33.6284,1000,10,1,1758439931,1758460383,0
LTE,410,4,5042,2419724,-1,73.0717,33.6295,1000,2,1,1758439951,1758460382,0
LTE,410,4,5044,13108737,-1,73.0681,33.624,1000,5,1,1758440047,1758460383,0
LTE,410,4,5044,13108738,-1,73.0669,33.6222,1000,6,1,1758440106,1758460383,0
LTE,410,4,5044,2426635,-1,73.0659,33.6192,1000,5,1,1758440167,1758460383,0
LTE,410,4,5044,804875,-1,73.0657,33.6179,1000,3,1,1758440198,1758460383,0
LTE,410,4,5044,2416464,-1,73.0651,33.6134,1000,2,1,1758440257,1758460383,0
LTE,410,4,5044,2416463,-1,73.0652,33.6119,1000,3,1,1758440274,1758460383,0
LTE,410,4,5044,2090242,-1,73.0653,33.6109,1000,3,1,1758440284,1758460383,0
LTE,410,4,5044,2541069,-1,73.0654,33.6098,1000,3,1,1758440294,1758460383,0
LTE,410,4,5044,2489357,-1,73.0658,33.6067,1000,4,1,1758440334,1758460383,0
LTE,410,4,5044,2115597,-1,73.0659,33.6033,1000,3,1,1758440384,1758460383,0
LTE,410,4,5044,2115596,-1,73.0635,33.6002,1000,2,1,1758440434,1758460383,0
LTE,410,4,5041,13402626,-1,73.0527,33.6008,1000,4,1,1758442623,1758462601,0
LTE,410,4,5041,2438915,-1,73.0528,33.6019,1000,3,1,1758442661,1758462601,0
LTE,410,4,5041,13049612,-1,73.0521,33.6026,1000,4,1,1758442681,1758462601,0
LTE,410,4,5041,13744897,-1,73.0513,33.6028,1000,1,1,1758442711,1758442711,0
LTE,410,4,5041,13744898,-1,73.051,33.6028,1000,1,1,1758442721,1758442721,0
LTE,410,4,5035,2545184,-1,73.029,33.7157,1000,1,1,1758498564,1758498564,0
LTE,410,3,30482,31004163,-1,74.2615,31.4526,1000,1,1,1759023733,1759023733,0
GSM,410,4,4109,5664,-1,73.1283,30.349,1000,1,1,1759091362,1759091362,0
LTE,410,4,5056,2321665,-1,73.0454,33.6813,1000,1,1,1759211174,1759211174,0
GSM,410,6,117,61242,-1,73.1283,30.349,1000,8,1,1758520704,1759491841,0
GSM,410,6,117,60303,-1,73.1284,30.3489,1000,7,1,1758410177,1759491841,0
GSM,410,6,117,47902,-1,73.1283,30.349,1000,2,1,1758520704,1759491841,0
UMTS,410,6,1744,7901772,35,73.1194,30.3482,1000,19,1,1758968370,1781092501,0
UMTS,410,6,1744,7901773,43,73.1283,30.349,1000,4,1,1758968340,1759491841,0
UMTS,410,3,34034,1329507,104,73.1282,30.3485,1000,9,1,1759021160,1779691682,0
UMTS,410,3,34034,1329513,21,73.1284,30.3488,1000,3,1,1759021220,1779691682,0
UMTS,410,4,4109,26662350,178,73.1283,30.349,1000,4,1,1759233014,1759491841,0
UMTS,410,6,1742,42701,82,73.1278,30.3493,500,43,1,1759233014,1759491842,0
UMTS,410,6,1744,42701,209,73.1277,30.3494,500,32,1,1759233014,1759491841,0
LTE,410,3,10002,37062403,-1,67.0369,24.9702,1000,1,1,1758358812,1758358812,0
LTE,410,3,10692,36444674,-1,67.1847,24.9178,1000,21,1,1759577282,1759600022,0
LTE,410,3,10692,37102082,-1,67.1834,24.9082,1000,12,1,1759577298,1759600022,0
LTE,410,3,10021,37385985,-1,67.1825,24.9055,1000,4,1,1759577338,1759600022,0
LTE,410,3,10021,37384961,-1,67.1838,24.9093,1000,3,1,1759577418,1759600022,0
LTE,410,3,10692,36444673,-1,67.18,24.9261,1000,5,1,1759577648,1759600022,0
LTE,410,3,10692,36423692,-1,67.1781,24.9313,1000,13,1,1759577708,1759600022,0
LTE,410,3,10692,36423691,-1,67.1771,24.9361,1000,5,1,1759577808,1759600022,0
LTE,410,3,10692,36423681,-1,67.1793,24.9415,1000,10,1,1759577958,1759600022,0
LTE,410,3,10691,36814851,-1,67.1822,24.9485,1000,15,1,1759578028,1759600022,0
LTE,410,3,10691,36814850,-1,67.1836,24.9537,1000,8,1,1759578098,1759600022,0
LTE,410,3,10691,36814849,-1,67.1842,24.9565,1000,4,1,1759578128,1759600022,0
LTE,410,3,10691,36408578,-1,67.1869,24.9649,1000,19,1,1759578158,1759600022,0
LTE,410,3,10692,36498433,-1,67.1916,24.9769,1000,7,1,1759578218,1759600022,0
LTE,410,3,10691,36408577,-1,67.1909,24.9741,1000,19,1,1759578228,1759600022,0
LTE,410,3,10691,36818947,-1,67.1923,24.9793,1000,4,1,1759578288,1759600022,0
LTE,410,3,10691,36374275,-1,67.1927,24.981,1000,4,1,1759578298,1759600022,0
LTE,410,3,10691,37066242,-1,67.1911,24.9875,1000,24,1,1759578318,1759600022,0
LTE,410,3,10701,37391617,-1,67.0937,24.9512,1000,8,1,1759579134,1767461404,0
LTE,410,3,10701,36362755,-1,67.0901,24.9481,1000,5,1,1759579160,1759600023,0
LTE,410,3,10701,36475393,-1,67.0764,24.9371,1000,6,1,1759579504,1759600023,0
LTE,410,3,10701,36475394,-1,67.0748,24.9359,1000,4,1,1759579524,1759600023,0
LTE,410,6,11744,212677123,-1,73.1283,30.349,1000,3,1,1759986041,1784115241,0
GSM,410,1,10607,10679,-1,72.9861,33.6955,1000,7,1,1760366612,1760387341,0
GSM,410,1,10199,14553,-1,72.9861,33.6958,1000,3,1,1760366612,1760387341,0
GSM,410,1,10607,41910,-1,72.9842,33.6943,1000,1,1,1760366612,1760366612,0
GSM,410,1,10199,31823,-1,72.9842,33.6943,1000,1,1,1760366612,1760366612,0
GSM,410,1,10607,34514,-1,72.9857,33.6956,1000,10,1,1760366612,1760387341,0
GSM,410,1,10199,11823,-1,72.9842,33.6943,1000,1,1,1760366612,1760366612,0
GSM,410,1,10607,33954,-1,72.9861,33.6955,1000,7,1,1760366612,1760387341,0
GSM,410,1,10199,40103,-1,72.9864,33.6957,1000,6,1,1760366618,1760387341,0
GSM,410,1,10199,31459,-1,72.986,33.6952,1000,4,1,1760366618,1760387341,0
GSM,410,1,10607,30328,-1,72.9864,33.6957,1000,6,1,1760366618,1760387341,0
GSM,410,1,10606,14073,-1,72.9864,33.6957,1000,6,1,1760366618,1760387341,0
UMTS,410,4,31301,53319642,123,72.9844,33.6943,1000,4,1,1760366708,1760387941,0
UMTS,410,4,31301,53318776,69,72.9845,33.6942,1000,3,1,1760366748,1760387941,0
UMTS,410,4,31301,53340836,148,72.9847,33.6943,1000,7,1,1760366968,1760387341,0
UMTS,410,4,31301,53299860,83,72.9847,33.6942,1000,6,1,1760367058,1760387941,0
UMTS,410,4,31301,53287213,315,72.9849,33.6943,1000,4,1,1760367058,1760387341,0
UMTS,410,4,31301,53301490,396,72.9842,33.6941,1000,1,1,1760367208,1760367208,0
UMTS,410,4,31301,53290781,172,72.9842,33.6941,1000,1,1,1760367278,1760367278,0
UMTS,410,4,31301,53309642,115,72.9842,33.694,1000,1,1,1760368029,1760368029,0
UMTS,410,4,31301,53300312,197,72.9842,33.694,1000,1,1,1760368029,1760368029,0
LTE,410,1,50166,32060424,-1,74.2956,31.6551,1000,2,1,1760892471,1771736762,0
LTE,410,1,50170,33105666,-1,74.3797,31.5647,1000,8,1,1760935882,1760971741,0
LTE,410,1,50170,33105676,-1,74.3797,31.5649,1000,1,1,1760935821,1760935821,0
GSM,410,1,10170,29319,-1,74.3796,31.565,1000,3,1,1760937695,1760971741,0
LTE,410,1,50170,32014594,-1,74.3795,31.5643,1000,1,1,1760940052,1760940052,0
LTE,410,1,50170,33105665,-1,74.3807,31.5672,1000,3,1,1760940717,1761044881,0
LTE,410,1,50170,32014614,-1,74.3794,31.5646,1000,1,1,1760942051,1760942051,0
LTE,410,1,50155,30724099,-1,74.3811,31.5747,1000,1,1,1760952144,1760952144,0
LTE,410,1,50155,31934467,-1,74.3809,31.5717,1000,1,1,1760952084,1760952084,0
LTE,410,1,50155,33116930,-1,74.3812,31.579,1000,2,1,1760952205,1761044881,0
LTE,410,1,50155,32840968,-1,74.3812,31.5837,1000,1,1,1760952326,1760952326,0
LTE,410,1,50155,32840963,-1,74.3791,31.5832,1000,1,1,1760952387,1760952387,0
LTE,410,1,50155,30820611,-1,74.3742,31.581,1000,1,1,1760952447,1760952447,0
LTE,410,1,50155,32840962,-1,74.3617,31.5775,1000,1,1,1760952567,1760952567,0
LTE,410,1,50258,31087874,-1,74.369,31.5789,1000,1,1,1760952507,1760952507,0
LTE,410,1,50258,32497667,-1,74.3539,31.5762,1000,1,1,1760952628,1760952628,0
LTE,410,1,50258,30844163,-1,74.3487,31.5741,1000,1,1,1760952689,1760952689,0
LTE,410,1,50162,30914818,-1,74.3457,31.5665,1000,1,1,1760952749,1760952749,0
LTE,410,1,50156,30936834,-1,74.3447,31.565,1000,1,1,1760952809,1760952809,0
LTE,410,1,50162,30776578,-1,74.3421,31.5665,1000,1,1,1760952870,1760952870,0
LTE,410,1,50162,30914819,-1,74.3383,31.5717,1000,1,1,1760952930,1760952930,0
LTE,410,1,50162,30858497,-1,74.3373,31.5732,1000,1,1,1760952991,1760952991,0
LTE,410,1,50162,31442946,-1,74.336,31.5753,1000,1,1,1760953051,1760953051,0
LTE,410,1,50162,31442965,-1,74.3343,31.5772,1000,1,1,1760953112,1760953112,0
LTE,410,1,50157,32826113,-1,74.3303,31.5832,1000,1,1,1760953172,1760953172,0
LTE,410,1,50159,31068674,-1,74.3254,31.5868,1000,1,1,1760953232,1760953232,0
LTE,410,1,50159,31068673,-1,74.3221,31.5876,1000,2,1,1760953293,1761044881,0
LTE,410,1,50159,33271299,-1,74.3178,31.5892,1000,1,1,1760953413,1760953413,0
LTE,410,1,50159,33278466,-1,74.3168,31.5936,1000,1,1,1760953474,1760953474,0
LTE,410,1,50159,32821763,-1,74.3116,31.5954,1000,1,1,1760953535,1760953535,0
LTE,410,1,50159,30877729,-1,74.3065,31.5911,1000,1,1,1760953596,1760953596,0
LTE,410,1,50159,30877727,-1,74.304,31.5924,1000,2,1,1760953656,1765105921,0
LTE,410,1,50191,30764552,-1,74.2986,31.5985,1000,1,1,1760953777,1760953777,0
LTE,410,1,50191,31520257,-1,74.3014,31.5951,1000,1,1,1760953716,1760953716,0
LTE,410,1,50191,32460035,-1,74.2972,31.6001,1000,1,1,1760953837,1760953837,0
LTE,410,1,50191,32460034,-1,74.295,31.5946,1000,1,1,1760953898,1760953898,0
LTE,410,1,50195,33228807,-1,74.2909,31.5837,1000,1,1,1760953959,1760953959,0
LTE,410,1,50195,32448791,-1,74.2863,31.5753,1000,1,1,1760954020,1760954020,0
LTE,410,1,50169,33165570,-1,74.28,31.5638,1000,1,1,1760954080,1760954080,0
LTE,410,1,50169,31116546,-1,74.2737,31.5562,1000,4,1,1760954140,1761044882,0
LTE,410,1,50174,31099905,-1,74.2667,31.5442,1000,1,1,1760954201,1760954201,0
LTE,410,1,50174,33246217,-1,74.2652,31.5392,1000,1,1,1760954261,1760954261,0
LTE,410,1,50174,32461570,-1,74.2656,31.5414,1000,1,1,1760954321,1760954321,0
LTE,410,1,50174,31545889,-1,74.2672,31.546,1000,1,1,1760954382,1760954382,0
LTE,410,1,50174,33009667,-1,74.2698,31.5507,1000,1,1,1760954442,1760954442,0
LTE,410,1,50169,31097877,-1,74.2726,31.5536,1000,1,1,1760954502,1760954502,0
LTE,410,1,50174,33190175,-1,74.2713,31.5567,1000,1,1,1760954744,1760954744,0
LTE,410,1,50174,33190198,-1,74.2699,31.5569,1000,1,1,1760954804,1760954804,0
LTE,410,1,50174,33190196,-1,74.2689,31.5566,1000,1,1,1760954864,1760954864,0
LTE,410,1,50174,33190195,-1,74.2674,31.5561,1000,1,1,1760954925,1760954925,0
LTE,410,1,50174,31548192,-1,74.2661,31.5548,1000,6,1,1760954986,1761044882,0
LTE,410,1,50174,31548191,-1,74.2655,31.5542,1000,5,1,1760958132,1761044882,0
LTE,410,1,50174,31548214,-1,74.2653,31.554,1000,1,1,1760958253,1760958253,0
LTE,410,7,50174,31548191,-1,74.2652,31.554,1000,1,1,1760958374,1760958374,0
LTE,410,1,50174,31548171,-1,74.2656,31.5545,1000,1,1,1760960310,1760960310,0
LTE,410,1,50712,33212684,-1,74.2086,32.05,1000,1,1,1761024326,1761024326,0
LTE,410,1,50712,31580684,-1,74.2109,32.0381,1000,1,1,1761024266,1761024266,0
LTE,410,1,50712,33212685,-1,74.207,32.0591,1000,1,1,1761024386,1761024386,0
LTE,410,1,50712,32982293,-1,74.2056,32.0671,1000,1,1,1761024447,1761024447,0
LTE,410,1,50712,32982303,-1,74.2041,32.0759,1000,1,1,1761024507,1761024507,0
LTE,410,1,50712,33133833,-1,74.202,32.0875,1000,2,1,1761024567,1761044882,0
LTE,410,1,50712,32926722,-1,74.201,32.0924,1000,1,1,1761024688,1761024688,0
LTE,410,1,50712,32926721,-1,74.2007,32.0937,1000,1,1,1761024749,1761024749,0
LTE,410,1,50712,31715074,-1,74.1993,32.0949,1000,1,1,1761024809,1761024809,0
LTE,410,1,50712,31715075,-1,74.1944,32.0983,1000,1,1,1761024870,1761024870,0
LTE,410,1,50712,32123393,-1,74.1903,32.1012,1000,1,1,1761024931,1761024931,0
LTE,410,4,5033,2348814,-1,73.1411,33.6776,1000,3,1,1761170562,1761209761,0
LTE,410,4,5033,12809985,-1,73.1294,33.6875,1000,7,1,1761170672,1761209762,0
UMTS,410,4,31302,53310332,36,73.1102,33.6987,1000,6,1,1761170892,1761209762,0
LTE,410,4,5035,2448387,-1,73.1057,33.7077,1000,4,1,1761170972,1761209762,0
LTE,410,4,5035,2377051,-1,73.11,33.7132,1000,10,1,1761171052,1761209762,0
LTE,410,4,5035,2377052,-1,73.1162,33.7166,1000,11,1,1761171082,1761209762,0
LTE,410,4,5035,2377032,-1,73.1231,33.7189,1000,14,1,1761171102,1761209762,0
LTE,410,1,55890,34212865,-1,71.2526,29.1453,1000,1,1,1761287061,1761287061,0
LTE,410,6,10479,217715657,-1,71.5012,33.5535,1000,4,1,1762467092,1762604282,0
LTE,410,3,12203,28746579,-1,71.5007,33.5539,1000,14,1,1762467092,1762604282,0
UMTS,410,4,31202,53278551,-1,71.502,33.5544,1000,3,1,1762604234,1762604281,0
LTE,410,6,10479,217715557,-1,71.5011,33.5534,1000,7,1,1762468819,1762604282,0
LTE,410,6,10479,217715457,-1,71.5007,33.5539,1000,17,1,1762485082,1762604282,0
LTE,410,3,12203,28746539,-1,71.5011,33.554,1000,4,1,1762522433,1762604282,0
LTE,410,3,12203,28746519,-1,71.5012,33.5536,1000,5,1,1762522817,1762604282,0
LTE,410,6,10479,217623143,-1,71.5001,33.5541,1000,2,1,1762528138,1762604282,0
LTE,410,6,10479,217715301,-1,71.4991,33.5541,1000,2,1,1762528198,1762604282,0
LTE,410,6,10479,208732007,-1,71.5004,33.5538,1000,4,1,1762528330,1762604282,0
LTE,410,1,50705,33138433,-1,74.1568,32.1574,1000,4,1,1761027392,1763156174,0
LTE,410,1,50705,33138439,-1,74.1572,32.1561,1000,3,1,1761028047,1763156174,0
LTE,410,1,50705,33138434,-1,74.1574,32.1557,1000,4,1,1761028167,1763156174,0
LTE,410,4,50018,1901312,-1,71.2995,30.9385,1000,1,1,1763632639,1763632639,0
LTE,410,4,50018,1514242,-1,71.0574,30.9676,1000,18,1,1763854915,1763875742,0
LTE,410,4,50018,1514251,-1,71.0658,30.9668,1000,6,1,1763854971,1763875741,0
LTE,410,4,50018,1514240,-1,71.0725,30.9662,1000,12,1,1763854981,1763875741,0
LTE,410,4,50018,1514250,-1,71.0725,30.9661,1000,11,1,1763854991,1763875741,0
LTE,410,4,50018,1295874,-1,71.0867,30.9647,1000,21,1,1763855021,1763875742,0
LTE,410,4,50018,1295876,-1,71.1002,30.9633,1000,17,1,1763855111,1763875742,0
LTE,410,4,50018,1295872,-1,71.1157,30.9618,1006,22,1,1763855161,1763875742,0
LTE,410,4,50018,10843136,-1,71.1412,30.9594,1000,22,1,1763855301,1763875742,0
LTE,410,4,50018,10843141,-1,71.1682,30.9588,1587,5,1,1763855431,1763875742,0
LTE,410,4,50018,10843137,-1,71.162,30.9577,1000,22,1,1763855435,1763875742,0
UMTS,410,4,43602,28533384,210,71.182,30.962,727,26,1,1763855544,1763875743,0
UMTS,410,4,43602,28541599,179,71.1896,30.9644,1000,4,1,1763855614,1763875743,0
LTE,410,4,50018,11065345,-1,71.1967,30.9654,1000,18,1,1763855624,1763875743,0
LTE,410,4,50018,11065349,-1,71.1994,30.965,1000,14,1,1763855634,1763875743,0
LTE,410,4,50018,11202822,-1,71.2071,30.964,1000,3,1,1763855734,1763875743,0
LTE,410,4,50018,11202820,-1,71.2092,30.9638,1000,5,1,1763855754,1763875743,0
LTE,410,4,50018,11202821,-1,71.2112,30.9632,1000,7,1,1763855774,1763875743,0
LTE,410,4,50018,1297423,-1,71.2122,30.9637,1000,2,1,1763855834,1763875743,0
LTE,410,4,50018,11202817,-1,71.2121,30.964,1000,1,1,1763855844,1763855844,0
LTE,410,4,50018,1297419,-1,71.2121,30.9642,1000,1,1,1763855854,1763855854,0
LTE,410,4,50018,10583809,-1,71.2119,30.9643,1000,1,1,1763855874,1763855874,0
LTE,410,4,50018,10583554,-1,71.2118,30.9644,1000,1,1,1763855884,1763855884,0
LTE,410,3,10611,36485121,-1,67.0516,24.8963,1000,4,1,1764448367,1764488054,0
LTE,410,3,10611,36485123,-1,67.0496,24.8954,1000,6,1,1764448374,1764488054,0
LTE,410,3,10723,37079298,-1,67.0473,24.8942,1000,6,1,1764448384,1764488054,0
LTE,410,3,10723,36455683,-1,67.045,24.8932,1000,6,1,1764448394,1764488054,0
LTE,410,3,10615,36460801,-1,67.0405,24.8927,1000,14,1,1764448404,1764488054,0
LTE,410,3,10723,36504067,-1,67.0351,24.8911,1000,11,1,1764448434,1764488054,0
LTE,410,3,10615,36478723,-1,67.0318,24.8898,1000,6,1,1764448454,1764488054,0
LTE,410,3,10723,37384706,-1,67.0294,24.8892,1000,6,1,1764448464,1764488054,0
LTE,410,3,10615,36478209,-1,67.0261,24.8872,1000,6,1,1764448474,1764488054,0
LTE,410,3,10615,36489729,-1,67.0204,24.8821,1000,12,1,1764448494,1764488055,0
LTE,410,3,10033,37098242,-1,67.0128,24.8788,1000,20,1,1764448534,1764488055,0
LTE,410,3,10033,37098241,-1,67.007,24.88,1000,6,1,1764448574,1764488055,0
LTE,410,3,10033,36409090,-1,67.0024,24.8805,1000,15,1,1764448584,1764488055,0
LTE,410,3,10033,36421123,-1,66.9942,24.879,1000,10,1,1764448614,1764488055,0
LTE,410,3,10033,37085698,-1,66.9876,24.8763,1000,24,1,1764448634,1764488055,0
LTE,410,3,10033,37085699,-1,66.9794,24.8726,1000,12,1,1764448714,1764488055,0
LTE,410,3,10033,37071361,-1,66.9599,24.872,753,32,1,1764448954,1764488102,0
LTE,410,3,10033,37052673,-1,66.9497,24.8687,1000,17,1,1764449044,1764488102,0
LTE,410,3,10033,37448193,-1,66.9395,24.8675,1000,18,1,1764449094,1764488056,0
LTE,410,3,10033,37448194,-1,66.9328,24.8677,1000,9,1,1764449174,1764488056,0
LTE,410,3,10033,37064706,-1,66.9378,24.8676,621,25,1,1764449184,1764488101,0
LTE,410,3,10033,37064707,-1,66.9194,24.8624,2131,50,1,1764449224,1764488101,0
LTE,410,3,10033,37448450,-1,66.9207,24.8697,1000,8,1,1764449324,1764488056,0
LTE,410,3,10033,37448451,-1,66.9186,24.8687,1000,3,1,1764449374,1764488056,0
LTE,410,3,10033,37031681,-1,66.9195,24.8689,1000,11,1,1764449404,1764488101,0
LTE,410,3,10033,37031683,-1,66.9116,24.8573,1653,50,1,1764449434,1764488057,0
UMTS,410,3,31003,236263,263,66.9079,24.8515,1000,13,1,1764449675,1764488057,0
UMTS,410,3,31003,231270,52,66.9111,24.8517,1205,19,1,1764449764,1764488057,0
UMTS,410,3,31003,231345,21,66.9115,24.8404,1000,4,1,1764449814,1764488057,0
UMTS,410,3,31003,233983,506,66.9137,24.8392,1000,7,1,1764449824,1764488057,0
UMTS,410,3,31003,235415,506,66.9177,24.8368,1000,11,1,1764449844,1764488057,0
LTE,410,3,10032,36948739,-1,66.9201,24.8352,1000,5,1,1764449875,1764488057,0
LTE,410,3,10033,36475652,-1,66.9205,24.8349,1000,1,1,1764449885,1764449885,0
LTE,410,3,10034,36774659,-1,66.9204,24.8349,1000,2,1,1764449895,1764488057,0
LTE,410,3,10033,37052675,-1,66.9437,24.8638,3981,15,1,1764449905,1764488101,0
LTE,410,3,10002,36756739,-1,66.9202,24.8351,1000,1,1,1764449945,1764449945,0
LTE,410,3,10033,37033475,-1,66.9064,24.8508,1000,4,1,1764458729,1764488057,0
UMTS,410,3,31003,235259,465,66.9082,24.8519,1000,3,1,1764458759,1764488057,0
LTE,410,3,10033,37033474,-1,66.9197,24.8695,1000,1,1,1764459029,1764459029,0
LTE,410,3,10033,37052674,-1,66.9549,24.87,1000,6,1,1764459339,1764488101,0
LTE,410,3,10033,37071363,-1,66.9575,24.8706,1000,3,1,1764459359,1764488101,0
GSM,410,3,53300,33388,-1,74.2767,31.5232,1000,3,1,1764855136,1764875461,0
GSM,410,3,57700,21699,-1,74.2765,31.5231,1000,1,1,1764855136,1764855136,0
GSM,410,1,10143,39744,-1,74.2765,31.5233,1000,8,1,1764855136,1764875461,0
GSM,410,1,10143,19744,-1,74.2764,31.5233,1000,6,1,1764855225,1764875461,0
GSM,410,1,10143,34941,-1,74.2763,31.5233,1000,6,1,1764855270,1764875461,0
UMTS,410,3,33002,1198921,259,74.2763,31.5228,1000,3,1,1764855411,1764875461,0
GSM,410,1,10143,29744,-1,74.2763,31.5233,1000,5,1,1764855411,1764875461,0
GSM,410,1,10143,24941,-1,74.2763,31.5233,1000,5,1,1764855411,1764875461,0
GSM,410,1,10143,19347,-1,74.2764,31.5235,1000,3,1,1764855411,1764875461,0
UMTS,410,3,33002,1193921,259,74.2764,31.5234,1000,4,1,1764855477,1764875461,0
GSM,410,1,10143,31488,-1,74.2763,31.5231,1000,2,1,1764855477,1764875461,0
GSM,410,1,10160,29292,-1,74.2764,31.5237,1000,2,1,1764855516,1764875461,0
GSM,410,1,10160,23249,-1,74.2764,31.5235,1000,1,1,1764855527,1764855527,0
LTE,410,3,30023,31813889,-1,74.2765,31.5236,1000,1,1,1764855577,1764855577,0
LTE,410,3,30023,31813891,-1,74.2766,31.5236,1000,1,1,1764855557,1764855557,0
LTE,410,1,50143,33214473,-1,74.2765,31.5236,1000,2,1,1764855557,1764875462,0
UMTS,410,6,1786,9420970,419,70.314,28.4226,1000,5,1,1764998742,1765022344,0
UMTS,410,6,1786,9420983,419,70.3149,28.4233,1000,8,1,1764998942,1765022344,0
UMTS,410,6,1786,9420981,119,70.3141,28.4225,1000,13,1,1764999092,1765022344,0
LTE,410,6,5555,212526082,-1,70.3092,28.4202,1343,3,1,1764999322,1765022344,0
LTE,410,6,11786,212526081,-1,70.3148,28.4236,1000,3,1,1764999332,1765022343,0
UMTS,410,6,1786,9420979,119,70.3149,28.4235,1000,1,1,1764999612,1764999612,0
LTE,410,6,11786,212631554,-1,70.3147,28.4236,1000,1,1,1765000092,1765000092,0
UMTS,410,6,1786,9420999,148,70.3085,28.4223,1000,18,1,1765001682,1765022344,0
UMTS,410,6,1786,9400181,250,70.3021,28.4194,1000,4,1,1765001842,1765022344,0
UMTS,410,6,1786,9422380,140,70.3038,28.4211,1000,4,1,1765001842,1765022344,0
UMTS,410,6,1786,9422381,250,70.3029,28.4201,1000,5,1,1765001852,1765022344,0
UMTS,410,6,1786,9421020,63,70.3012,28.4191,1000,7,1,1765001892,1765022344,0
UMTS,410,6,1786,9400180,250,70.2993,28.416,1000,16,1,1765001942,1765022344,0
UMTS,410,6,1786,9397340,224,70.2975,28.415,1000,6,1,1765002032,1765022344,0
UMTS,410,6,1786,9421015,0,70.2974,28.4142,1000,1,1,1765002092,1765002092,0
UMTS,410,6,1786,9402219,224,70.2974,28.4138,1000,1,1,1765002102,1765002102,0
LTE,410,7,50848,36069901,-1,70.2977,28.4135,1000,1,1,1765002272,1765002272,0
LTE,410,1,50848,36946445,-1,70.2977,28.4135,1000,2,1,1765002282,1765022344,0
LTE,410,1,11786,212527719,-1,70.2977,28.4135,1000,1,1,1765002292,1765002292,0
UMTS,410,6,1786,28700251,250,70.2977,28.4134,1000,1,1,1765002312,1765002312,0
LTE,410,6,11786,212527618,-1,70.2977,28.4134,1000,5,1,1765002392,1765111141,0
LTE,410,1,50143,32416003,-1,74.281,31.5285,1000,2,1,1763138285,1765105921,0
LTE,410,1,50143,31100962,-1,74.2792,31.528,1000,1,1,1763138164,1763138164,0
LTE,410,1,50143,31100969,-1,74.2791,31.5274,1000,1,1,1763138224,1763138224,0
LTE,410,1,50174,33112067,-1,74.2803,31.5295,1000,5,1,1763138345,1765105922,0
LTE,410,1,50174,33112066,-1,74.2819,31.5289,1000,1,1,1763138527,1763138527,0
LTE,410,1,50143,31100960,-1,74.2784,31.5278,1000,1,1,1763138891,1763138891,0
LTE,410,1,50143,31984899,-1,74.2786,31.5257,1000,1,1,1763138951,1763138951,0
LTE,410,1,50143,31984897,-1,74.2822,31.5245,1000,1,1,1763139796,1763139796,0
LTE,410,1,50143,31101443,-1,74.2837,31.5257,1000,1,1,1763139857,1763139857,0
LTE,410,1,50147,31609089,-1,74.2861,31.53,1000,1,1,1763139917,1763139917,0
LTE,410,1,50147,32015875,-1,74.2901,31.5359,1000,1,1,1763139977,1763139977,0
LTE,410,1,50147,30735623,-1,74.2947,31.5444,1000,1,1,1763140038,1763140038,0
LTE,410,1,50147,30862082,-1,74.3002,31.5509,1000,1,1,1763140098,1763140098,0
LTE,410,1,50147,30753075,-1,74.3053,31.5563,1000,1,1,1763140159,1763140159,0
LTE,410,1,50165,30859011,-1,74.3048,31.5636,1000,1,1,1763140219,1763140219,0
LTE,410,1,50165,32017671,-1,74.3046,31.5695,1000,1,1,1763140280,1763140280,0
LTE,410,1,50165,30768385,-1,74.3058,31.5728,1000,1,1,1763140341,1763140341,0
LTE,410,1,50195,30778881,-1,74.3063,31.5782,1000,1,1,1763140401,1763140401,0
LTE,410,1,50159,33132291,-1,74.3067,31.5856,1000,1,1,1763140461,1763140461,0
LTE,410,1,50191,30764553,-1,74.2988,31.6002,1000,1,1,1763140582,1763140582,0
LTE,410,1,50191,31095860,-1,74.2961,31.6077,1000,1,1,1763140642,1763140642,0
LTE,410,1,50193,32795651,-1,74.2886,31.6261,1000,1,1,1763140762,1763140762,0
LTE,410,1,50193,32979464,-1,74.2904,31.6174,1000,1,1,1763140702,1763140702,0
LTE,410,1,50166,33172738,-1,74.2868,31.6344,1000,1,1,1763140822,1763140822,0
LTE,410,1,50166,31730998,-1,74.2845,31.645,1000,1,1,1763140883,1763140883,0
LTE,410,1,50166,31730978,-1,74.2915,31.645,1000,1,1,1763141003,1763141003,0
LTE,410,1,50166,31730976,-1,74.2871,31.6446,1000,1,1,1763140943,1763140943,0
LTE,410,1,50166,33240609,-1,74.297,31.6498,1000,3,1,1763141063,1771736762,0
LTE,410,1,50166,33002755,-1,74.2955,31.6521,1000,2,1,1763141123,1765105922,0
LTE,410,1,50166,33240608,-1,74.2947,31.6517,1000,2,1,1763141184,1771736762,0
LTE,410,1,50166,33001985,-1,74.2952,31.6544,1000,5,1,1763141305,1771736762,0
LTE,410,1,50166,32439042,-1,74.2951,31.655,1000,2,1,1763141366,1771736762,0
LTE,410,6,11786,212526595,-1,70.2976,28.4135,1000,1,1,1765024920,1765024920,0
LTE,410,6,11786,212527105,-1,70.3032,28.4219,1000,8,1,1765052343,1765111141,0
LTE,410,6,11786,212515075,-1,70.3063,28.4243,1000,11,1,1765052662,1765111141,0
LTE,410,6,11786,212630274,-1,70.3045,28.4293,1000,10,1,1765052722,1765111141,0
LTE,410,6,11786,212630275,-1,70.2927,28.4439,2112,23,1,1765052782,1765111142,0
LTE,410,6,11786,212632065,-1,70.3028,28.433,1000,2,1,1765052792,1765111141,0
LTE,410,6,11786,212631298,-1,70.3034,28.4367,1000,2,1,1765052832,1765111141,0
LTE,410,6,11786,212631297,-1,70.2928,28.4399,1036,47,1,1765052852,1765111142,0
LTE,410,6,11786,212632579,-1,70.2848,28.4494,1000,4,1,1765053032,1765111142,0
LTE,410,6,11786,212490499,-1,70.2708,28.4758,3151,38,1,1765053042,1765111142,0
LTE,410,6,11786,212491265,-1,70.2773,28.456,1000,14,1,1765053052,1765111142,0
LTE,410,6,11786,212485635,-1,70.2709,28.4642,984,25,1,1765053102,1765111142,0
LTE,410,6,10841,59428840,-1,70.2636,28.5087,2482,28,1,1765053302,1765111143,0
LTE,410,6,10841,59428839,-1,70.2626,28.6565,12639,51,1,1765053502,1765111160,0
LTE,410,6,11786,212631655,-1,70.2418,28.5987,1000,5,1,1765053992,1765111143,0
LTE,410,6,11786,212768770,-1,70.2391,28.6165,1865,21,1,1765054002,1765111144,0
LTE,410,6,11786,212768769,-1,70.2352,28.6357,1000,6,1,1765054232,1765111144,0
LTE,410,6,11786,208675842,-1,70.2631,28.6563,3672,12,1,1765054262,1765111145,0
LTE,410,6,11786,212730882,-1,70.2958,28.6824,2246,23,1,1765054482,1765111145,0
LTE,410,6,11786,208675841,-1,70.3285,28.7228,4672,21,1,1765054582,1765111146,0
LTE,410,6,11785,208553986,-1,70.3506,28.7435,6206,22,1,1765054632,1765111146,0
LTE,410,6,11785,208553985,-1,70.3712,28.7532,1260,41,1,1765054872,1765111146,0
LTE,410,6,11785,208553473,-1,70.4072,28.7699,2731,51,1,1765054952,1765111147,0
LTE,410,6,11785,212623719,-1,70.4268,28.7831,1039,27,1,1765055092,1765111147,0
LTE,410,6,11785,208553475,-1,70.4455,28.7988,2603,36,1,1765055122,1765111147,0
LTE,410,6,11785,212767746,-1,70.4991,28.8432,5520,21,1,1765055272,1765111186,0
LTE,410,6,11785,212623619,-1,70.4739,28.8229,1349,22,1,1765055302,1765111147,0
LTE,410,6,11785,212623873,-1,70.53,28.8594,2548,21,1,1765055502,1765111148,0
LTE,410,6,11785,212770050,-1,70.5228,28.8558,1000,11,1,1765055552,1765111148,0
LTE,410,6,11785,212770051,-1,70.5947,28.8935,6383,21,1,1765055622,1765111183,0
LTE,410,6,11785,212770049,-1,70.6443,28.9424,6370,21,1,1765055862,1765111189,0
LTE,410,6,11785,208555623,-1,70.6444,28.9424,1540,17,1,1765056032,1765111150,0
LTE,410,6,11785,208368899,-1,70.651,28.9489,1000,11,1,1765056092,1765111149,0
LTE,410,6,11785,212616962,-1,70.6805,28.9794,3596,21,1,1765056132,1765111150,0
LTE,410,6,11785,212616961,-1,70.7109,29.0087,3122,51,1,1765056302,1765111151,0
LTE,410,6,11785,208574055,-1,70.736,29.0228,1072,23,1,1765056452,1765111151,0
LTE,410,6,11785,208573955,-1,70.7585,29.0336,1423,46,1,1765056532,1765111151,0
LTE,410,6,11823,212766210,-1,70.8021,29.0675,4302,21,1,1765056622,1765111152,0
LTE,410,6,11823,212766209,-1,70.8317,29.099,3608,25,1,1765056792,1765111152,0
LTE,410,6,11823,212759299,-1,70.8695,29.1212,3924,30,1,1765056922,1765111152,0
LTE,410,6,11823,212765697,-1,70.8548,29.1144,783,26,1,1765056972,1765111152,0
LTE,410,6,11823,208402790,-1,70.8633,29.1185,1000,6,1,1765057022,1765111152,0
LTE,410,6,11823,208363267,-1,70.8791,29.1256,1000,16,1,1765057062,1765111152,0
LTE,410,6,11823,208363266,-1,70.9312,29.151,4316,21,1,1765057142,1765111189,0
LTE,410,6,11823,208363265,-1,70.9453,29.1579,1000,21,1,1765057312,1765111153,0
LTE,410,6,11823,208403459,-1,70.9653,29.1674,1386,27,1,1765057352,1765111153,0
LTE,410,6,11823,208403457,-1,70.9935,29.1863,2222,50,1,1765057442,1765111153,0
LTE,410,6,11823,208411651,-1,71.0066,29.2043,1000,12,1,1765057562,1765111154,0
LTE,410,6,10838,60129512,-1,71.0044,29.201,1000,6,1,1765057572,1765111153,0
LTE,410,6,11823,208375143,-1,71.031,29.238,4704,21,1,1765057582,1765111174,0
LTE,410,6,11823,208375144,-1,71.0455,29.2502,987,29,1,1765057772,1765111201,0
LTE,410,6,11823,208375044,-1,71.0562,29.2581,1000,16,1,1765057832,1765111201,0
LTE,410,6,11823,208375141,-1,71.0872,29.2811,3499,32,1,1765057862,1765111202,0
LTE,410,6,11823,208375041,-1,71.0923,29.2849,1880,37,1,1765057892,1765111202,0
LTE,410,6,11823,208393986,-1,71.1377,29.3185,4011,21,1,1765058052,1765111202,0
UMTS,410,6,1823,208375141,0,71.1159,29.3024,1000,6,1,1765058092,1765111202,0
UMTS,410,6,1823,7520836,80,71.1183,29.3041,1000,6,1,1765058102,1765111202,0
LTE,410,6,11823,208393985,-1,71.158,29.3334,1566,22,1,1765058222,1765111203,0
LTE,410,6,11823,212698469,-1,71.181,29.3507,2312,29,1,1765058312,1765111203,0
LTE,410,6,11823,212698371,-1,71.1853,29.3536,919,31,1,1765058362,1765111203,0
LTE,410,6,11823,208409447,-1,71.2096,29.3872,2721,51,1,1765058452,1765111203,0
LTE,410,6,11823,208409347,-1,71.2145,29.405,1000,13,1,1765058692,1765111204,0
LTE,410,6,11823,208409345,-1,71.2306,29.4354,3178,51,1,1765058732,1765111204,0
LTE,410,6,11823,210206566,-1,71.2457,29.4952,5401,51,1,1765058892,1765111205,0
LTE,410,6,11823,212485891,-1,71.2343,29.4663,1646,21,1,1765058912,1765111205,0
LTE,410,6,11823,210206565,-1,71.2555,29.509,1000,11,1,1765059242,1765111205,0
LTE,410,6,11823,212254309,-1,71.2881,29.5545,5656,22,1,1765059262,1765111206,0
LTE,410,6,10143,208569703,-1,71.2871,29.5532,1275,7,1,1765059432,1765111206,0
LTE,410,6,11765,208522854,-1,71.2876,29.5538,1000,6,1,1765059442,1765111206,0
LTE,410,6,11765,208522754,-1,71.2941,29.5629,1000,1,1,1765059492,1765059492,0
LTE,410,6,10143,208569603,-1,71.3189,29.5974,4530,33,1,1765059512,1765111206,0
LTE,410,6,10143,208569602,-1,71.3301,29.6136,1000,21,1,1765059682,1765111206,0
LTE,410,6,10143,208569601,-1,71.3356,29.6281,1095,36,1,1765059722,1765111206,0
LTE,410,6,10143,208570215,-1,71.3386,29.6405,1000,11,1,1765059792,1765111206,0
LTE,410,6,10143,208570115,-1,71.3411,29.651,1000,20,1,1765059812,1765111206,0
LTE,410,6,10143,208563458,-1,71.3462,29.6721,1951,16,1,1765059872,1765111207,0
LTE,410,6,10143,208563558,-1,71.347,29.6756,940,31,1,1765059902,1765111207,0
LTE,410,6,11765,212680551,-1,71.3511,29.6946,1000,14,1,1765059982,1765111207,0
LTE,410,6,10143,208563457,-1,71.3562,29.7283,3176,13,1,1765060022,1765111207,0
LTE,410,6,11765,212680450,-1,71.3528,29.7052,1000,11,1,1765060032,1765111207,0
LTE,410,6,11765,212680550,-1,71.3543,29.715,1193,9,1,1765060052,1765111207,0
LTE,410,6,11765,212680451,-1,71.3546,29.7166,1000,9,1,1765060072,1765111207,0
LTE,410,6,10143,208563557,-1,71.3569,29.7313,1000,13,1,1765060122,1765111207,0
LTE,410,6,11765,212680549,-1,71.3583,29.7531,1000,19,1,1765060192,1765111207,0
LTE,410,6,11765,208524545,-1,71.3585,29.7659,1486,13,1,1765060253,1765111208,0
LTE,410,6,11765,212629249,-1,71.3586,29.7678,1000,6,1,1765060272,1765111207,0
LTE,410,6,11820,212679014,-1,71.3586,29.7705,1000,6,1,1765060282,1765111207,0
LTE,410,6,55885,35278871,-1,71.3587,29.7732,1000,6,1,1765060292,1765111208,0
LTE,410,6,11820,212678914,-1,71.3587,29.7753,1000,4,1,1765060303,1765111208,0
LTE,410,6,50024,1344001,-1,71.3588,29.7811,1000,5,1,1765060322,1765111208,0
LTE,410,6,11765,208339971,-1,71.3607,29.8015,2135,51,1,1765060333,1765111208,0
LTE,410,6,11765,208521730,-1,71.3661,29.8162,1000,11,1,1765060453,1765111208,0
LTE,410,6,11765,208521829,-1,71.3714,29.8263,934,31,1,1765060472,1765111208,0
LTE,410,6,11765,208521729,-1,71.3942,29.87,4402,22,1,1765060533,1765111228,0
LTE,410,6,11765,208380930,-1,71.3901,29.9391,6503,22,1,1765060722,1765111242,0
LTE,410,6,11765,208380929,-1,71.384,29.9718,3839,24,1,1765060982,1765111210,0
LTE,410,6,11765,208381029,-1,71.3872,29.9978,2683,22,1,1765061063,1765111211,0
LTE,410,6,11760,208380518,-1,71.3863,30.0196,1407,24,1,1765061193,1765111211,0
LTE,410,6,11760,208380419,-1,71.3834,30.0269,1000,11,1,1765061253,1765111211,0
LTE,410,6,10846,59427305,-1,71.379,30.064,3656,48,1,1765061283,1765111211,0
LTE,410,6,11760,208380517,-1,71.4031,30.0825,1237,36,1,1765061493,1765111211,0
LTE,410,6,11760,208380417,-1,71.4077,30.0878,1000,20,1,1765061543,1765111212,0
LTE,410,6,11760,212636775,-1,71.4111,30.0942,1000,15,1,1765061633,1765111212,0
LTE,410,6,11760,212636262,-1,71.4176,30.1047,740,28,1,1765061743,1765111212,0
LTE,410,6,11760,212636163,-1,71.4218,30.1116,1000,4,1,1765061833,1765111212,0
LTE,410,6,11760,212636161,-1,71.4259,30.1167,1000,21,1,1765061843,1765111212,0
LTE,410,6,11760,212636261,-1,71.4314,30.1232,1000,14,1,1765061903,1765111212,0
LTE,410,6,11760,212636518,-1,71.4374,30.1306,686,25,1,1765061933,1765111212,0
LTE,410,6,11760,212636419,-1,71.4415,30.1366,1000,4,1,1765062023,1765111212,0
LTE,410,6,11760,212636519,-1,71.4419,30.1424,1000,19,1,1765062033,1765111212,0
LTE,410,6,11760,212683010,-1,71.4416,30.1532,1000,22,1,1765062083,1765111212,0
LTE,410,6,11760,212683111,-1,71.4416,30.1602,1000,7,1,1765062153,1765111212,0
LTE,410,6,11760,212683109,-1,71.4415,30.1654,1000,15,1,1765062173,1765111212,0
LTE,410,6,11760,212683009,-1,71.4414,30.1737,1000,18,1,1765062223,1765111213,0
LTE,410,6,11760,212484610,-1,71.4413,30.1764,1000,6,1,1765062274,1765111213,0
LTE,410,6,11760,212484711,-1,71.4412,30.1782,1000,3,1,1765062293,1765111213,0
LTE,410,6,11760,212483841,-1,71.4411,30.1812,1000,3,1,1765062314,1765111213,0
LTE,410,6,11760,212482663,-1,71.4412,30.1834,1000,7,1,1765062323,1765111213,0
LTE,410,6,11760,212542566,-1,71.4413,30.1864,1000,6,1,1765062343,1765111213,0
LTE,410,6,11760,212542567,-1,71.4414,30.1893,1000,8,1,1765062374,1765111213,0
LTE,410,6,11760,212484865,-1,71.4415,30.1914,1000,2,1,1765062423,1765111213,0
LTE,410,6,11760,212483431,-1,71.4417,30.1934,1000,7,1,1765062433,1765111213,0
LTE,410,6,11760,212553986,-1,71.44,30.1958,1000,13,1,1765062464,1765111213,0
LTE,410,6,11760,212553987,-1,71.4388,30.1987,1000,5,1,1765062534,1765111213,0
LTE,410,6,11760,212553985,-1,71.4375,30.2028,1000,15,1,1765062554,1765111213,0
LTE,410,6,11760,212617474,-1,71.4297,30.2037,1000,14,1,1765062634,1765111213,0
LTE,410,6,11760,212617475,-1,71.427,30.2035,1000,4,1,1765062694,1765111213,0
LTE,410,6,11760,212576359,-1,71.4259,30.1989,1000,14,1,1765062714,1765111213,0
LTE,410,6,11760,212576259,-1,71.4263,30.1994,1000,8,1,1765062734,1765111213,0
LTE,410,6,11760,212576257,-1,71.426,30.1963,1000,13,1,1765062784,1765111213,0
LTE,410,6,11760,212483685,-1,71.4232,30.1964,1000,4,1,1765072742,1765111213,0
LTE,410,4,5015,13667606,-1,73.1236,34.3299,1000,2,1,1765670412,1765818962,0
LTE,410,4,5015,13667587,-1,73.1236,34.3299,1000,3,1,1765672045,1765818962,0
LTE,410,3,10722,36355841,-1,67.0499,24.9409,1000,3,1,1765513778,1765819021,0
LTE,410,3,10722,37382913,-1,67.0482,24.9424,1000,12,1,1765513791,1765819021,0
LTE,410,3,10701,36461827,-1,67.05,24.945,1000,20,1,1765513841,1765819021,0
LTE,410,3,10701,36461826,-1,67.0511,24.9464,1000,2,1,1765514051,1765819021,0
LTE,410,3,10041,37043714,-1,67.0509,24.9462,1000,3,1,1765514091,1765819021,0
LTE,410,3,10722,36369666,-1,67.0459,24.9404,1000,9,1,1765514491,1765819021,0
LTE,410,3,10722,37382915,-1,67.0455,24.9398,1000,7,1,1765514501,1765819021,0
LTE,410,3,10721,37379585,-1,67.0961,24.9171,1000,10,1,1765548827,1765819021,0
LTE,410,3,10721,37045250,-1,67.0948,24.9161,1000,7,1,1765548917,1765819021,0
LTE,410,3,10721,36695043,-1,67.0916,24.9241,1000,1,1,1765549187,1765549187,0
LTE,410,3,10721,36407317,-1,67.0916,24.9241,1000,1,1,1765549267,1765549267,0
LTE,410,3,10721,36407307,-1,67.0916,24.9241,1000,1,1,1765549297,1765549297,0
LTE,410,3,10701,36462594,-1,67.0916,24.9241,1000,1,1,1765549317,1765549317,0
LTE,410,3,10692,36636417,-1,67.1095,24.9084,1000,6,1,1765711363,1765819021,0
LTE,410,3,10692,36636438,-1,67.1133,24.9049,1000,11,1,1765711403,1765819021,0
LTE,410,3,10692,36636428,-1,67.1155,24.9024,1000,1,1,1765711483,1765711483,0
LTE,410,3,10022,37051395,-1,67.184,24.8814,1000,5,1,1765712203,1765819022,0
LTE,410,3,10022,37051394,-1,67.187,24.8797,1000,9,1,1765712223,1765819022,0
LTE,410,3,10022,36393475,-1,67.192,24.8765,1000,8,1,1765712283,1765819022,0
LTE,410,3,10022,36373761,-1,67.1961,24.8732,1000,9,1,1765712373,1765819022,0
LTE,410,3,10022,37076737,-1,67.1981,24.8716,1000,3,1,1765712433,1765819022,0
LTE,410,1,50717,32205826,-1,74.2448,31.8029,1000,1,1,1766175069,1766175069,0
LTE,410,1,50717,32205846,-1,74.2448,31.8028,1000,1,1,1766174795,1766174795,0
LTE,410,7,50717,32205826,-1,74.2449,31.8026,1000,3,1,1766212062,1766341021,0
LTE,410,7,50717,32504118,-1,74.2451,31.8009,1000,2,1,1766217724,1766341021,0
LTE,410,7,50180,32503062,-1,73.8285,31.5337,1000,1,1,1766241815,1766241815,0
LTE,410,7,50180,32225815,-1,73.8285,31.5337,1000,1,1,1766245016,1766245016,0
LTE,410,7,50180,32225795,-1,73.8287,31.5338,1000,1,1,1766338931,1766338931,0
UMTS,410,6,1253,13250895,-1,70.7885,32.1028,1000,1,1,1766445775,1766445775,0
LTE,410,3,18801,28958545,-1,73.0819,33.614,1000,1,1,1766582338,1766582338,0
LTE,410,7,50673,28357141,-1,73.0819,33.614,1000,1,1,1766582338,1766582338,0
LTE,410,1,55091,35507723,-1,72.4834,32.2433,1000,1,1,1767034888,1767034888,0
UMTS,410,6,1808,8950839,-1,72.4834,32.2433,1000,1,1,1767036761,1767036761,0
LTE,410,6,11744,212677222,-1,73.1283,30.349,1000,1,1,1765453770,1765453770,0
LTE,410,6,11742,212685569,-1,73.1283,30.3488,1000,3,1,1765427204,1782939483,0
LTE,410,4,50022,10714880,-1,73.1135,30.3486,1819,23,1,1765516322,1784115241,0
LTE,410,1,55282,34134786,-1,71.6548,29.3908,1000,12,1,1767341984,1767649021,0
LTE,410,3,14456,59507201,-1,73.1178,30.3244,4122,50,1,1766932917,1780926723,0
LTE,410,6,10338,215051623,0,73.0474,33.6918,1000,1,1,1767455749,1767455749,0
LTE,410,4,31,98050,-1,67.0675,24.9343,1000,2,1,1766114081,1767461403,0
LTE,410,4,31,16142142,-1,67.0671,24.9345,1000,1,1,1766114088,1766114088,0
LTE,410,4,31,98110,-1,67.0688,24.9338,1000,7,1,1766114108,1767461403,0
LTE,410,4,31,172094,-1,67.0716,24.9338,1000,4,1,1766799820,1767461403,0
LTE,410,4,31,15594815,-1,67.0701,24.9327,1000,1,1,1766799830,1766799830,0
LTE,410,4,31,472639,-1,67.0709,24.9331,1000,4,1,1766799840,1767461403,0
LTE,410,4,31,172093,-1,67.074,24.9356,1000,7,1,1766799870,1767461403,0
LTE,410,4,31,2408,-1,67.0759,24.9369,1000,3,1,1766799890,1767461403,0
LTE,410,4,31,2407,-1,67.0772,24.938,1000,4,1,1766799900,1767461403,0
LTE,410,4,31,2406,-1,67.0784,24.939,1000,4,1,1766799910,1767461403,0
LTE,410,4,31,638783,-1,67.0798,24.9401,1000,4,1,1766799920,1767461403,0
LTE,410,4,31,170558,-1,67.0817,24.9416,1000,7,1,1766799930,1767461403,0
LTE,410,4,31,15724607,-1,67.0843,24.9426,1000,12,1,1766799960,1786887423,0
LTE,410,4,31,106306,-1,67.086,24.945,1000,6,1,1766799980,1786887423,0
LTE,410,4,25,15755582,-1,67.0877,24.9464,1000,7,1,1766800000,1786887423,0
LTE,410,4,31,106301,-1,67.0875,24.9463,1000,5,1,1766800010,1786887423,0
LTE,410,4,4022,510269,-1,67.0893,24.9477,1000,7,1,1766800030,1786887423,0
LTE,410,4,4022,510272,-1,67.092,24.9499,1000,13,1,1766800040,1786887423,0
LTE,410,3,10701,37391619,-1,67.0924,24.9503,1000,2,1,1766800060,1767461404,0
LTE,410,4,4022,194622,-1,67.0943,24.9516,1000,4,1,1766800090,1767461404,0
LTE,410,4,4022,194566,-1,67.0951,24.9523,1000,6,1,1766800100,1786887423,0
LTE,410,4,4022,194571,-1,67.0972,24.954,1000,6,1,1766800120,1767461404,0
LTE,410,4,25,15877953,-1,67.1003,24.9565,1000,6,1,1766800140,1767461404,0
UMTS,410,3,31070,1070718,76,67.0989,24.9554,1000,3,1,1766800140,1767461404,0
LTE,410,4,25,15650306,-1,67.0982,24.9548,1000,12,1,1766800150,1786887424,0
LTE,410,4,25,15650305,-1,67.1013,24.9573,1000,15,1,1766800160,1786887424,0
LTE,410,4,25,15877890,-1,67.1039,24.9593,1000,16,1,1766800190,1786887424,0
LTE,410,3,10701,36705026,-1,67.1059,24.961,1000,11,1,1766800200,1767461404,0
LTE,410,4,4022,15759363,-1,67.1063,24.9613,1000,3,1,1766800220,1767461404,0
LTE,410,4,25,15554822,-1,67.107,24.9619,1000,5,1,1766800230,1786887424,0
LTE,410,4,25,15689218,-1,67.1082,24.9629,1000,4,1,1766800240,1786887424,0
LTE,410,4,25,122370,-1,67.11,24.9648,1000,11,1,1766800250,1786887424,0
LTE,410,4,25,122372,-1,67.1126,24.9675,1000,9,1,1766800280,1786887424,0
LTE,410,4,25,15949826,-1,67.1136,24.9687,1000,7,1,1766800290,1786887424,0
LTE,410,4,25,122369,-1,67.1137,24.9688,1000,3,1,1766800300,1767461404,0
LTE,410,4,25,16116738,-1,67.1165,24.9717,1000,12,1,1766800310,1786887423,0
LTE,410,4,25,15639811,-1,67.1156,24.9708,1000,7,1,1766800350,1786887423,0
LTE,410,4,25,15504659,-1,67.1199,24.9751,1000,4,1,1766800370,1767461405,0
LTE,410,4,25,15902724,-1,67.1238,24.9792,1000,9,1,1766800400,1786887423,0
LTE,410,4,36,15998466,-1,67.1329,24.9886,1153,17,1,1766800420,1786887423,0
LTE,410,4,25,15731459,-1,67.1278,24.9833,1000,7,1,1766800430,1767461405,0
LTE,410,4,36,15731714,-1,67.1305,24.9861,1000,9,1,1766800450,1767461405,0
LTE,410,4,25,16154883,-1,67.132,24.9877,1000,6,1,1766800470,1786887423,0
LTE,410,4,36,16119042,-1,67.1411,24.9942,1000,8,1,1766800510,1786887423,0
LTE,410,4,36,15998465,-1,67.1467,24.9941,1380,33,1,1766800520,1786887424,0
LTE,410,4,36,16123138,-1,67.1492,24.9943,1000,5,1,1766800570,1767461405,0
LTE,410,4,36,16145154,-1,67.1516,24.994,1000,4,1,1766800580,1767461405,0
LTE,410,4,36,14610,-1,67.156,24.9933,1000,10,1,1766800610,1786887423,0
LTE,410,4,36,14609,-1,67.1615,24.9925,1000,7,1,1766800620,1786887423,0
LTE,410,4,36,14608,-1,67.1651,24.992,1000,11,1,1766800650,1786887423,0
LTE,410,4,36,16113922,-1,67.1706,24.9888,1000,22,1,1766800670,1786887423,0
LTE,410,4,36,15734275,-1,67.1732,24.9894,1000,22,1,1766800690,1786887423,0
LTE,410,4,36,15734335,-1,67.1758,24.9882,1000,9,1,1766800720,1786887423,0
LTE,410,4,36,15877438,-1,67.1753,24.9932,1000,5,1,1766800780,1767461406,0
LTE,410,3,10691,36914947,-1,67.1751,24.9934,1000,8,1,1766800800,1767461406,0
LTE,410,4,36,15877378,-1,67.1738,24.99,1000,9,1,1766800820,1786887423,0
LTE,410,3,10691,36962818,-1,67.1761,24.9952,1000,1,1,1766800910,1766800910,0
LTE,410,4,36,16113921,-1,67.1761,24.9952,1000,1,1,1766800910,1766800910,0
LTE,410,1,55887,59528234,-1,71.3652,29.5017,1000,1,1,1767708323,1767708323,0
LTE,410,1,50826,37451030,0,68.2281,28.533,1000,1,1,1765050483,1765050483,0
LTE,410,6,12276,222829926,0,68.2225,28.5375,1000,2,1,1765125629,1767738241,0
LTE,410,1,50826,37851907,0,68.2258,28.5397,1000,8,1,1765230759,1767738241,0
LTE,410,1,50826,37451010,0,68.2275,28.5311,1000,2,1,1765230760,1767738241,0
LTE,410,1,50826,37519893,0,68.2677,28.5464,14336,4,1,1765349319,1769078235,0
LTE,410,1,50826,37219841,0,68.2198,28.5467,1000,2,1,1765349403,1767738241,0
LTE,410,1,50826,37219842,0,68.2216,28.5454,1000,4,1,1765349458,1767738241,0
LTE,410,1,50826,37219847,0,68.2242,28.5436,1000,3,1,1765349663,1767738241,0
LTE,410,1,50826,37851906,0,68.2259,28.5397,1000,1,1,1765349818,1765349818,0
LTE,410,1,50826,37451011,0,68.2257,28.5395,1000,1,1,1765349828,1765349828,0
LTE,410,1,50826,37851927,0,68.2244,28.5399,1000,3,1,1765350041,1767738241,0
LTE,410,1,50826,35842818,0,68.221,28.5476,1000,1,1,1765373618,1765373618,0
LTE,410,1,50826,60559913,0,68.218,28.548,1000,1,1,1765377619,1765377619,0
GSM,410,1,10826,16523,-1,68.2363,28.5353,4408,4,1,1765546879,1767738242,0
GSM,410,1,10826,37859,-1,68.2254,28.5395,1000,5,1,1765547400,1767738241,0
GSM,410,1,10826,27859,-1,68.2365,28.5253,1694,4,1,1765547472,1767738242,0
GSM,410,1,10826,36293,-1,68.2281,28.5362,1000,4,1,1765547484,1767738241,0
GSM,410,1,10826,26293,-1,68.2423,28.5219,2601,29,1,1765547604,1767738242,0
GSM,410,1,10826,20011,-1,68.2647,28.515,1694,12,1,1765547896,1767738242,0
GSM,410,1,10826,26523,-1,68.2497,28.5126,1000,2,1,1765547974,1767738242,0
GSM,410,1,10826,26886,-1,68.256,28.5137,1024,6,1,1765548002,1767738242,0
GSM,410,1,10826,16779,-1,68.3338,28.5233,8007,18,1,1765548189,1769078281,0
LTE,410,1,50828,60549686,0,68.3535,28.373,1000,5,1,1765562150,1769078234,0
LTE,410,1,50828,60549663,0,68.3525,28.3744,1000,5,1,1765562182,1769078234,0
LTE,410,1,50828,60273954,0,68.3512,28.3773,1000,14,1,1765562214,1769078236,0
LTE,410,1,50828,60549664,0,68.3507,28.3783,1000,6,1,1765562259,1769078236,0
LTE,410,1,50828,37351426,0,68.3531,28.3789,1000,5,1,1765562294,1769078236,0
LTE,410,1,50828,37351427,0,68.3546,28.3836,4244,16,1,1765562338,1769078236,0
LTE,410,1,50828,60549665,0,68.3362,28.4001,6119,10,1,1765562323,1769078236,0
LTE,410,1,50828,37351425,0,68.3674,28.3906,2755,49,1,1765562433,1769078236,0
LTE,410,1,50826,87363873,0,68.4063,28.4213,1000,8,1,1765562765,1769078236,0
LTE,410,1,50826,87363871,0,68.418,28.4828,2767,17,1,1765563351,1769078236,0
GSM,410,1,10826,11265,-1,68.4137,28.4518,5736,15,1,1765563395,1769078236,0
LTE,410,1,50828,37554434,0,68.3686,28.3925,2449,8,1,1765567783,1769078230,0
LTE,410,1,50828,60273973,0,68.3091,28.4308,5600,3,1,1765617305,1767738242,0
LTE,410,1,50828,60273951,0,68.3465,28.3821,1000,1,1,1765617180,1765617180,0
LTE,410,1,50828,37351447,0,68.3394,28.3972,6538,12,1,1765617660,1769078236,0
LTE,410,1,50828,37509655,0,68.35,28.3857,5069,8,1,1765617665,1769078234,0
LTE,410,1,50828,37233943,0,68.3084,28.4317,1275,4,1,1765617681,1767738242,0
GSM,410,1,10828,36697,-1,68.2936,28.4509,3302,3,1,1765617715,1767738242,0
GSM,410,1,10828,35904,-1,68.3163,28.4216,6404,3,1,1765617876,1769078223,0
GSM,410,1,10828,35445,-1,68.2914,28.4537,1782,5,1,1765618259,1767738242,0
LTE,410,1,50828,37233933,0,68.2826,28.4653,1000,1,1,1765618709,1765618709,0
LTE,410,6,12276,222912003,0,68.2586,28.4964,1000,2,1,1765619035,1767738242,0
LTE,410,6,12276,222831874,0,68.253,28.5038,1000,1,1,1765619104,1765619104,0
LTE,410,6,12276,222864641,0,68.0418,28.4571,1000,1,1,1765752137,1765752137,0
LTE,410,1,50827,59089185,0,68.0421,28.4573,1000,3,1,1765785387,1767738242,0
LTE,410,1,50827,36049163,0,68.042,28.4571,1000,1,1,1765785444,1765785444,0
GSM,410,1,10827,10817,-1,68.0418,28.4572,1000,1,1,1765786875,1765786875,0
LTE,410,1,50827,59089204,0,68.0342,28.4528,1000,1,1,1765790574,1765790574,0
LTE,410,6,12276,222764293,0,68.3583,28.3812,2104,7,1,1767713576,1769078281,0
LTE,410,6,12276,222764134,0,68.3629,28.3643,1000,1,1,1767717252,1767717252,0
LTE,410,4,50014,1303041,-1,73.0765,30.674,1000,5,1,1767833356,1767844321,0
LTE,410,1,50163,32230443,-1,73.0766,30.674,1000,1,1,1767837357,1767837357,0
LTE,410,1,50163,32230442,-1,73.0765,30.6741,1000,3,1,1767838820,1767844321,0
LTE,410,1,50149,32087811,0,73.7096,32.0751,1000,1,1,1768895823,1768895823,0
GSM,410,6,280,62354,-1,68.4579,28.49,8449,2,1,1767815147,1769078223,0
LTE,410,6,12276,208555011,0,68.4132,28.5402,1000,14,1,1767818533,1769078281,0
LTE,410,6,12276,222794087,0,68.4192,28.4785,8280,24,1,1767817431,1769078281,0
LTE,410,6,12276,208555111,0,68.441,28.517,15841,26,1,1767821819,1769078281,0
LTE,410,6,12276,208555009,0,68.4146,28.5463,3065,8,1,1767818554,1769078281,0
LTE,410,6,12276,222793985,0,68.4164,28.5296,1000,16,1,1767821975,1769078281,0
LTE,410,6,12276,208555010,0,68.4219,28.5324,2286,15,1,1767821994,1769078235,0
LTE,410,6,12276,222823781,0,68.4505,28.483,2993,9,1,1767823181,1769078237,0
LTE,410,6,12276,222793986,0,68.4336,28.4965,6203,35,1,1767823185,1769078281,0
LTE,410,6,12276,222823681,0,68.4372,28.4763,3121,32,1,1767823205,1769078281,0
LTE,410,6,12276,222823782,0,68.4748,28.4677,8172,15,1,1767823901,1769078281,0
LTE,410,6,12276,222823683,0,68.4263,28.4564,3487,22,1,1767823901,1769078281,0
LTE,410,6,12276,222823682,0,68.5076,28.4487,4671,24,1,1767823904,1769078281,0
LTE,410,6,12276,222763365,0,68.3528,28.3773,1000,6,1,1767852006,1769078281,0
GSM,410,1,10828,25904,-1,68.3531,28.374,1000,1,1,1767852056,1767852056,0
LTE,410,1,50828,37351436,0,68.3531,28.374,1000,1,1,1767852062,1767852062,0
LTE,410,1,50828,37351446,0,68.3535,28.3783,1000,5,1,1767852064,1769078236,0
LTE,410,6,12276,222763367,0,68.354,28.3727,1000,1,1,1767852458,1767852458,0
UMTS,410,6,2276,9368414,0,68.3535,28.3734,1000,2,1,1767852151,1769078223,0
LTE,410,6,12276,222763878,0,68.3583,28.3825,4080,10,1,1767852660,1769078281,0
LTE,410,6,12276,222764391,0,68.3533,28.3726,1000,2,1,1767853612,1769078223,0
LTE,410,6,12276,222764389,0,68.3535,28.3727,1000,1,1,1767853733,1767853733,0
LTE,410,6,12276,222764390,0,68.3541,28.3725,1000,1,1,1767854247,1767854247,0
LTE,410,6,12276,208554855,0,68.3618,28.386,1675,4,1,1767853853,1769078224,0
LTE,410,6,12276,222763778,0,68.3523,28.3776,1000,7,1,1767854739,1769078281,0
LTE,410,6,12276,222763781,0,68.3512,28.3808,1000,8,1,1767854969,1769078281,0
LTE,410,1,50826,36204546,0,68.4797,28.4738,5941,50,1,1767859153,1769078281,0
LTE,410,1,50826,36204552,0,68.5116,28.4539,6159,50,1,1767859273,1769078237,0
LTE,410,1,50826,36204545,0,68.5389,28.511,4739,49,1,1767859393,1769078232,0
LTE,410,1,50826,37508609,0,68.5408,28.515,1022,50,1,1767859633,1769078232,0
LTE,410,6,12276,222727172,0,68.5417,28.5143,1000,8,1,1767861823,1769078281,0
UMTS,410,6,2276,9352535,0,68.5424,28.5161,1000,3,1,1767861856,1769078229,0
LTE,410,6,12276,222727171,0,68.5431,28.5144,1000,4,1,1767862252,1769078223,0
UMTS,410,6,2276,9368465,0,68.543,28.5143,1000,2,1,1767862442,1769078223,0
LTE,410,6,12276,208669187,0,68.538,28.5058,7829,10,1,1767862834,1769078281,0
LTE,410,1,50828,37054721,0,68.5415,28.4655,13772,26,1,1767862958,1769078237,0
GSM,410,1,10828,14746,-1,68.542,28.5115,1000,1,1,1767862976,1767862976,0
GSM,410,6,280,62353,-1,68.542,28.5156,1000,2,1,1767867859,1769078229,0
LTE,410,1,50826,37508621,0,68.5345,28.529,2722,15,1,1767871821,1769078231,0
LTE,410,1,50826,36824587,0,68.508,28.4583,7417,10,1,1767872572,1769078237,0
LTE,410,1,50828,37055000,0,68.4069,28.451,5971,10,1,1767876416,1769078234,0
LTE,410,1,50828,37054990,0,68.3883,28.4076,1000,8,1,1767876515,1769078234,0
GSM,410,1,10828,15904,-1,68.3839,28.404,1000,3,1,1767876529,1769078230,0
LTE,410,1,50828,37554439,0,68.3524,28.3734,1000,2,1,1767881515,1769078234,0
LTE,410,1,50826,36204553,0,68.4355,28.4939,4353,50,1,1767891993,1769078281,0
UMTS,410,1,50835,36899349,0,68.4226,28.5317,1000,1,1,1767893339,1767893339,0
LTE,410,1,50826,63202850,0,68.4132,28.5583,1912,2,1,1767896895,1769078235,0
GSM,410,1,10826,16886,-1,68.4111,28.5847,4856,12,1,1767896896,1769078235,0
LTE,410,1,50826,37602827,0,68.4112,28.5856,4954,7,1,1767897022,1769078235,0
GSM,410,1,51115,23084,-1,68.409,28.6005,1000,1,1,1767900879,1767900879,0
GSM,410,1,51115,33084,-1,68.4102,28.6006,1000,1,1,1767901359,1767901359,0
LTE,410,6,12276,222823525,0,68.4099,28.6012,1000,2,1,1767901471,1769078281,0
LTE,410,6,12276,222823526,0,68.4122,28.5714,1993,3,1,1767901720,1769078281,0
GSM,410,6,280,45811,-1,68.3971,28.4147,1000,1,1,1767909060,1767909060,0
GSM,410,6,280,44502,-1,68.3908,28.4097,1000,2,1,1767909076,1769078224,0
GSM,410,6,280,58851,-1,68.3874,28.4068,1232,2,1,1767909068,1769078224,0
LTE,410,6,12276,222764545,0,68.363,28.3892,3505,6,1,1767909491,1769078224,0
LTE,410,6,12276,222764546,0,68.3653,28.3889,1628,12,1,1767909505,1769078281,0
LTE,410,6,12276,222764547,0,68.3533,28.3822,1000,11,1,1767909754,1769078281,0
LTE,410,6,12276,208318722,0,68.3583,28.3879,1953,4,1,1767909899,1769078224,0
LTE,410,6,12276,208554753,0,68.3709,28.3934,1000,3,1,1767944203,1769078224,0
LTE,410,6,12276,222912102,0,68.3714,28.3938,1000,2,1,1767944246,1769078224,0
LTE,410,6,12276,208554853,0,68.3738,28.3958,1000,1,1,1767944268,1767944268,0
UMTS,410,6,2276,9364963,0,68.3822,28.4026,1000,9,1,1767944301,1769078224,0
UMTS,410,6,2276,9351923,0,68.388,28.4074,1000,3,1,1767944382,1769078224,0
LTE,410,6,12276,208435202,0,68.4019,28.4176,1568,2,1,1767944427,1769078229,0
LTE,410,1,12276,208669187,0,68.5401,28.515,1000,1,1,1767946482,1767946482,0
LTE,410,1,50826,37508620,0,68.5393,28.5172,1000,2,1,1767956479,1769078225,0
LTE,410,1,50826,37508610,0,68.5567,28.5407,2906,50,1,1767957663,1769078232,0
LTE,410,1,50826,37508619,0,68.5535,28.5516,4706,3,1,1767958678,1769078232,0
GSM,410,1,10826,16518,-1,68.5463,28.5538,3289,2,1,1767962175,1769078231,0
LTE,410,1,50826,87363872,0,68.4198,28.4532,2098,5,1,1767977240,1769078235,0
LTE,410,1,50826,61763851,0,68.4145,28.506,2033,3,1,1767978487,1769078229,0
LTE,410,6,12276,208555109,0,68.4141,28.5462,1061,5,1,1767980421,1769078281,0
GSM,410,1,10826,11424,-1,68.5348,28.5725,6473,15,1,1767996561,1769078232,0
GSM,410,1,10826,26518,-1,68.5423,28.5156,1000,2,1,1767996568,1769078229,0
LTE,410,1,50826,87363881,0,68.3841,28.4042,1591,10,1,1767999481,1769078236,0
LTE,410,1,50828,61723138,0,68.3625,28.3868,1981,17,1,1767999919,1769078236,0
LTE,410,1,50828,37554453,0,68.3643,28.3895,1883,2,1,1768026099,1769078234,0
GSM,410,1,10828,31106,-1,68.3496,28.3786,1000,1,1,1768031609,1768031609,0
GSM,410,1,10828,21106,-1,68.3502,28.3781,1000,6,1,1768031846,1769078230,0
UMTS,410,1,50828,61723138,0,68.3505,28.3771,1000,1,1,1768032567,1768032567,0
GSM,410,1,10828,11423,-1,68.351,28.3772,1000,1,1,1768032615,1768032615,0
GSM,410,1,10828,16697,-1,68.3515,28.3777,1000,1,1,1768032651,1768032651,0
LTE,410,1,50826,87363894,0,68.4153,28.5285,1000,1,1,1768066600,1768066600,0
GSM,410,1,10826,21424,-1,68.525,28.4617,3426,2,1,1768231491,1769078237,0
LTE,410,1,50828,37054741,0,68.5149,28.4868,11488,7,1,1768241029,1769078237,0
GSM,410,6,280,45823,-1,68.4148,28.541,1000,3,1,1768242238,1769078281,0
LTE,410,6,12276,222794086,0,68.5285,28.45,13658,27,1,1768246869,1769078281,0
LTE,410,1,50828,61723148,0,68.3568,28.3824,2255,4,1,1768293781,1769078234,0
LTE,410,1,50828,37509645,0,68.3493,28.3786,1000,1,1,1768295503,1768295503,0
GSM,410,1,10828,44746,-1,68.3848,28.4047,1000,1,1,1768297680,1768297680,0
LTE,410,1,50826,36204556,0,68.5181,28.4754,7312,10,1,1768299623,1769078236,0
LTE,410,1,50826,36204551,0,68.5283,28.5807,5404,50,1,1768301780,1769078232,0
LTE,410,1,50828,37054731,0,68.5506,28.5083,9184,2,1,1768304450,1769078236,0
LTE,410,1,50826,37575426,0,68.416,28.5197,1723,4,1,1768309470,1769078233,0
LTE,410,1,50826,60549921,0,68.4157,28.5226,1000,1,1,1768309650,1768309650,0
GSM,410,1,10826,21265,-1,68.3935,28.4119,1000,1,1,1768316431,1768316431,0
GSM,410,1,10828,48455,-1,68.3922,28.4108,1000,3,1,1768316438,1769078234,0
LTE,410,1,50828,37234200,0,68.3813,28.4019,1000,2,1,1768316698,1769078234,0
UMTS,410,6,2276,9351933,0,68.4147,28.5411,1000,1,1,1768329606,1768329606,0
LTE,410,1,50826,37233686,0,68.4144,28.5411,1000,1,1,1768333128,1768333128,0
GSM,410,1,10826,16293,-1,68.4144,28.5411,1000,1,1,1768333246,1768333246,0
GSM,410,1,10829,36601,-1,68.4143,28.5412,1000,1,1,1768333535,1768333535,0
GSM,410,1,10826,17044,-1,68.4144,28.5411,1000,1,1,1768333577,1768333577,0
LTE,410,1,50828,37234186,0,68.4144,28.5411,1000,1,1,1768334706,1768334706,0
GSM,410,1,10828,35747,-1,68.4147,28.5411,1000,1,1,1768334849,1768334849,0
GSM,410,1,10828,34342,-1,68.4147,28.5411,1000,1,1,1768334856,1768334856,0
LTE,410,6,12260,222859777,0,68.4591,28.456,1000,1,1,1768340857,1768340857,0
LTE,410,1,50828,36187651,0,68.5722,28.4302,1000,5,1,1768378618,1769078236,0
LTE,410,1,50828,37530391,0,68.5688,28.4297,1000,2,1,1768378621,1769078236,0
LTE,410,1,50828,37054742,0,68.5724,28.4301,1000,5,1,1768378628,1769078236,0
LTE,410,1,50828,37054732,0,68.5719,28.4295,1000,3,1,1768378635,1769078236,0
LTE,410,1,50828,37530381,0,68.5728,28.4301,1000,3,1,1768378651,1769078236,0
LTE,410,1,50828,37530124,0,68.5766,28.4325,1000,1,1,1768379341,1768379341,0
LTE,410,1,50829,37529879,0,68.5767,28.4325,1000,1,1,1768379586,1768379586,0
LTE,410,1,50829,37529859,0,68.5767,28.4325,1000,1,1,1768379589,1768379589,0
GSM,410,1,10828,24745,-1,68.5699,28.4278,1000,1,1,1768380372,1768380372,0
GSM,410,6,280,63892,-1,68.5706,28.4281,1000,10,1,1768381202,1769078237,0
GSM,410,6,280,46373,-1,68.5714,28.4278,1000,7,1,1768381990,1769078236,0
UMTS,410,6,12276,222823682,0,68.57,28.4296,1000,1,1,1768387046,1768387046,0
UMTS,410,6,12276,208555111,0,68.5705,28.4297,1000,1,1,1768387057,1768387057,0
LTE,410,1,50828,37054977,0,68.5078,28.4368,1000,1,1,1768387752,1768387752,0
LTE,410,6,12276,222912001,0,68.4164,28.4276,1000,1,1,1768394895,1768394895,0
LTE,410,6,12260,222860033,0,68.4167,28.4273,1000,1,1,1768395225,1768395225,0
UMTS,410,6,2276,9370004,0,68.4618,28.463,1000,4,1,1768397187,1769078237,0
UMTS,410,6,2276,9370003,0,68.4617,28.4575,1000,2,1,1768398732,1769078281,0
UMTS,410,6,2276,9355854,0,68.3848,28.4048,1000,2,1,1768429018,1769078281,0
UMTS,410,6,2276,9371053,0,68.3497,28.3788,1000,1,1,1768463431,1768463431,0
UMTS,410,6,2276,9364964,0,68.3495,28.3786,1000,1,1,1768463538,1768463538,0
LTE,410,6,12276,222764645,0,68.3564,28.3816,1000,1,1,1768468879,1768468879,0
LTE,410,6,12276,222853122,0,68.392,28.4106,1000,1,1,1768469487,1768469487,0
UMTS,410,6,2276,9368413,0,68.3495,28.3786,1000,1,1,1768486080,1768486080,0
GSM,410,1,10826,10011,-1,68.4104,28.5398,1000,1,1,1768748244,1768748244,0
GSM,410,6,388,15082,-1,74.6673,32.2716,1000,2,1,1769117013,1769889121,0
LTE,410,7,50524,30788871,-1,74.6673,32.2716,1000,2,1,1769117013,1769889121,0
LTE,410,3,18808,28423939,-1,73.0611,33.6734,1000,1,1,1769580159,1769580159,0
GSM,410,6,240,59201,-1,70.8492,25.0604,1000,1,1,1769636727,1769636727,0
LTE,410,1,55560,33903106,-1,73.1756,31.4774,1000,1,1,1769822740,1769822740,0
LTE,410,4,4021,198146,-1,67.057,24.8841,1000,1,1,1770485506,1770485506,0
UMTS,410,4,60803,39863726,-1,67.057,24.8841,1000,2,1,1770586271,1778971442,0
GSM,410,4,60307,31462,-1,66.9686,30.2012,1000,3,1,1770627541,1770627541,0
GSM,410,3,12345,21056,-1,67.057,24.8842,1000,1,1,1770666932,1770666932,0
UMTS,410,3,31061,1081079,-1,67.057,24.8841,1000,2,1,1770836259,1770837961,0
LTE,410,6,10327,215177218,-1,73.1238,33.733,1000,7,1,1770880689,1772562542,0
LTE,410,6,10327,215177319,-1,73.1233,33.7333,1000,7,1,1770881770,1772562543,0
LTE,410,6,10327,215069541,-1,73.1223,33.7327,1000,9,1,1770885782,1772562543,0
LTE,410,6,10327,215069543,-1,73.1181,33.7297,637,50,1,1770885797,1772562543,0
LTE,410,6,10327,215069542,-1,73.12,33.7244,1000,6,1,1770885882,1772562543,0
LTE,410,6,10327,215069642,-1,73.12,33.7245,1000,15,1,1770887346,1772562543,0
LTE,410,6,10327,215069443,-1,73.1197,33.7261,1000,6,1,1770888053,1772562543,0
LTE,410,1,50540,32249090,-1,74.3779,32.1951,1082,6,1,1765086354,1771736762,0
LTE,410,1,50540,32249111,-1,74.3744,32.1955,1000,5,1,1765086414,1771736702,0
LTE,410,1,50508,30902275,-1,74.3801,32.1935,1848,7,1,1765086837,1771736762,0
LTE,410,1,50508,30902295,-1,74.3836,32.1958,1000,1,1,1765087987,1765087987,0
LTE,410,1,50710,33095169,-1,74.3821,32.1585,1492,5,1,1765088349,1771736762,0
LTE,410,1,50710,33095171,-1,74.3795,32.135,1000,3,1,1765088409,1771736762,0
LTE,410,1,50525,33206273,-1,74.3774,32.1181,1000,3,1,1765088469,1771736762,0
LTE,410,1,50525,33206275,-1,74.3767,32.0946,1000,3,1,1765088530,1771736762,0
LTE,410,1,50525,32928771,-1,74.3705,32.052,2866,7,1,1765088590,1771736762,0
LTE,410,1,50525,32001293,-1,74.3688,32.0486,1000,2,1,1765088711,1771736702,0
LTE,410,1,50525,33274402,-1,74.3569,32.0519,1000,6,1,1765088831,1771736702,0
LTE,410,1,50525,33206018,-1,74.3639,32.0571,1414,4,1,1765088892,1771736762,0
LTE,410,1,50525,33274390,-1,74.3661,32.0506,1000,2,1,1765089737,1771736702,0
LTE,410,1,50525,33274401,-1,74.3745,32.0719,1000,1,1,1765089918,1765089918,0
LTE,410,1,50525,33206285,-1,74.3767,32.0877,1000,1,1,1765089979,1765089979,0
LTE,410,1,50525,33206283,-1,74.3766,32.1088,1000,1,1,1765090040,1765090040,0
LTE,410,1,50710,32388097,-1,74.382,32.1737,1000,1,1,1765090223,1765090223,0
LTE,410,1,50540,32388609,-1,74.3871,32.2255,1000,2,1,1765090405,1771736762,0
LTE,410,1,50529,57761794,-1,74.3933,32.241,1000,2,1,1765090466,1771736762,0
LTE,410,1,50529,57761795,-1,74.3921,32.263,1368,4,1,1765090526,1771736762,0
LTE,410,1,50540,30902530,-1,74.3919,32.2922,1000,1,1,1765090647,1765090647,0
LTE,410,1,50540,30902529,-1,74.3997,32.3109,1000,1,1,1765090707,1765090707,0
LTE,410,1,50540,32142339,-1,74.4004,32.3255,1000,3,1,1765090768,1771736762,0
LTE,410,1,50518,32916739,-1,74.3994,32.3501,1000,2,1,1765090828,1771736762,0
LTE,410,1,50518,32251140,-1,74.3997,32.3603,1000,3,1,1765090888,1771736762,0
LTE,410,1,50518,32251139,-1,74.4037,32.3624,1000,1,1,1765091009,1765091009,0
LTE,410,1,50518,32251137,-1,74.4088,32.3707,1000,2,1,1765091069,1771736762,0
LTE,410,1,50518,30899242,-1,74.4219,32.3809,1000,2,1,1765091130,1771736702,0
LTE,410,1,50518,30765058,-1,74.4165,32.3823,1000,2,1,1765091190,1771736762,0
LTE,410,1,50518,32251446,-1,74.4459,32.4039,1000,1,1,1765091372,1765091372,0
LTE,410,1,50518,32251424,-1,74.4558,32.4128,1000,1,1,1765091432,1765091432,0
LTE,410,1,50537,31731203,-1,74.4743,32.4297,1000,2,1,1765091553,1771736702,0
LTE,410,1,50537,31731204,-1,74.4845,32.439,1000,1,1,1765091674,1765091674,0
LTE,410,1,50537,31593506,-1,74.4925,32.4464,1000,1,1,1765091734,1765091734,0
LTE,410,1,50537,30933044,-1,74.4994,32.4527,1000,1,1,1765091795,1765091795,0
LTE,410,1,50537,30933024,-1,74.5079,32.4606,1000,1,1,1765091855,1765091855,0
LTE,410,1,50537,31791670,-1,74.5143,32.4665,1000,1,1,1765091915,1765091915,0
LTE,410,1,50537,31696171,-1,74.5184,32.4732,1000,2,1,1765092036,1771736762,0
LTE,410,1,50537,31791649,-1,74.5187,32.4717,1000,1,1,1765092097,1765092097,0
LTE,410,1,50537,31696172,-1,74.5192,32.4704,1000,1,1,1765092158,1765092158,0
LTE,410,1,50537,31791650,-1,74.5221,32.4704,1000,2,1,1765092218,1771736702,0
LTE,410,1,50537,31791637,-1,74.5253,32.4703,1000,1,1,1765092400,1765092400,0
LTE,410,1,50537,31130391,-1,74.5286,32.4703,1000,1,1,1765092460,1765092460,0
LTE,410,1,50537,31715351,-1,74.5314,32.4703,1000,1,1,1765092521,1765092521,0
LTE,410,1,50537,31715337,-1,74.5334,32.4711,1000,1,1,1765092582,1765092582,0
LTE,410,1,50537,31715329,-1,74.5367,32.4745,1000,2,1,1765092642,1771736702,0
LTE,410,1,50537,31131654,-1,74.5412,32.4805,1000,3,1,1765092824,1771736702,0
LTE,410,1,50537,31131651,-1,74.5399,32.4785,1000,1,1,1765092763,1765092763,0
LTE,410,1,50537,31579394,-1,74.5436,32.4837,1000,1,1,1765093185,1765093185,0
LTE,410,1,50537,31579414,-1,74.5438,32.4853,1000,1,1,1765093246,1765093246,0
LTE,410,1,50537,31579393,-1,74.5395,32.4869,1000,2,1,1765093307,1771736761,0
LTE,410,1,50521,31596033,-1,74.5363,32.4891,1000,1,1,1765093429,1765093429,0
LTE,410,1,50521,31596041,-1,74.5329,32.4864,1000,2,1,1765093489,1771736761,0
LTE,410,1,50537,31133959,-1,74.5255,32.4798,1000,1,1,1765093670,1765093670,0
LTE,410,1,50537,30904579,-1,74.5283,32.4823,1000,1,1,1765093610,1765093610,0
LTE,410,1,50537,31133961,-1,74.5225,32.4771,1000,1,1,1765093731,1765093731,0
LTE,410,1,50537,31696150,-1,74.5161,32.4758,1000,1,1,1765093852,1765093852,0
LTE,410,1,50537,31696149,-1,74.5131,32.4798,1000,1,1,1765093913,1765093913,0
LTE,410,1,50537,31685910,-1,74.5102,32.4836,1000,1,1,1765093973,1765093973,0
LTE,410,1,50537,31685909,-1,74.5081,32.4863,1000,1,1,1765094033,1765094033,0
LTE,410,1,50519,33241139,-1,74.4979,32.4858,1000,1,1,1765094214,1765094214,0
LTE,410,1,50519,31591980,-1,74.5062,32.4874,1000,1,1,1765094094,1765094094,0
LTE,410,1,50519,31591987,-1,74.5021,32.4865,1000,1,1,1765094154,1765094154,0
LTE,410,1,50519,31261954,-1,74.4915,32.4848,1000,1,1,1765094274,1765094274,0
LTE,410,1,50519,31261975,-1,74.4871,32.484,1000,1,1,1765094335,1765094335,0
LTE,410,1,50519,33117697,-1,74.4797,32.4827,1000,1,1,1765094395,1765094395,0
LTE,410,1,50519,31493162,-1,74.4704,32.4817,1000,1,1,1765094456,1765094456,0
LTE,410,1,50519,32897538,-1,74.4612,32.4809,1000,1,1,1765094517,1765094517,0
LTE,410,1,50519,31593248,-1,74.4527,32.4799,1000,1,1,1765094578,1765094578,0
LTE,410,1,50519,31593229,-1,74.4474,32.4796,1000,1,1,1765094639,1765094639,0
LTE,410,1,50519,33019956,-1,74.4401,32.4789,1000,2,1,1765094700,1771736762,0
LTE,410,1,50519,32120323,-1,74.4256,32.4782,1000,2,1,1765096697,1771736762,0
LTE,410,1,50518,33202433,-1,74.4142,32.478,1000,1,1,1765096817,1765096817,0
LTE,410,1,50518,31752193,-1,74.4056,32.478,1000,1,1,1765096877,1765096877,0
LTE,410,1,50518,31752194,-1,74.395,32.4775,1000,2,1,1765096938,1771736762,0
LTE,410,1,50518,33202435,-1,74.3947,32.4593,1454,4,1,1765097058,1771736762,0
LTE,410,1,50518,31491595,-1,74.3987,32.4357,1000,1,1,1765097301,1765097301,0
LTE,410,1,50518,32331779,-1,74.4018,32.4254,1000,1,1,1765097361,1765097361,0
LTE,410,1,50518,30765079,-1,74.4092,32.394,1000,1,1,1765097542,1765097542,0
LTE,410,1,50518,30813995,-1,74.3999,32.3388,1000,1,1,1765097844,1765097844,0
LTE,410,1,50540,30902541,-1,74.3942,32.2971,1000,1,1,1765098086,1765098086,0
LTE,410,1,50540,32510733,-1,74.3901,32.2813,1000,2,1,1765098146,1771736762,0
LTE,410,1,50540,30902540,-1,74.3988,32.3071,1000,1,1,1765098025,1765098025,0
LTE,410,1,50540,32249089,-1,74.3841,32.2183,1000,1,1,1765098510,1765098510,0
LTE,410,1,50525,31172867,-1,74.3655,32.0087,1259,2,1,1765099539,1771736762,0
LTE,410,1,50525,32928770,-1,74.3661,32.0084,1000,1,1,1765099600,1765099600,0
GSM,410,1,10525,29978,-1,74.369,32.0449,1000,1,1,1765099418,1765099418,0
LTE,410,1,50714,33274645,-1,74.3594,31.986,1000,1,1,1765099721,1765099721,0
LTE,410,1,50714,33274625,-1,74.3541,31.9741,1000,1,1,1765099781,1765099781,0
LTE,410,1,50714,31631875,-1,74.3482,31.956,1000,2,1,1765099842,1771736762,0
LTE,410,1,50714,31631873,-1,74.3459,31.9377,1000,1,1,1765099962,1765099962,0
LTE,410,1,50714,32186113,-1,74.3431,31.9115,1000,1,1,1765100084,1765100084,0
LTE,410,1,50717,30784257,-1,74.3411,31.8926,1000,2,1,1765100144,1771736762,0
LTE,410,1,50717,30784263,-1,74.3382,31.8732,1000,1,1,1765100265,1765100265,0
LTE,410,1,50717,30784264,-1,74.3349,31.8609,1000,1,1,1765100325,1765100325,0
LTE,410,1,50717,32235010,-1,74.3317,31.8491,1000,1,1,1765100385,1765100385,0
LTE,410,1,50717,33094913,-1,74.3262,31.8293,1000,2,1,1765100446,1771736762,0
LTE,410,1,50717,33094915,-1,74.323,31.8101,1000,1,1,1765100567,1765100567,0
LTE,410,1,50717,30789131,-1,74.3233,31.7968,1000,1,1,1765100627,1765100627,0
LTE,410,1,50717,32196099,-1,74.3232,31.7832,1000,1,1,1765100687,1765100687,0
LTE,410,1,50717,32196098,-1,74.317,31.7653,1000,2,1,1765100748,1771736762,0
LTE,410,1,50166,32144899,-1,74.3114,31.7421,1000,2,1,1765100870,1771736762,0
LTE,410,1,50166,32144898,-1,74.3142,31.727,1000,2,1,1765100991,1771736762,0
LTE,410,1,50166,33036545,-1,74.3288,31.6796,1000,1,1,1765101293,1765101293,0
LTE,410,1,50166,33036555,-1,74.3231,31.6739,1000,1,1,1765101354,1765101354,0
LTE,410,1,50166,33036556,-1,74.3167,31.6678,1000,1,1,1765101414,1765101414,0
LTE,410,1,50166,32060417,-1,74.3103,31.6618,1000,1,1,1765101474,1765101474,0
LTE,410,1,50166,32060418,-1,74.3019,31.6537,1000,3,1,1765101534,1771736762,0
LTE,410,1,50166,33240597,-1,74.2954,31.6476,1000,1,1,1765101716,1765101716,0
LTE,410,1,50166,33001995,-1,74.2949,31.655,1000,1,1,1765102443,1765102443,0
LTE,410,1,50231,28523010,-1,72.8084,33.7163,1000,2,1,1771716486,1771736762,0
LTE,410,1,50231,29337859,-1,72.8108,33.7139,1000,2,1,1771715583,1771736762,0
LTE,410,1,50231,28658946,-1,72.8049,33.7278,1000,1,1,1771716667,1771716667,0
LTE,410,1,50231,28173314,-1,72.8025,33.7352,1000,1,1,1771716728,1771716728,0
LTE,410,1,50231,28173335,-1,72.7986,33.7373,1000,1,1,1771716788,1771716788,0
LTE,410,1,50231,28173313,-1,72.8013,33.739,1000,1,1,1771716848,1771716848,0
LTE,410,1,50231,28168450,-1,72.8107,33.7701,1000,1,1,1771717275,1771717275,0
LTE,410,1,50231,28168449,-1,72.8118,33.7736,1000,2,1,1771717336,1771738503,0
LTE,410,1,50232,28329225,-1,72.8138,33.781,1000,3,1,1771717396,1771738503,0
LTE,410,1,50231,28263937,-1,72.8131,33.778,1000,1,1,1771717578,1771717578,0
LTE,410,1,50231,28168470,-1,72.81,33.7673,1000,1,1,1771717699,1771717699,0
LTE,410,1,50231,28837377,-1,72.8086,33.761,1000,8,1,1771717760,1771738503,0
LTE,410,1,50231,28837379,-1,72.8075,33.761,1000,1,1,1771718063,1771718063,0
LTE,410,1,50231,28837380,-1,72.8118,33.7599,1000,3,1,1771718305,1771738503,0
LTE,410,3,12204,30081539,-1,71.4113,33.9811,1000,3,1,1771642528,1771780088,0
LTE,410,3,12204,30081538,-1,71.4125,33.9794,1000,8,1,1771643758,1771780088,0
LTE,410,7,50478,85934871,-1,71.4112,33.9812,1000,5,1,1771642528,1771780088,0
LTE,410,3,12204,30081537,-1,71.4128,33.9809,1000,5,1,1771644010,1771780022,0
LTE,410,3,12204,30083073,-1,71.414,33.9778,1000,8,1,1771644071,1771780022,0
LTE,410,3,12204,28450054,-1,71.419,33.9757,1000,7,1,1771644091,1771780082,0
LTE,410,3,12204,30080002,-1,71.4135,33.9707,1000,7,1,1771644111,1771780082,0
LTE,410,7,50246,85280042,-1,71.4139,33.9736,1000,1,1,1771644141,1771644141,0
LTE,410,7,50478,85934870,-1,71.4124,33.9691,1000,9,1,1771644192,1771780021,0
LTE,410,3,12204,30083115,-1,71.4124,33.9686,1000,6,1,1771644192,1771780082,0
LTE,410,7,50478,85934850,-1,71.4143,33.9675,1000,16,1,1771644248,1771780082,0
LTE,410,3,12204,30083075,-1,71.413,33.9708,1000,14,1,1771644253,1771780022,0
LTE,410,7,50478,29023767,-1,71.413,33.9664,1000,4,1,1771644273,1771780082,0
LTE,410,7,50478,29023747,-1,71.4128,33.9664,1000,5,1,1771644283,1771780082,0
LTE,410,3,12204,30072875,-1,71.4135,33.9659,1000,9,1,1771644298,1771780082,0
LTE,410,7,50478,29023745,-1,71.416,33.9637,500,47,1,1771644321,1771780082,0
LTE,410,3,12204,30072925,-1,71.4119,33.9658,1000,6,1,1771644336,1771780022,0
LTE,410,7,50478,29369345,-1,71.4119,33.9664,1000,1,1,1771644403,1771644403,0
LTE,410,3,12204,30075987,-1,71.4123,33.9676,1000,3,1,1771644433,1771780082,0
LTE,410,7,50478,85934860,-1,71.4159,33.9682,1000,5,1,1771644433,1771780082,0
LTE,410,7,50478,85934861,-1,71.4143,33.9783,1011,4,1,1771644519,1771780088,0
LTE,410,7,50478,85934851,-1,71.4137,33.9729,1000,2,1,1771644529,1771780022,0
LTE,410,3,12204,30080515,-1,71.4132,33.9791,1000,3,1,1771647238,1771780022,0
LTE,410,3,12204,30077699,-1,71.4188,33.9871,1000,6,1,1771647350,1771780022,0
LTE,410,3,12204,30083330,-1,71.4127,33.9813,1000,1,1,1771647608,1771647608,0
LTE,410,7,50478,84489515,-1,71.4112,33.981,1000,2,1,1771647634,1771780022,0
LTE,410,3,12204,30081618,-1,71.4111,33.9811,1000,12,1,1771648274,1771780088,0
LTE,410,7,50478,85905922,-1,71.4164,33.9847,1000,9,1,1771652933,1771780088,0
LTE,410,3,12204,30081578,-1,71.4108,33.9811,1000,4,1,1771654405,1771780088,0
LTE,410,3,12204,30081579,-1,71.4104,33.9812,1000,1,1,1771654455,1771654455,0
LTE,410,3,12204,30081617,-1,71.4162,33.9846,516,40,1,1771656782,1771780088,0
LTE,410,7,50478,84809239,-1,71.4177,33.9852,1000,21,1,1771656912,1771780088,0
LTE,410,7,50478,85062678,-1,71.4189,33.9871,1000,8,1,1771656933,1771780088,0
LTE,410,7,50478,84809219,-1,71.4164,33.9843,1000,1,1,1771657065,1771657065,0
LTE,410,3,12204,30080593,-1,71.4198,33.9866,1000,8,1,1771657171,1771780088,0
LTE,410,7,50478,84809225,-1,71.4192,33.9847,1000,4,1,1771657171,1771780088,0
LTE,410,7,50478,85062658,-1,71.4182,33.987,1000,4,1,1771657374,1771780022,0
LTE,410,7,50478,85807639,-1,71.4187,33.9877,1000,1,1,1771657435,1771657435,0
LTE,410,3,12204,30077697,-1,71.4241,33.9892,1000,9,1,1771657486,1771780022,0
LTE,410,7,50478,84489523,-1,71.4247,33.9882,1000,21,1,1771657486,1771780088,0
LTE,410,3,12204,30077698,-1,71.4309,33.9862,1000,5,1,1771657588,1771780084,0
LTE,410,3,12204,30081281,-1,71.4278,33.9846,1000,5,1,1771657634,1771780081,0
LTE,410,7,50478,84489484,-1,71.4281,33.9841,1000,1,1,1771657654,1771657654,0
LTE,410,7,50478,84489513,-1,71.4286,33.9831,1000,3,1,1771657659,1771780081,0
LTE,410,3,12204,30081282,-1,71.4334,33.9821,1000,8,1,1771657669,1771780085,0
LTE,410,7,50478,30435382,-1,71.4295,33.9812,1000,5,1,1771657679,1771780081,0
LTE,410,7,50478,30435340,-1,71.4305,33.9786,1000,2,1,1771657704,1771780081,0
LTE,410,3,12204,28450052,-1,71.4307,33.9781,1000,5,1,1771657709,1771780081,0
LTE,410,7,50478,30435379,-1,71.4307,33.9784,1000,2,1,1771657714,1771780081,0
LTE,410,7,50478,29140246,-1,71.4291,33.9757,1000,2,1,1771657730,1771780081,0
LTE,410,3,12204,28450050,-1,71.4309,33.9749,1000,9,1,1771657735,1771780081,0
LTE,410,7,50478,29140231,-1,71.4304,33.9748,1000,11,1,1771657735,1771780081,0
LTE,410,3,12204,28450053,-1,71.4274,33.9745,1000,5,1,1771657831,1771780081,0
LTE,410,7,50478,29140232,-1,71.425,33.9727,1000,13,1,1771657867,1771780082,0
LTE,410,3,12204,28450051,-1,71.4244,33.9722,1000,11,1,1771657877,1771780082,0
LTE,410,7,50478,29140247,-1,71.4251,33.9755,1000,3,1,1771657922,1771780082,0
LTE,410,3,12204,30075905,-1,71.4258,33.971,1000,20,1,1771658252,1771780082,0
LTE,410,7,50478,28651009,-1,71.4256,33.9715,1000,15,1,1771658252,1771780082,0
LTE,410,7,50478,29140236,-1,71.4272,33.9701,1000,1,1,1771658333,1771658333,0
LTE,410,7,50478,85934869,-1,71.4262,33.9695,1000,2,1,1771658632,1771780082,0
LTE,410,7,50478,28651016,-1,71.4224,33.9689,1000,2,1,1771658672,1771780082,0
LTE,410,7,50478,29369355,-1,71.4223,33.9689,1000,1,1,1771658698,1771658698,0
LTE,410,3,12204,30072833,-1,71.4192,33.9685,1000,8,1,1771658713,1771780082,0
LTE,410,7,50478,29369365,-1,71.4219,33.9688,1000,1,1,1771658713,1771658713,0
LTE,410,7,50478,29023765,-1,71.4199,33.9686,1000,1,1,1771658724,1771658724,0
LTE,410,3,12204,30083074,-1,71.4155,33.968,1000,3,1,1771658764,1771780082,0
LTE,410,3,12204,30072865,-1,71.4156,33.9649,1000,8,1,1771659390,1771780082,0
LTE,410,3,12204,30072873,-1,71.4145,33.9641,1000,1,1,1771659796,1771659796,0
LTE,410,3,12204,30072885,-1,71.4151,33.9635,1000,3,1,1771659806,1771780082,0
LTE,410,3,12204,30072855,-1,71.4163,33.9635,1000,2,1,1771660009,1771780082,0
LTE,410,3,12204,30072845,-1,71.4156,33.9625,1000,17,1,1771660253,1771780082,0
LTE,410,7,50478,28651012,-1,71.4229,33.9649,1000,10,1,1771660254,1771780082,0
LTE,410,3,12204,28632363,-1,71.416,33.9621,1000,2,1,1771660853,1771780082,0
LTE,410,3,12204,30072835,-1,71.4168,33.9622,1000,1,1,1771660888,1771660888,0
LTE,410,7,50478,29023755,-1,71.4169,33.9629,1000,1,1,1771660909,1771660909,0
LTE,410,3,12204,30072834,-1,71.4212,33.9633,1000,24,1,1771660929,1771780083,0
LTE,410,3,12204,30075907,-1,71.4243,33.9655,1000,2,1,1771661294,1771780082,0
LTE,410,7,50478,28224053,-1,71.4298,33.9563,1000,7,1,1771661336,1771780083,0
LTE,410,3,12204,28450819,-1,71.429,33.9593,692,28,1,1771661346,1771780084,0
LTE,410,7,50478,29139715,-1,71.4273,33.9611,1000,2,1,1771661346,1771780083,0
LTE,410,7,50478,29139725,-1,71.4251,33.9619,1000,2,1,1771661610,1771780082,0
LTE,410,7,50478,28651011,-1,71.4278,33.9602,1000,2,1,1771661621,1771780083,0
LTE,410,7,50478,28651265,-1,71.4246,33.9596,1000,7,1,1771661636,1771780083,0
LTE,410,7,50478,28651267,-1,71.4202,33.9605,1000,5,1,1771661677,1771780083,0
LTE,410,3,12204,28632401,-1,71.4184,33.9587,1000,7,1,1771661844,1771780083,0
LTE,410,7,50478,28651266,-1,71.4189,33.9576,1000,16,1,1771661844,1771780083,0
LTE,410,3,12204,28632403,-1,71.4183,33.9568,1000,5,1,1771661908,1771780083,0
LTE,410,3,12204,28632342,-1,71.4217,33.9547,1000,3,1,1771661940,1771780083,0
LTE,410,3,12204,28632332,-1,71.422,33.9553,1000,3,1,1771661945,1771780083,0
LTE,410,3,12204,28632322,-1,71.4222,33.9563,1000,6,1,1771661950,1771780083,0
LTE,410,7,50478,28650755,-1,71.4232,33.9556,1000,12,1,1771661956,1771780083,0
LTE,410,3,12204,30071299,-1,71.4258,33.9539,1000,11,1,1771662002,1771780083,0
LTE,410,7,50478,28650754,-1,71.4247,33.9536,1000,23,1,1771662650,1771780083,0
LTE,410,3,12204,28452621,-1,71.4285,33.9527,1000,18,1,1771663078,1771780083,0
LTE,410,7,50478,28650764,-1,71.4267,33.9526,1000,1,1,1771663497,1771663497,0
LTE,410,7,50478,28224023,-1,71.4282,33.9537,1000,1,1,1771663877,1771663877,0
LTE,410,7,50478,28224052,-1,71.4302,33.953,1000,11,1,1771664008,1771780083,0
LTE,410,3,12204,30071298,-1,71.4289,33.9535,1000,1,1,1771664024,1771664024,0
LTE,410,7,50478,28224013,-1,71.4325,33.9525,1000,1,1,1771664435,1771664435,0
LTE,410,3,12204,28452609,-1,71.4327,33.9537,1000,13,1,1771664435,1771780083,0
LTE,410,7,50478,28224054,-1,71.4327,33.9532,1000,6,1,1771664455,1771780083,0
LTE,410,7,50478,28224051,-1,71.4306,33.951,1000,3,1,1771664516,1771780083,0
LTE,410,3,12204,28452611,-1,71.4309,33.9502,1000,5,1,1771664542,1771780083,0
LTE,410,7,50478,28224022,-1,71.4315,33.9504,1000,3,1,1771664567,1771780083,0
LTE,410,7,50478,28224044,-1,71.4319,33.9498,1000,2,1,1771664658,1771780083,0
LTE,410,3,12204,28452620,-1,71.4327,33.9502,1000,5,1,1771664709,1771780083,0
LTE,410,7,50478,28224012,-1,71.4328,33.9497,1000,1,1,1771664719,1771664719,0
LTE,410,7,50478,28224043,-1,71.4328,33.9503,1000,2,1,1771664724,1771780083,0
LTE,410,7,50478,28224042,-1,71.4328,33.9509,1000,1,1,1771664735,1771664735,0
LTE,410,3,12204,28452619,-1,71.4328,33.9516,1000,2,1,1771664740,1771780083,0
LTE,410,7,50478,28224021,-1,71.4328,33.952,1000,2,1,1771664745,1771780083,0
LTE,410,7,50478,29139714,-1,71.4335,33.9583,1000,12,1,1771664786,1771780084,0
LTE,410,3,12204,28450899,-1,71.4315,33.9564,1000,4,1,1771664811,1771780083,0
LTE,410,3,12204,30071337,-1,71.4292,33.9565,1000,3,1,1771664846,1771780083,0
LTE,410,7,50478,28650753,-1,71.4287,33.9572,1000,3,1,1771664866,1771780083,0
LTE,410,3,12204,28450859,-1,71.4287,33.9574,1000,2,1,1771664877,1771780083,0
LTE,410,7,50478,29139734,-1,71.4293,33.9586,1000,3,1,1771664902,1771780083,0
LTE,410,3,12204,28450818,-1,71.4354,33.9593,1000,8,1,1771666098,1771780084,0
LTE,410,3,12204,28448003,-1,71.4399,33.959,1000,10,1,1771666158,1771780084,0
LTE,410,7,50478,29139713,-1,71.4392,33.9592,1000,2,1,1771666174,1771780084,0
LTE,410,7,50478,29139723,-1,71.4398,33.9592,1000,1,1,1771666184,1771666184,0
LTE,410,7,50478,28649475,-1,71.4441,33.9616,1000,11,1,1771666199,1771780084,0
LTE,410,7,50478,28650263,-1,71.4411,33.959,1000,2,1,1771666204,1771780084,0
LTE,410,7,50478,28650243,-1,71.4423,33.9583,1000,10,1,1771666229,1771780084,0
LTE,410,3,12204,28448002,-1,71.4429,33.9588,1000,11,1,1771666315,1771780084,0
LTE,410,7,50478,28649495,-1,71.4438,33.96,1000,1,1,1771666640,1771666640,0
LTE,410,3,12204,28448001,-1,71.4447,33.9628,1000,10,1,1771666666,1771780084,0
LTE,410,7,50478,28649485,-1,71.4444,33.965,1000,6,1,1771666718,1771780084,0
LTE,410,3,12204,28809219,-1,71.4449,33.9647,1000,1,1,1771666728,1771666728,0
LTE,410,3,12204,28472146,-1,71.4441,33.966,1000,5,1,1771666743,1771780084,0
LTE,410,3,12204,28809299,-1,71.4446,33.9656,1000,1,1,1771666770,1771666770,0
LTE,410,7,50478,28386070,-1,71.4441,33.9661,1000,2,1,1771666939,1771780084,0
LTE,410,7,50478,28386563,-1,71.4455,33.9698,1000,14,1,1771666965,1771780084,0
LTE,410,3,12204,28472145,-1,71.4451,33.9691,1000,7,1,1771666976,1771780084,0
LTE,410,3,12204,28447315,-1,71.4453,33.9698,1000,3,1,1771667018,1771780084,0
LTE,410,3,12204,28454995,-1,71.447,33.9733,1000,11,1,1771667080,1771780084,0
LTE,410,7,50478,28386564,-1,71.4458,33.9752,1000,8,1,1771667131,1771780085,0
LTE,410,3,12204,28468818,-1,71.4467,33.9757,1000,3,1,1771667345,1771780084,0
LTE,410,7,50478,28660482,-1,71.4467,33.9781,500,38,1,1771667366,1771780085,0
LTE,410,3,12204,28468738,-1,71.4479,33.9776,500,44,1,1771667578,1771780085,0
LTE,410,7,50478,28386312,-1,71.4494,33.9779,1000,7,1,1771667578,1771780085,0
LTE,410,7,50478,28386561,-1,71.4514,33.9765,1000,5,1,1771667583,1771780085,0
LTE,410,7,50478,28386571,-1,71.4476,33.9771,1000,1,1,1771667588,1771667588,0
LTE,410,3,12204,28468739,-1,71.4435,33.979,1000,15,1,1771667644,1771780085,0
LTE,410,7,50478,28660483,-1,71.443,33.981,1000,11,1,1771667679,1771780085,0
LTE,410,7,50478,29139969,-1,71.442,33.9781,1000,7,1,1771667710,1771780084,0
LTE,410,3,12204,28452866,-1,71.4406,33.9772,1000,4,1,1771667755,1771780084,0
LTE,410,7,50478,29139979,-1,71.4402,33.9773,1000,1,1,1771667771,1771667771,0
LTE,410,7,50478,28374531,-1,71.4394,33.9758,1000,7,1,1771667781,1771780084,0
LTE,410,3,12204,28452876,-1,71.4386,33.9775,1000,13,1,1771667812,1771780084,0
LTE,410,7,50478,29139970,-1,71.4384,33.9776,1000,6,1,1771667969,1771780084,0
LTE,410,7,50478,29139971,-1,71.4388,33.9814,1000,14,1,1771668043,1771780085,0
LTE,410,3,12204,28452875,-1,71.4385,33.9808,1000,1,1,1771668157,1771668157,0
LTE,410,3,12204,28540163,-1,71.4387,33.9826,1000,20,1,1771668167,1771780085,0
LTE,410,7,50478,30435378,-1,71.4373,33.9838,1000,11,1,1771668214,1771780085,0
LTE,410,7,50478,84489506,-1,71.4373,33.985,1000,3,1,1771668252,1771780084,0
LTE,410,3,12204,29432618,-1,71.437,33.9853,1000,2,1,1771668272,1771780084,0
LTE,410,7,50478,84489483,-1,71.4365,33.9855,1000,1,1,1771668482,1771668482,0
LTE,410,3,12204,28452865,-1,71.4372,33.9855,1000,1,1,1771668625,1771668625,0
LTE,410,7,50478,28386307,-1,71.4474,33.9819,1000,4,1,1771668752,1771780085,0
LTE,410,7,50478,28660493,-1,71.4416,33.9819,1000,1,1,1771668762,1771668762,0
LTE,410,3,12204,28468740,-1,71.4441,33.9817,1000,9,1,1771668777,1771780087,0
LTE,410,7,50478,28374529,-1,71.4451,33.9755,1000,1,1,1771669275,1771669275,0
LTE,410,7,50478,28660492,-1,71.4482,33.9781,1000,1,1,1771669361,1771669361,0
LTE,410,7,50478,28660502,-1,71.4499,33.9777,1000,4,1,1771669573,1771780085,0
LTE,410,3,12204,28509188,-1,71.4522,33.9765,1000,5,1,1771669594,1771780085,0
LTE,410,7,50478,28386581,-1,71.4518,33.9766,1000,3,1,1771669594,1771780085,0
LTE,410,3,12204,28468737,-1,71.4498,33.9828,1000,23,1,1771669883,1771780087,0
LTE,410,7,50478,28660481,-1,71.4481,33.9833,1000,22,1,1771669898,1771780087,0
LTE,410,7,50478,28386326,-1,71.4488,33.9816,1000,1,1,1771670050,1771670050,0
LTE,410,3,12204,28540162,-1,71.4485,33.9835,1000,13,1,1771670245,1771780087,0
LTE,410,7,50478,28386313,-1,71.4505,33.983,1000,2,1,1771670245,1771780085,0
LTE,410,7,50478,29137163,-1,71.4518,33.9841,1000,2,1,1771670271,1771780085,0
LTE,410,7,50478,29137154,-1,71.4504,33.985,1000,7,1,1771670281,1771780087,0
LTE,410,7,50478,29137153,-1,71.4512,33.9878,1000,11,1,1771670429,1771780087,0
LTE,410,7,50478,28386305,-1,71.4557,33.9846,1000,18,1,1771670682,1771780085,0
LTE,410,3,12204,28635168,-1,71.4536,33.987,1000,23,1,1771670692,1771780087,0
LTE,410,7,50478,28385540,-1,71.4536,33.9869,1000,12,1,1771670707,1771780087,0
LTE,410,3,12204,28457505,-1,71.4564,33.9848,1000,13,1,1771670900,1771780085,0
LTE,410,7,50478,28386315,-1,71.454,33.986,1000,1,1,1771671189,1771671189,0
LTE,410,3,12204,28509185,-1,71.4548,33.984,1000,3,1,1771671258,1771780085,0
LTE,410,7,50460,29585411,-1,71.459,33.986,1000,7,1,1771671574,1771780087,0
LTE,410,3,12204,28457473,-1,71.4592,33.9854,1000,1,1,1771671680,1771671680,0
LTE,410,3,12204,28457483,-1,71.4585,33.9869,1000,10,1,1771671685,1771780087,0
LTE,410,7,50478,28385549,-1,71.4586,33.9875,1000,1,1,1771671741,1771671741,0
LTE,410,7,50478,28385537,-1,71.4569,33.9891,1000,14,1,1771671751,1771780087,0
LTE,410,3,12204,28635148,-1,71.4569,33.9894,1000,7,1,1771672066,1771780087,0
LTE,410,3,12204,28635138,-1,71.4554,33.9903,1000,3,1,1771672266,1771780087,0
LTE,410,3,12204,28635158,-1,71.4542,33.9892,1000,1,1,1771672302,1771672302,0
LTE,410,7,50478,28385538,-1,71.4514,33.9889,1000,10,1,1771672302,1771780087,0
LTE,410,3,12204,28635139,-1,71.4511,33.9864,1000,11,1,1771673447,1771780087,0
LTE,410,3,12204,28453123,-1,71.4506,33.9859,1000,2,1,1771673573,1771780087,0
LTE,410,3,12204,28635149,-1,71.4497,33.9893,1000,8,1,1771673629,1771780087,0
LTE,410,7,50478,29137165,-1,71.449,33.9887,1000,1,1,1771673644,1771673644,0
LTE,410,7,50478,29137155,-1,71.4486,33.9891,1000,6,1,1771673649,1771780087,0
LTE,410,3,12204,28540161,-1,71.4475,33.9881,1000,2,1,1771673680,1771780087,0
LTE,410,3,12204,28635159,-1,71.4507,33.9902,1000,4,1,1771674816,1771780087,0
LTE,410,7,50478,28385539,-1,71.4506,33.9935,1000,12,1,1771675324,1771780087,0
LTE,410,3,12204,28635137,-1,71.4514,33.9908,1000,3,1,1771675339,1771780087,0
LTE,410,3,12204,28635147,-1,71.4522,33.9913,1000,2,1,1771675390,1771780087,0
LTE,410,3,12204,28635157,-1,71.4522,33.992,1000,1,1,1771675410,1771675410,0
LTE,410,3,12204,28645122,-1,71.4524,33.9936,1000,6,1,1771675420,1771780087,0
LTE,410,3,12204,28645133,-1,71.4475,33.995,1000,8,1,1771675445,1771780087,0
LTE,410,3,12204,28645121,-1,71.4514,33.9949,1000,2,1,1771675471,1771780087,0
LTE,410,3,12204,28645123,-1,71.4506,33.9949,1000,1,1,1771675486,1771675486,0
LTE,410,7,50478,85807649,-1,71.4443,33.9945,1000,8,1,1771675547,1771780087,0
LTE,410,3,12204,28645201,-1,71.4435,33.9938,1000,12,1,1771675740,1771780088,0
LTE,410,7,50478,85807650,-1,71.4435,33.9922,1000,3,1,1771675771,1771780087,0
LTE,410,3,12204,28635217,-1,71.4435,33.9918,1000,1,1,1771675776,1771675776,0
LTE,410,3,12204,30078801,-1,71.4433,33.9923,1000,1,1,1771675787,1771675787,0
LTE,410,7,50478,85804034,-1,71.4431,33.9961,1000,6,1,1771675802,1771780087,0
LTE,410,7,50478,85807637,-1,71.4433,33.9934,1000,1,1,1771675808,1771675808,0
LTE,410,3,12204,30078811,-1,71.4403,33.9969,1000,8,1,1771675929,1771780088,0
LTE,410,7,50478,85804054,-1,71.4435,33.9953,1000,1,1,1771675940,1771675940,0
LTE,410,3,12201,30080338,-1,71.4434,33.9964,1000,5,1,1771675940,1771780087,0
LTE,410,3,12204,30081874,-1,71.4422,33.9973,1000,1,1,1771675990,1771675990,0
LTE,410,7,50478,85807648,-1,71.4401,33.9973,1000,6,1,1771676000,1771780088,0
LTE,410,3,12204,30077442,-1,71.4353,33.9976,1000,5,1,1771676042,1771780088,0
LTE,410,7,50478,85807647,-1,71.4376,33.9973,1000,2,1,1771676031,1771780088,0
LTE,410,7,50478,85460522,-1,71.4363,33.9974,1000,1,1,1771676047,1771676047,0
LTE,410,7,50478,84695061,-1,71.4323,33.9982,1000,10,1,1771676057,1771780088,0
LTE,410,3,12204,30077443,-1,71.4321,33.9983,1000,2,1,1771676073,1771780088,0
LTE,410,7,50478,84695093,-1,71.4282,33.9988,1000,9,1,1771676103,1771780088,0
LTE,410,3,12204,30076940,-1,71.4302,33.9987,1000,5,1,1771676108,1771780088,0
LTE,410,3,12204,30076931,-1,71.4266,33.9989,1000,5,1,1771676144,1771780088,0
LTE,410,3,12204,30076941,-1,71.4273,33.999,1000,1,1,1771676149,1771676149,0
LTE,410,3,12204,30077974,-1,71.4238,33.9982,1000,7,1,1771676189,1771780088,0
LTE,410,7,50478,84695082,-1,71.4248,33.9985,1000,2,1,1771676189,1771780088,0
LTE,410,7,50478,84695083,-1,71.4234,33.9965,1000,7,1,1771676214,1771780088,0
LTE,410,7,50478,84921365,-1,71.4231,33.9975,1000,7,1,1771676250,1771780088,0
LTE,410,7,50478,85062657,-1,71.4232,33.9975,1000,1,1,1771676306,1771676306,0
LTE,410,3,12204,30079825,-1,71.4232,33.9966,1000,5,1,1771676321,1771780088,0
LTE,410,7,50478,85062677,-1,71.4232,33.9974,1000,2,1,1771676321,1771780088,0
LTE,410,3,12204,30079745,-1,71.4231,33.9971,1000,3,1,1771676331,1771780088,0
LTE,410,3,12204,30077955,-1,71.423,33.9981,1000,2,1,1771676362,1771780088,0
LTE,410,7,50478,84695084,-1,71.4232,33.9981,1000,3,1,1771676362,1771780088,0
LTE,410,3,12204,30077984,-1,71.4232,33.998,1000,4,1,1771676423,1771780088,0
LTE,410,7,50478,84921351,-1,71.4231,33.998,1000,1,1,1771676546,1771676546,0
LTE,410,3,12204,30079826,-1,71.424,33.9928,1000,6,1,1771676633,1771780088,0
LTE,410,7,50478,84489524,-1,71.4243,33.992,1000,9,1,1771676643,1771780088,0
LTE,410,3,12204,30077778,-1,71.4249,33.9897,1000,3,1,1771676684,1771780088,0
LTE,410,3,12204,30077777,-1,71.4232,33.9891,1000,4,1,1771676704,1771780088,0
LTE,410,7,50246,85482763,-1,71.4159,33.9843,1000,1,1,1771676988,1771676988,0
LTE,410,7,50478,84809229,-1,71.4135,33.9836,1000,1,1,1771677054,1771677054,0
LTE,410,3,12204,30081619,-1,71.4117,33.9811,1000,2,1,1771677114,1771780088,0
LTE,410,3,12204,30083331,-1,71.4109,33.981,1000,1,1,1771685377,1771685377,0
LTE,410,3,30481,31042561,0,74.1769,31.3751,1000,1,1,1771988040,1771988040,0
LTE,410,3,11162,37029389,-1,69.5237,29.9002,1000,13,1,1772044902,1772047381,0
LTE,410,3,11162,37029377,-1,69.5272,29.8986,1000,1,1,1772044967,1772044967,0
LTE,410,3,11162,37029378,-1,69.5419,29.8988,1311,30,1,1772044977,1772047501,0
LTE,410,3,11162,36659714,-1,69.5561,29.8994,1000,2,1,1772045632,1772047501,0
LTE,410,6,10327,215069442,-1,73.1205,33.7248,1000,6,1,1770959344,1772562543,0
LTE,410,6,10327,215069441,-1,73.1209,33.732,1000,6,1,1770959435,1772562542,0
LTE,410,6,10327,215069185,-1,73.1198,33.7328,1000,1,1,1770959485,1770959485,0
LTE,410,6,10327,215069643,-1,73.1196,33.7284,1000,11,1,1770991569,1772562543,0
LTE,410,6,10327,215219145,-1,73.1187,33.7325,1000,2,1,1770991649,1772562542,0
LTE,410,6,10327,215379713,-1,73.1227,33.7333,1000,3,1,1770991669,1772562542,0
LTE,410,6,10327,215102209,-1,73.1081,33.7291,1516,5,1,1770999172,1772562543,0
LTE,410,6,10327,215102309,-1,73.1139,33.7298,1000,5,1,1770999207,1772562542,0
LTE,410,6,10327,215069286,-1,73.1125,33.7298,1000,8,1,1770999292,1772562543,0
LTE,410,6,10327,212196102,-1,73.1031,33.7234,1000,3,1,1770999372,1772562542,0
LTE,410,6,10327,215379457,-1,73.102,33.7241,1000,4,1,1770999387,1772562542,0
LTE,410,6,10327,215379714,-1,73.1034,33.7192,1000,1,1,1770999508,1770999508,0
LTE,410,6,10327,212196103,-1,73.1053,33.7151,1000,4,1,1770999513,1772562542,0
LTE,410,6,10327,212196356,-1,73.1053,33.7152,1000,3,1,1770999528,1772562542,0
LTE,410,6,10327,215379201,-1,73.1021,33.7122,1000,5,1,1770999628,1772562542,0
LTE,410,6,10327,215131139,-1,73.1041,33.7105,1000,5,1,1770999648,1772562542,0
LTE,410,6,10327,215218433,-1,73.0941,33.7088,1000,5,1,1770999748,1772562542,0
LTE,410,6,10327,215218434,-1,73.0884,33.7057,1000,2,1,1770999793,1772562542,0
LTE,410,6,10327,215256065,-1,73.0864,33.7044,1000,1,1,1770999813,1770999813,0
LTE,410,6,10327,215256066,-1,73.0832,33.7028,1000,2,1,1770999829,1772562542,0
LTE,410,6,10338,215156226,-1,73.0772,33.6999,1000,4,1,1770999849,1772562542,0
LTE,410,6,10338,215155714,-1,73.0713,33.6969,1000,2,1,1770999889,1772562542,0
LTE,410,6,10338,215155716,-1,73.0679,33.6951,1000,2,1,1770999909,1772562542,0
LTE,410,6,10338,215082497,-1,73.0643,33.6947,1000,6,1,1770999929,1772562542,0
LTE,410,6,10338,215082498,-1,73.0645,33.692,1000,3,1,1770999949,1772562542,0
LTE,410,6,10338,215082241,-1,73.0615,33.6986,1000,1,1,1771000014,1771000014,0
LTE,410,6,10338,215081985,-1,73.0595,33.7014,1000,2,1,1771000029,1772562542,0
LTE,410,6,10338,215079426,-1,73.0566,33.7053,1000,3,1,1771000049,1772562542,0
LTE,410,6,10338,215079427,-1,73.0545,33.708,1000,1,1,1771000074,1771000074,0
LTE,410,6,10338,215079433,-1,73.0522,33.7111,1000,2,1,1771000089,1772562542,0
LTE,410,6,10338,215042563,-1,73.0491,33.7151,1000,6,1,1771000109,1772562542,0
LTE,410,6,10338,215045121,-1,73.0454,33.7214,1000,14,1,1771000169,1772562542,0
LTE,410,6,10338,215083010,-1,73.0476,33.7245,1000,8,1,1771000350,1772562542,0
LTE,410,6,10338,215083011,-1,73.0453,33.725,1000,7,1,1771000410,1772562542,0
LTE,410,6,10338,215042560,-1,73.0471,33.7246,1000,2,1,1771002615,1772562542,0
LTE,410,6,10338,215042564,-1,73.0497,33.7147,1000,10,1,1771002894,1772562542,0
LTE,410,6,10338,215079527,-1,73.0537,33.71,1000,8,1,1771002946,1772562542,0
LTE,410,6,10338,215079526,-1,73.056,33.7101,1000,2,1,1771002987,1772562542,0
LTE,410,6,10338,215079525,-1,73.057,33.7106,1000,1,1,1771002997,1771002997,0
LTE,410,6,10338,215079625,-1,73.0584,33.7114,1000,2,1,1771003002,1772562542,0
LTE,410,6,10338,215102055,-1,73.0609,33.7126,1000,6,1,1771003017,1772562542,0
LTE,410,6,10327,215166309,-1,73.0855,33.7325,1000,2,1,1772201060,1772562542,0
LTE,410,6,10327,215166311,-1,73.0893,33.7344,1000,4,1,1772201160,1772562543,0
LTE,410,6,10327,215166209,-1,73.092,33.7346,1000,2,1,1772201220,1772562543,0
LTE,410,6,10327,208597761,-1,73.0936,33.7307,1000,4,1,1772201240,1772562543,0
LTE,410,6,10327,208597762,-1,73.097,33.7278,1000,1,1,1772201285,1772201285,0
LTE,410,6,10327,215379557,-1,73.1064,33.7265,1000,5,1,1772201340,1772562543,0
LTE,410,6,10327,215177419,-1,73.1223,33.7331,1000,6,1,1772557550,1772562543,0
LTE,410,6,10327,215102409,-1,73.1195,33.7327,1000,1,1,1772557665,1772557665,0
LTE,410,6,10327,215069641,-1,73.1183,33.7309,1000,3,1,1772557686,1772562543,0
LTE,410,3,10701,36462339,-1,67.0687,24.9404,1000,3,1,1768217366,1772788141,0
LTE,410,4,31,195843,-1,67.0691,24.9407,1000,6,1,1768217366,1772788141,0
LTE,410,3,10701,36462337,-1,67.0701,24.9418,1000,10,1,1768217387,1772788141,0
LTE,410,4,31,196098,-1,67.0699,24.9413,1000,1,1,1768217407,1768217407,0
LTE,410,4,31,16142083,-1,67.0705,24.9418,1000,3,1,1768217427,1772788141,0
LTE,410,4,31,16142143,-1,67.0696,24.9434,1000,9,1,1768217527,1772788141,0
LTE,410,3,10701,36399362,-1,67.0664,24.947,1000,16,1,1768217627,1772788141,0
LTE,410,4,31,61287,-1,67.0679,24.9453,1000,3,1,1768217657,1772788141,0
LTE,410,4,31,61285,-1,67.0674,24.9459,1000,1,1,1768217677,1768217677,0
LTE,410,4,31,224618,-1,67.0668,24.9468,1000,5,1,1768217687,1772788141,0
LTE,410,4,31,224619,-1,67.0657,24.9478,1000,3,1,1768217717,1772788141,0
LTE,410,4,31,224617,-1,67.0645,24.9489,1000,5,1,1768217737,1772788141,0
LTE,410,3,10701,36399363,-1,67.0619,24.9508,1000,10,1,1768217757,1772788141,0
LTE,410,4,31,224575,-1,67.063,24.9499,1000,3,1,1768217757,1772788141,0
LTE,410,4,25,15946303,-1,67.0608,24.9516,1000,10,1,1768217767,1772788141,0
LTE,410,3,10701,36474625,-1,67.0591,24.9528,1000,6,1,1768217817,1772788141,0
LTE,410,4,25,16071742,-1,67.0578,24.9534,1000,6,1,1768217827,1772788142,0
LTE,410,3,10701,36461571,-1,67.0572,24.9537,1000,8,1,1768217857,1772788142,0
LTE,410,4,25,16144446,-1,67.0579,24.9536,1000,1,1,1768217857,1768217857,0
LTE,410,4,25,169537,-1,67.0572,24.9537,1000,2,1,1768217867,1772788142,0
LTE,410,4,25,169535,-1,67.0569,24.954,1000,2,1,1768217917,1772788142,0
LTE,410,1,55073,32586006,-1,73.1276,30.3481,1000,5,1,1768288108,1784115241,0
LTE,410,6,10463,217883239,-1,70.7884,32.1027,1000,2,1,1773196903,1773198841,0
LTE,410,4,60016,2297858,-1,70.7884,32.1028,1000,3,1,1773196903,1779117482,0
LTE,410,3,21127,37109023,-1,68.0493,28.1793,1000,1,1,1773447849,1773447849,0
GSM,410,6,145,42151,-1,71.4424,30.1591,1000,1,1,1773979775,1773979775,0
UMTS,410,4,43203,28674430,-1,70.7422,28.6759,1000,8,1,1774079249,1774079282,0
LTE,410,1,50463,30871052,-1,73.1283,30.3489,1000,4,1,1774381035,1784115241,0
UMTS,410,4,31302,53308777,-1,73.1193,33.7248,1000,7,1,1774424661,1774424701,0
UMTS,410,4,31302,53318777,-1,73.1189,33.7301,1000,11,1,1774424661,1774424701,0
UMTS,410,4,31302,53320333,-1,73.1201,33.7328,1000,6,1,1774424661,1774424701,0
UMTS,410,4,31302,53300333,-1,73.1248,33.7338,1000,15,1,1774424661,1774446901,0
UMTS,410,4,31302,53319653,-1,73.1247,33.7333,1000,2,1,1774424661,1774424701,0
LTE,410,4,5035,2050326,-1,73.1193,33.7242,1000,4,1,1774408238,1774424705,0
LTE,410,4,5035,2050306,-1,73.1202,33.7288,1000,4,1,1774413320,1774424705,0
LTE,410,4,5035,2050327,-1,73.1187,33.7302,1000,7,1,1774413335,1774424705,0
LTE,410,4,5035,2448643,-1,73.119,33.7325,1000,5,1,1774413387,1774424705,0
LTE,410,4,5035,2448642,-1,73.1244,33.7336,1000,17,1,1774413417,1774446901,0
LTE,410,6,12030,222759170,0,67.3072,25.0411,1000,1,1,1774706745,1774706745,0
LTE,410,1,50151,30861845,-1,74.3315,31.4607,1000,7,1,1775797990,1775818321,0
LTE,410,3,30432,31833347,-1,74.3319,31.4605,1000,5,1,1775797990,1775818321,0
LTE,410,3,30432,31833345,-1,74.3305,31.4612,1000,2,1,1775798090,1775818321,0
LTE,410,1,55336,34294785,-1,73.5433,31.5865,1000,2,1,1776469871,1776471721,0
LTE,410,6,11414,209990914,-1,73.5433,31.5865,1000,2,1,1776469871,1776471721,0
LTE,410,7,50464,29634050,-1,71.6163,34.0247,1000,1,1,1776737853,1776737853,0
LTE,410,4,60002,13499689,-1,71.6163,34.0247,1000,1,1,1776737853,1776737853,0
LTE,410,1,50164,32861729,-1,73.3803,30.3432,1000,1,1,1776814609,1776814609,0
LTE,410,3,40343,34351875,-1,73.3803,30.3432,1000,1,1,1776814609,1776814609,0
UMTS,410,3,31070,1087288,-1,67.1013,24.9315,1000,1,1,1776940921,1776940921,0
UMTS,410,3,31070,1071045,-1,67.1012,24.9318,1000,1,1,1776940921,1776940921,0
LTE,410,3,10701,36790275,-1,67.1009,24.9321,1000,5,1,1776935351,1776940982,0
LTE,410,3,10721,36399105,-1,67.1011,24.9318,1000,1,1,1776937896,1776937896,0
LTE,410,3,10701,36471809,-1,67.1008,24.9321,1000,1,1,1776937951,1776937951,0
LTE,410,7,50434,29331713,-1,70.9092,31.8724,1000,1,1,1777097656,1777097656,0
LTE,410,6,10462,217918153,-1,70.9092,31.8724,1000,1,1,1777097656,1777097656,0
LTE,410,1,50832,37309442,-1,68.2163,27.5523,1000,2,1,1777146662,1777203301,0
GSM,410,6,137,14482,-1,73.0469,29.1329,1000,1,1,1777225257,1777225257,0
GSM,410,6,137,60832,-1,73.0468,29.1328,1000,1,1,1777226199,1777226199,0
GSM,410,3,54435,14630,-1,73.0468,29.1328,1000,1,1,1777226199,1777226199,0
LTE,410,1,55098,60453151,-1,73.042,30.3076,1000,1,1,1777448634,1777448634,0
LTE,410,4,50022,10717711,-1,73.042,30.3076,1000,1,1,1777448634,1777448634,0
LTE,410,6,10389,207668226,-1,74.813,32.1941,1000,1,1,1777665736,1777665736,0
LTE,410,4,40120,11499010,-1,74.813,32.1941,1000,1,1,1777665736,1777665736,0
GSM,410,4,7722,39883,-1,73.1578,33.5215,1000,1,1,1777806089,1777806089,0
GSM,410,3,58809,23054,-1,73.1578,33.5215,1000,1,1,1777806089,1777806089,0
LTE,410,4,40020,1795328,-1,73.3518,30.0681,1000,5,1,1776166062,1778086862,0
LTE,410,4,40020,1795332,-1,73.3513,30.0679,1000,1,1,1776166102,1776166102,0
LTE,410,1,50966,31821067,-1,73.3518,30.0676,1000,10,1,1776166062,1778086862,0
LTE,410,1,50966,31821058,-1,73.3513,30.0679,1000,1,1,1776166550,1776166550,0
LTE,410,4,40020,11169806,-1,73.3513,30.0679,1000,1,1,1776166768,1776166768,0
UMTS,410,4,40601,26623629,210,73.3513,30.0679,1000,1,1,1776215418,1776215418,0
LTE,410,4,40020,11169802,-1,73.3513,30.0679,1000,1,1,1776215538,1776215538,0
UMTS,410,4,30205,163053,-1,73.3055,33.2546,1000,2,1,1778093119,1778093161,0
LTE,410,3,22230,28691714,-1,73.3059,33.2542,1000,4,1,1777005873,1778093161,0
LTE,410,3,22230,28691715,-1,73.3051,33.2548,1000,20,1,1777381510,1778093162,0
LTE,410,3,22230,28691755,-1,73.3049,33.2547,1000,3,1,1778056536,1778093162,0
UMTS,410,6,2054,7748800,-1,67.057,24.8841,1000,1,1,1778463950,1778463950,0
UMTS,410,4,60802,39872662,-1,67.057,24.8842,1000,1,1,1778470915,1778470915,0
GSM,410,6,636,26172,-1,67.083,24.9392,1000,1,1,1778526638,1778526638,0
LTE,410,3,28806,28502786,-1,72.9723,33.6548,1000,2,1,1778726173,1778746081,0
LTE,410,3,28806,28739369,-1,72.9723,33.6546,1000,1,1,1778726210,1778726210,0
GSM,410,3,27017,39303,-1,67.057,24.8842,1000,1,1,1778966752,1778966752,0
GSM,410,4,729,1659,-1,67.057,24.8842,1000,1,1,1778967915,1778967915,0
GSM,410,6,463,31463,-1,70.7885,32.1028,1000,1,1,1779099310,1779099310,0
LTE,410,4,60016,2297958,-1,70.7873,32.1024,1000,1,1,1779115375,1779115375,0
LTE,410,6,10463,217883339,-1,70.7873,32.1024,1000,1,1,1779115375,1779115375,0
GSM,410,3,51107,27359,-1,67.0025,30.1869,1000,1,1,1779129845,1779129845,0
LTE,410,3,11107,36886355,-1,67.0025,30.1869,1000,1,1,1779130022,1779130022,0
LTE,410,3,12215,28585985,-1,73.2241,34.1804,1000,1,1,1779426937,1779426937,0
LTE,410,4,5056,2377730,-1,73.0161,33.6724,1000,1,1,1779449859,1779449859,0
LTE,410,4,5056,2374432,-1,73.0166,33.6717,1000,4,1,1779450209,1779452162,0
UMTS,410,4,43303,28206472,-1,72.6446,32.0531,1000,10,1,1779651528,1780148407,0
UMTS,410,4,43303,28196472,-1,72.6463,32.056,1690,14,1,1779651528,1779992521,0
UMTS,410,4,43303,28199691,-1,72.6464,32.0507,1000,9,1,1779651528,1779651542,0
UMTS,410,4,43303,28194908,-1,72.6495,32.0581,1357,13,1,1779651528,1779651543,0
UMTS,410,4,43303,28206281,-1,72.65,32.0601,1000,8,1,1779651528,1779651543,0
UMTS,410,4,43303,28181094,-1,72.6547,32.0634,1000,14,1,1779651528,1779651543,0
UMTS,410,4,43303,28204262,-1,72.6548,32.0632,1000,1,1,1779651528,1779651528,0
UMTS,410,4,43303,28181329,-1,72.656,32.0636,1000,3,1,1779651528,1779651543,0
UMTS,410,4,43303,28203707,-1,72.657,32.0639,1000,2,1,1779651528,1779651543,0
UMTS,410,4,43303,28203939,-1,72.6589,32.0685,1000,14,1,1779651528,1779651543,0
UMTS,410,4,43303,28181022,-1,72.6593,32.0707,1000,1,1,1779651528,1779651528,0
UMTS,410,4,43303,28206276,-1,72.6616,32.0733,1000,2,1,1779651528,1779651543,0
UMTS,410,4,43303,28181187,-1,72.663,32.0748,1000,4,1,1779651528,1779651543,0
UMTS,410,4,43303,28195530,-1,72.6676,32.0758,500,25,1,1779651528,1779651543,0
UMTS,410,4,43303,28181058,-1,72.6701,32.0771,1000,4,1,1779651530,1779651543,0
UMTS,410,4,43303,28206277,-1,72.6714,32.0743,1000,1,1,1779651530,1779651530,0
UMTS,410,4,43303,28193765,-1,72.6715,32.0746,1000,6,1,1779651530,1779651543,0
UMTS,410,4,43303,28183902,-1,72.6687,32.0757,1000,4,1,1779651530,1779651543,0
UMTS,410,3,34004,1460145,-1,72.6674,32.0765,1000,3,1,1779651530,1779651543,0
UMTS,410,3,34004,1480160,-1,72.6638,32.075,1000,16,1,1779651530,1779651544,0
UMTS,410,3,34004,1465745,-1,72.654,32.0633,1000,21,1,1779651530,1779651544,0
UMTS,410,3,34004,1475160,-1,72.6595,32.0657,1000,6,1,1779651530,1779651544,0
UMTS,410,3,34004,1475159,-1,72.6465,32.0565,1000,5,1,1779651533,1779651544,0
LTE,410,4,50008,11517953,-1,72.6442,32.0513,1116,19,1,1779523861,1780400043,0
LTE,410,4,50008,11518053,-1,72.6443,32.0535,1000,12,1,1779525441,1780148407,0
LTE,410,4,50008,11517952,-1,72.645,32.0562,1000,17,1,1779525822,1780400043,0
LTE,410,4,50008,1741157,-1,72.65,32.0602,1000,2,1,1779525996,1779651544,0
LTE,410,4,50008,1741066,-1,72.6549,32.0635,1000,7,1,1779526073,1779651544,0
LTE,410,4,50008,1141515,-1,72.656,32.0636,1000,3,1,1779526104,1779651544,0
LTE,410,4,50008,1141615,-1,72.6568,32.0638,1000,1,1,1779526124,1779526124,0
LTE,410,4,50008,1741166,-1,72.6562,32.064,1000,11,1,1779526129,1779651544,0
LTE,410,4,50008,11518052,-1,72.6452,32.0568,1683,31,1,1779526170,1780148407,0
LTE,410,4,50008,1141605,-1,72.6589,32.0678,1000,10,1,1779526175,1779651544,0
LTE,410,4,50008,1097062,-1,72.6609,32.0724,1000,3,1,1779526287,1779651544,0
LTE,410,4,50008,1224202,-1,72.6628,32.0745,1000,9,1,1779526323,1779651544,0
LTE,410,4,50008,1739777,-1,72.664,32.0752,1000,2,1,1779526353,1779651544,0
LTE,410,4,50008,1548800,-1,72.6666,32.0754,1000,13,1,1779526373,1779651544,0
LTE,410,4,50008,1548900,-1,72.667,32.0761,1000,8,1,1779526425,1779651544,0
LTE,410,4,50008,1548811,-1,72.6703,32.0776,1000,3,1,1779527088,1779651544,0
LTE,410,4,50008,1740033,-1,72.6718,32.0746,1000,3,1,1779527221,1779651544,0
LTE,410,4,50008,11423234,-1,72.6695,32.0752,1000,1,1,1779527364,1779527364,0
LTE,410,4,50008,1548810,-1,72.663,32.0747,1000,4,1,1779527519,1779651544,0
LTE,410,4,50008,1141504,-1,72.6592,32.0706,1000,4,1,1779527590,1779651544,0
LTE,410,4,50008,10682481,-1,72.6508,32.0594,1000,2,1,1779527708,1779992521,0
LTE,410,4,50008,1741057,-1,72.6498,32.0599,1000,5,1,1779527825,1779651544,0
LTE,410,4,50008,10682381,-1,72.6479,32.0575,1000,3,1,1779527881,1779651545,0
GSM,410,1,10463,41009,-1,73.1284,30.3483,1000,1,1,1779182933,1779182933,0
GSM,410,1,10463,10593,-1,73.1283,30.3488,1000,1,1,1779182968,1779182968,0
LTE,410,4,50022,10719745,-1,73.1244,30.3477,1570,12,1,1778755649,1781092502,0
LTE,410,3,40343,34249553,-1,73.1283,30.3489,1000,2,1,1778758412,1780926722,0
LTE,410,3,14440,60302595,-1,73.1315,30.3435,1798,9,1,1778783264,1780926722,0
LTE,410,4,50022,1467905,-1,73.1216,30.3199,1513,21,1,1779186666,1781092502,0
LTE,410,4,50022,1369099,-1,73.132,30.3469,1000,4,1,1779191188,1784405761,0
LTE,410,4,50022,1340673,-1,73.1301,30.3453,1000,6,1,1779192363,1780926781,0
LTE,410,3,14456,59507281,-1,73.1196,30.3303,2247,8,1,1779588878,1780926722,0
LTE,410,3,14456,59507202,-1,73.0923,30.2951,512,29,1,1779589311,1780926723,0
LTE,410,3,14456,59507282,-1,73.0963,30.2968,3478,8,1,1779590803,1780926723,0
LTE,410,1,55098,35903233,-1,73.0916,30.2946,1000,4,1,1779613588,1782939483,0
LTE,410,1,55098,35903239,-1,73.092,30.2936,1000,2,1,1779618347,1779691683,0
LTE,410,1,55098,35903240,-1,73.0931,30.2936,1000,6,1,1779618378,1782939483,0
LTE,410,1,55098,35903235,-1,73.0946,30.2929,1000,1,1,1779618444,1779618444,0
LTE,410,1,55098,35903234,-1,73.0909,30.2947,1000,2,1,1779622900,1782939483,0
LTE,410,1,55098,56403201,-1,73.1284,30.3489,1000,2,1,1779627555,1782939483,0
UMTS,410,4,43303,28216472,-1,72.6418,32.0539,1000,3,1,1779824578,1779824581,0
LTE,410,6,11807,212300133,-1,72.6436,32.054,1000,18,1,1779860933,1780400043,0
UMTS,410,6,1807,7590131,-1,72.6436,32.055,1000,1,1,1779992505,1779992505,0
LTE,410,6,11807,212300033,-1,72.6438,32.0523,1000,8,1,1779962964,1784928781,0
LTE,410,4,50008,11518054,-1,72.6428,32.0568,1000,3,1,1779964227,1780148407,0
LTE,410,1,60002,82789,0,67.0307,24.9328,1000,1,1,1780061169,1780061169,0
LTE,410,3,14440,60010243,-1,73.131,30.3463,1000,6,1,1779714474,1780926722,0
LTE,410,1,55098,59031586,-1,73.1283,30.349,1000,4,1,1779757067,1780926722,0
LTE,410,3,14440,60302675,-1,73.1291,30.347,1000,2,1,1779785598,1780926722,0
UMTS,410,4,43303,28199692,-1,72.6476,32.0133,1000,8,1,1780148347,1780400043,0
LTE,410,4,50008,10682368,-1,72.6427,32.0489,1000,1,1,1780143392,1780143392,0
LTE,410,4,50008,10682369,-1,72.6425,32.0452,1000,7,1,1780143397,1780148408,0
LTE,410,6,11807,212300134,-1,72.6422,32.0391,1182,18,1,1780143412,1780148408,0
LTE,410,4,50008,10682379,-1,72.6427,32.0234,1877,13,1,1780143572,1780400043,0
LTE,410,4,50008,10682469,-1,72.645,32.0251,1557,18,1,1780143592,1780400043,0
LTE,410,6,11807,210199655,-1,72.6428,32.0222,1196,13,1,1780143652,1780400043,0
LTE,410,4,50008,10289519,-1,72.6436,32.021,1000,3,1,1780143713,1780400043,0
LTE,410,4,50008,1573222,-1,72.6413,32.0223,1000,2,1,1780143733,1780148408,0
LTE,410,4,50008,10289419,-1,72.6461,32.0183,1000,5,1,1780143813,1780400043,0
LTE,410,4,50008,10289410,-1,72.6487,32.0159,1000,6,1,1780143833,1780400043,0
LTE,410,6,11807,210199554,-1,72.6485,32.0153,1000,19,1,1780143833,1780400043,0
LTE,410,6,11807,210199555,-1,72.6454,32.0156,1000,13,1,1780143933,1780400043,0
LTE,410,4,5048,13878017,-1,73.148,33.525,1000,13,1,1769330786,1780223646,0
LTE,410,6,10360,212210534,-1,73.148,33.5249,1000,18,1,1769330786,1780223647,0
LTE,410,4,5048,2175757,-1,73.1505,33.5229,1000,11,1,1769331231,1780223647,0
LTE,410,4,5048,12804896,-1,73.1484,33.5254,1000,6,1,1769331271,1780223647,0
LTE,410,6,10360,215084901,-1,73.1485,33.5251,1000,1,1,1769331271,1769331271,0
LTE,410,6,10360,215084646,-1,73.1483,33.5256,1000,10,1,1769331281,1780223647,0
LTE,410,4,5048,13878037,-1,73.1482,33.5255,1000,8,1,1769331301,1780223647,0
GSM,410,6,360,10132,-1,73.1488,33.5261,1000,1,1,1769331441,1769331441,0
LTE,410,6,10360,212210434,-1,73.1488,33.526,1000,2,1,1769331541,1780223646,0
LTE,410,6,10360,215083977,-1,73.1804,33.5324,761,29,1,1769408355,1780223654,0
LTE,410,6,10360,215084134,-1,73.1796,33.5363,1126,50,1,1769408363,1780223658,0
LTE,410,6,10360,212277706,-1,73.1741,33.5354,1000,5,1,1769408383,1780223653,0
LTE,410,6,10360,215084135,-1,73.1734,33.5364,500,41,1,1769408393,1780223658,0
LTE,410,4,5048,13007893,-1,73.1707,33.5362,1000,19,1,1769408403,1780223658,0
LTE,410,6,10360,212277606,-1,73.1725,33.5355,538,31,1,1769408403,1780223658,0
LTE,410,4,5048,13007894,-1,73.1668,33.5349,1000,2,1,1769408493,1780223582,0
LTE,410,4,5048,13052952,-1,73.1789,33.5356,586,50,1,1769408883,1780223658,0
LTE,410,6,10360,215084234,-1,73.1812,33.536,500,38,1,1769408933,1780223657,0
LTE,410,6,10360,215083877,-1,73.1803,33.5336,689,50,1,1769408943,1780223658,0
LTE,410,4,5048,13052930,-1,73.1806,33.5292,1000,22,1,1769409063,1780223658,0
LTE,410,6,10360,215083978,-1,73.18,33.5257,1000,14,1,1769409073,1780223653,0
LTE,410,6,10360,215083878,-1,73.1801,33.5257,852,42,1,1769409113,1780223658,0
LTE,410,6,10348,215168201,-1,73.1759,33.5153,622,27,1,1769409133,1787568542,0
LTE,410,6,10348,215168101,-1,73.1794,33.5173,716,50,1,1769409143,1780223658,0
LTE,410,4,5048,13342722,-1,73.1808,33.521,1000,10,1,1769409193,1780223653,0
LTE,410,6,10348,215064167,-1,73.1833,33.5182,1000,15,1,1769409193,1780223652,0
LTE,410,4,5048,772866,-1,73.1839,33.5184,500,34,1,1769409203,1780223659,0
LTE,410,6,10360,212262502,-1,73.1835,33.5183,1000,17,1,1769409203,1780223659,0
LTE,410,6,10348,215064267,-1,73.1821,33.5129,754,26,1,1769409233,1787568542,0
LTE,410,4,5048,772886,-1,73.1841,33.5182,1000,15,1,1769409283,1780223659,0
LTE,410,6,10360,212262602,-1,73.1832,33.5189,1000,21,1,1769409303,1780223659,0
LTE,410,6,10360,212262402,-1,73.1843,33.5179,1000,10,1,1769409353,1780223659,0
LTE,410,6,10345,212437094,-1,72.836,33.5577,1000,7,1,1779108716,1780223583,0
LTE,410,4,5031,13488891,-1,72.8409,33.5577,1804,12,1,1779108716,1780223584,0
LTE,410,4,5031,13488662,-1,72.8368,33.5569,1000,2,1,1779108840,1780223583,0
LTE,410,4,5031,13488672,-1,72.8367,33.5574,1000,1,1,1779109270,1779109270,0
LTE,410,6,10345,212437194,-1,72.8373,33.5592,1000,7,1,1779109350,1780223583,0
LTE,410,6,10345,212437193,-1,72.8459,33.558,641,28,1,1779109410,1780223584,0
LTE,410,4,5031,13488890,-1,72.8425,33.5585,1000,10,1,1779109420,1780223584,0
LTE,410,4,5031,13488661,-1,72.8461,33.5579,1000,4,1,1779109470,1780223584,0
LTE,410,4,5031,13488641,-1,72.848,33.5576,1000,4,1,1779109480,1780223584,0
LTE,410,4,5031,13005826,-1,72.8497,33.5574,1000,4,1,1779109490,1780223584,0
LTE,410,4,5031,13834755,-1,72.8558,33.5564,1000,12,1,1779109500,1780223584,0
LTE,410,6,10345,207988483,-1,72.8552,33.5565,1000,4,1,1779109520,1780223584,0
LTE,410,6,10345,212437093,-1,72.8611,33.5557,1000,8,1,1779109530,1780223584,0
LTE,410,6,10345,207988681,-1,72.8681,33.5601,868,35,1,1779109550,1780223584,0
LTE,410,4,5031,13834753,-1,72.8672,33.5587,1000,22,1,1779109560,1780223584,0
LTE,410,4,5031,13804566,-1,72.8654,33.5689,1000,7,1,1779109680,1780223584,0
LTE,410,6,10345,207988582,-1,72.8643,33.5703,1000,14,1,1779109680,1780223584,0
LTE,410,4,5031,13804546,-1,72.8622,33.5733,1000,9,1,1779109700,1780223584,0
LTE,410,6,10345,207988683,-1,72.8595,33.5807,848,25,1,1779109720,1780223585,0
LTE,410,4,5031,13804547,-1,72.8593,33.5816,1000,24,1,1779109740,1780223585,0
LTE,410,6,10345,215215307,-1,72.8679,33.5893,1000,20,1,1779109810,1780223585,0
LTE,410,6,10345,212276583,-1,72.8652,33.5876,1000,4,1,1779109820,1780223585,0
LTE,410,4,5031,2124558,-1,72.8688,33.5901,1000,3,1,1779109850,1780223585,0
LTE,410,6,10345,215215308,-1,72.873,33.5915,1000,4,1,1779109880,1780223585,0
LTE,410,4,5031,2124557,-1,72.8773,33.5948,1000,8,1,1779109890,1780223585,0
LTE,410,6,10345,215215208,-1,72.8747,33.5923,1000,4,1,1779109890,1780223585,0
LTE,410,6,10345,215215205,-1,72.8787,33.5963,1000,20,1,1779109900,1780223585,0
LTE,410,4,5031,2124577,-1,72.8786,33.5962,1000,4,1,1779109920,1780223585,0
LTE,410,4,5031,13459723,-1,72.8835,33.6007,1000,14,1,1779109940,1780223585,0
LTE,410,6,10345,212200907,-1,72.8862,33.6021,1000,17,1,1779109950,1780223585,0
LTE,410,6,10345,215215305,-1,72.8914,33.6044,1000,4,1,1779110000,1780223585,0
LTE,410,6,10345,212200805,-1,72.8977,33.6084,1000,23,1,1779110010,1780223585,0
LTE,410,4,5031,13920535,-1,72.8982,33.6087,1000,4,1,1779110040,1780223585,0
LTE,410,4,5031,2378850,-1,72.9002,33.6099,1000,5,1,1779110050,1780223585,0
LTE,410,4,5031,13920515,-1,72.902,33.6111,1000,4,1,1779110060,1780223585,0
LTE,410,4,5031,2378830,-1,72.9106,33.615,1000,12,1,1779110070,1780223586,0
LTE,410,6,10339,215249766,-1,72.9138,33.6163,1119,32,1,1779110070,1780223586,0
LTE,410,4,5031,2378755,-1,72.9114,33.6155,1000,12,1,1779110090,1780223586,0
LTE,410,6,10339,215249865,-1,72.9241,33.621,1000,11,1,1779110150,1780223586,0
LTE,410,6,10339,215133130,-1,72.9283,33.6243,1000,11,1,1779110170,1780223586,0
LTE,410,6,10339,208644866,-1,72.9327,33.6274,1000,7,1,1779110200,1780223586,0
LTE,410,6,10339,208644967,-1,72.9355,33.6293,1000,6,1,1779110220,1780223586,0
LTE,410,6,10339,215069798,-1,72.9391,33.6317,1000,9,1,1779110240,1780223586,0
LTE,410,4,5031,2057811,-1,72.9392,33.632,1000,4,1,1779110250,1780223586,0
LTE,410,4,5031,2057813,-1,72.9431,33.6326,1000,4,1,1779110270,1780223586,0
LTE,410,6,10339,215069797,-1,72.9465,33.6333,1000,11,1,1779110270,1780223586,0
LTE,410,6,10339,215135591,-1,72.9461,33.6319,1000,4,1,1779110290,1780223586,0
LTE,410,6,10339,215069697,-1,72.9463,33.6318,1000,1,1,1779110310,1779110310,0
LTE,410,4,5031,2265938,-1,72.9463,33.6318,1000,1,1,1779110320,1779110320,0
LTE,410,6,10339,208644966,-1,72.9483,33.6329,1000,9,1,1779110320,1780223586,0
LTE,410,6,10339,215136103,-1,72.9486,33.6329,1000,4,1,1779110370,1780223586,0
LTE,410,4,5031,13201225,-1,72.9512,33.635,1000,4,1,1779110390,1780223586,0
LTE,410,6,10339,215136202,-1,72.956,33.6377,1000,18,1,1779110400,1780223586,0
LTE,410,6,10339,215085670,-1,72.9622,33.641,1000,8,1,1779110450,1780223586,0
LTE,410,6,10339,215136615,-1,72.966,33.6422,1000,8,1,1779110470,1780223586,0
LTE,410,6,10339,215136613,-1,72.9702,33.6441,1000,11,1,1779110490,1780223587,0
LTE,410,6,10339,215086338,-1,72.974,33.6461,1000,4,1,1779110520,1780223586,0
LTE,410,6,10339,215086538,-1,72.9789,33.6487,1000,16,1,1779110530,1780223587,0
LTE,410,6,10339,215049164,-1,72.9837,33.6512,1000,4,1,1779110570,1780223587,0
LTE,410,6,10339,215081831,-1,72.9958,33.6575,1214,13,1,1779110580,1780223587,0
LTE,410,6,10339,215149670,-1,72.9914,33.6552,1000,20,1,1779110590,1780223587,0
LTE,410,4,5056,13972738,-1,72.9905,33.6548,1000,8,1,1779110600,1780223587,0
LTE,410,4,5056,13972737,-1,72.9934,33.6563,1000,4,1,1779110620,1780223587,0
LTE,410,4,5056,13318146,-1,72.9971,33.6582,1000,8,1,1779110630,1780223587,0
LTE,410,6,10339,215049161,-1,72.999,33.6592,1000,4,1,1779110650,1780223587,0
LTE,410,6,10339,215081931,-1,73.001,33.6602,1000,4,1,1779110660,1780223587,0
LTE,410,6,10339,215081830,-1,73.0062,33.663,1000,10,1,1779110680,1780223587,0
LTE,410,6,10339,215081574,-1,73.0106,33.6653,1000,10,1,1779110700,1780223587,0
LTE,410,6,10339,215080807,-1,73.0138,33.667,1000,4,1,1779110720,1780223587,0
LTE,410,6,10339,215080906,-1,73.0158,33.668,1000,4,1,1779110730,1780223587,0
LTE,410,6,10338,215047526,-1,73.0254,33.6731,1000,23,1,1779110740,1780223587,0
LTE,410,6,10339,215049829,-1,73.0236,33.6722,1000,5,1,1779110770,1780223587,0
LTE,410,6,10338,215047525,-1,73.035,33.6781,1000,11,1,1779110820,1780223587,0
LTE,410,6,10338,215047625,-1,73.04,33.6808,1000,8,1,1779110850,1780223588,0
LTE,410,4,5056,2321666,-1,73.0419,33.6818,1000,8,1,1779110860,1780223588,0
LTE,410,6,10338,215048394,-1,73.0441,33.6829,1000,9,1,1779110870,1780223588,0
LTE,410,4,5056,2321914,-1,73.0487,33.6853,1000,13,1,1779110880,1780223588,0
LTE,410,6,10338,215048393,-1,73.0492,33.6855,1000,5,1,1779110900,1780223588,0
LTE,410,6,10338,215047882,-1,73.0525,33.6873,1000,11,1,1779110910,1780223588,0
LTE,410,4,5035,13762305,-1,73.0536,33.6878,1000,6,1,1779110920,1780223588,0
LTE,410,4,5035,13762306,-1,73.0555,33.6888,1000,4,1,1779110930,1780223588,0
LTE,410,6,10338,215047781,-1,73.0555,33.6888,1000,4,1,1779110930,1780223588,0
LTE,410,6,10338,215082598,-1,73.0608,33.6916,1000,21,1,1779110940,1780223648,0
LTE,410,4,5035,2068246,-1,73.0598,33.6911,1000,5,1,1779110950,1780223648,0
LTE,410,6,10338,215082597,-1,73.0661,33.6932,1000,19,1,1779110980,1780223648,0
LTE,410,4,5035,2360843,-1,73.0664,33.695,1000,5,1,1779111000,1780223588,0
LTE,410,6,10338,215155712,-1,73.0653,33.6953,1000,10,1,1779111000,1780223648,0
LTE,410,4,5035,2360834,-1,73.0653,33.6955,1000,7,1,1779111020,1780223588,0
LTE,410,6,10338,215082698,-1,73.0681,33.69,1000,16,1,1779111080,1780223648,0
LTE,410,6,10338,215167846,-1,73.0716,33.6855,1000,7,1,1779111110,1780223588,0
LTE,410,4,5033,2049814,-1,73.073,33.6836,1000,18,1,1779111130,1780223648,0
LTE,410,6,10338,215101797,-1,73.0731,33.6838,1518,21,1,1779111130,1780223648,0
LTE,410,4,5033,2255893,-1,73.0763,33.6791,1000,11,1,1779111150,1780223648,0
LTE,410,4,5033,2255895,-1,73.0783,33.6764,1000,4,1,1779111170,1780223588,0
LTE,410,6,10320,215087717,-1,73.0807,33.6732,1000,16,1,1779111170,1780223648,0
LTE,410,4,5033,2448917,-1,73.0797,33.6746,1000,14,1,1779111180,1780223648,0
LTE,410,4,5033,2400617,-1,73.0824,33.6709,1000,6,1,1779111200,1780223588,0
LTE,410,6,10320,215087718,-1,73.0834,33.6696,1000,17,1,1779111210,1780223649,0
LTE,410,4,5033,2400762,-1,73.083,33.6701,1000,9,1,1779111220,1780223649,0
LTE,410,4,5033,2524183,-1,73.0867,33.6652,1000,7,1,1779111230,1780223641,0
LTE,410,6,10320,215125449,-1,73.087,33.6649,1000,20,1,1779111230,1780223649,0
LTE,410,4,5033,2524171,-1,73.0888,33.6624,1000,20,1,1779111250,1780223649,0
LTE,410,6,10320,215125349,-1,73.0897,33.6612,1000,11,1,1779111270,1780223649,0
LTE,410,6,10320,215125350,-1,73.0921,33.6579,1000,17,1,1779111280,1780223649,0
LTE,410,4,5033,2251267,-1,73.0949,33.6543,1000,4,1,1779111310,1780223642,0
LTE,410,6,10320,212451429,-1,73.0948,33.6544,1000,19,1,1779111310,1780223649,0
LTE,410,4,5033,2413895,-1,73.0969,33.6516,1000,14,1,1779111320,1780223649,0
LTE,410,6,10320,212451530,-1,73.0986,33.6493,1000,12,1,1779111330,1780223642,0
LTE,410,4,5033,2413897,-1,73.0986,33.6493,1000,4,1,1779111340,1780223642,0
LTE,410,4,5033,2413898,-1,73.0996,33.6481,1000,11,1,1779111350,1780223649,0
LTE,410,6,10320,215114497,-1,73.101,33.6461,1000,4,1,1779111360,1780223642,0
LTE,410,6,10320,215097346,-1,73.1022,33.6446,1000,4,1,1779111370,1780223642,0
LTE,410,6,10320,215097446,-1,73.1039,33.6423,1000,8,1,1779111380,1780223642,0
LTE,410,4,5042,13062216,-1,73.1037,33.6426,1000,6,1,1779111390,1780223649,0
LTE,410,4,5042,13805825,-1,73.1054,33.6403,1000,14,1,1779111400,1780223649,0
LTE,410,6,10320,208491111,-1,73.1056,33.64,1000,4,1,1779111400,1780223642,0
LTE,410,6,10320,215112295,-1,73.1066,33.6386,1000,4,1,1779111410,1780223642,0
LTE,410,4,5042,13805826,-1,73.1076,33.6373,1000,4,1,1779111420,1780223642,0
LTE,410,6,10320,208538059,-1,73.1092,33.6352,500,26,1,1779111420,1780223650,0
LTE,410,4,5042,13284355,-1,73.1097,33.6345,1000,4,1,1779111440,1780223642,0
LTE,410,4,5042,12824075,-1,73.1114,33.6323,1000,14,1,1779111460,1780223650,0
LTE,410,6,10320,208537859,-1,73.1117,33.6319,1000,4,1,1779111460,1780223642,0
LTE,410,6,10320,208537958,-1,73.1133,33.6297,500,25,1,1779111470,1780223650,0
LTE,410,4,5042,13284364,-1,73.1136,33.6293,1000,4,1,1779111480,1780223642,0
LTE,410,6,10320,212201061,-1,73.1156,33.6266,1000,4,1,1779111500,1780223642,0
LTE,410,6,10320,215096422,-1,73.117,33.6248,1000,11,1,1779111510,1780223650,0
LTE,410,4,5042,13565452,-1,73.1177,33.6238,1000,4,1,1779111520,1780223642,0
LTE,410,6,10320,212201163,-1,73.1194,33.6216,1000,8,1,1779111530,1780223642,0
LTE,410,4,5042,796427,-1,73.1188,33.6223,1000,4,1,1779111530,1780223642,0
LTE,410,6,10320,215096167,-1,73.1217,33.6185,1000,15,1,1779111550,1780223650,0
LTE,410,6,10320,215096166,-1,73.1237,33.6158,1000,5,1,1779111570,1780223642,0
LTE,410,4,5042,12993805,-1,73.1262,33.6125,1000,12,1,1779111580,1780223643,0
LTE,410,6,10320,208651779,-1,73.1249,33.6142,1000,4,1,1779111580,1780223642,0
LTE,410,6,10320,208651979,-1,73.1268,33.6116,1000,8,1,1779111590,1780223643,0
LTE,410,4,5042,12993795,-1,73.1293,33.6082,1000,7,1,1779111610,1780223643,0
LTE,410,6,10320,215150440,-1,73.1293,33.6082,1000,7,1,1779111610,1780223643,0
LTE,410,4,5042,13147726,-1,73.1317,33.6051,1000,9,1,1779111630,1780223650,0
LTE,410,6,10320,215150439,-1,73.1318,33.605,1000,8,1,1779111630,1780223643,0
LTE,410,4,5042,13147725,-1,73.1323,33.6042,1000,4,1,1779111640,1780223643,0
LTE,410,6,10320,215151717,-1,73.1337,33.6023,1000,7,1,1779111650,1780223643,0
LTE,410,6,10320,215150282,-1,73.1354,33.6001,1000,4,1,1779111670,1780223643,0
LTE,410,4,5048,12810263,-1,73.1434,33.5895,1225,9,1,1779111680,1780223650,0
LTE,410,6,10360,208302951,-1,73.147,33.5848,1846,32,1,1779111680,1780223651,0
LTE,410,4,5050,13107457,-1,73.1391,33.5953,1000,18,1,1779111690,1780223650,0
LTE,410,6,10320,215260617,-1,73.1382,33.5964,1000,7,1,1779111690,1780223643,0
LTE,410,6,10320,215159143,-1,73.141,33.5929,1000,10,1,1779111710,1780223643,0
LTE,410,4,5042,13047555,-1,73.1419,33.5917,1000,3,1,1779111730,1780223643,0
LTE,410,4,5050,13107467,-1,73.1425,33.5907,1000,13,1,1779111740,1780223650,0
LTE,410,6,10320,215260618,-1,73.1432,33.5898,1000,24,1,1779111740,1780223650,0
LTE,410,6,10320,215151718,-1,73.1433,33.5895,1000,4,1,1779111750,1780223643,0
LTE,410,4,5048,12810241,-1,73.146,33.5859,1000,11,1,1779111770,1780223643,0
LTE,410,4,5048,13021699,-1,73.1526,33.5771,1000,11,1,1779111830,1780223643,0
LTE,410,6,10360,208302950,-1,73.1522,33.5777,1000,24,1,1779111830,1780223651,0
LTE,410,6,10360,215100261,-1,73.1555,33.5724,557,39,1,1779111860,1780223657,0
LTE,410,4,5048,2089474,-1,73.156,33.5723,500,42,1,1779111870,1780223657,0
LTE,410,4,5048,13244674,-1,73.1599,33.5673,1000,14,1,1779111900,1780223655,0
LTE,410,4,5048,12915201,-1,73.1598,33.5675,500,32,1,1779111910,1780223657,0
LTE,410,6,10360,208149705,-1,73.1597,33.5677,1000,4,1,1779111910,1780223644,0
LTE,410,6,10360,208149605,-1,73.1601,33.5671,540,31,1,1779111920,1780223657,0
LTE,410,6,10360,208149606,-1,73.1623,33.5641,636,33,1,1779111950,1780223657,0
LTE,410,6,10360,215094991,-1,73.1676,33.557,1000,24,1,1779111980,1780223657,0
LTE,410,6,10360,215094887,-1,73.1659,33.5592,835,34,1,1779112000,1780223655,0
LTE,410,4,5048,13201675,-1,73.1709,33.5525,1000,21,1,1779112030,1780223657,0
LTE,410,6,10360,215094987,-1,73.1713,33.552,1000,19,1,1779112030,1780223657,0
LTE,410,6,10360,215094886,-1,73.1726,33.5502,774,30,1,1779112050,1780223657,0
LTE,410,4,5048,2558998,-1,73.1748,33.5474,1000,4,1,1779112060,1780223645,0
LTE,410,4,5048,2361878,-1,73.1774,33.5439,1000,11,1,1779112070,1780223657,0
LTE,410,6,10360,215084133,-1,73.1765,33.5449,836,50,1,1779112070,1780223657,0
LTE,410,4,5048,2203168,-1,73.1771,33.5443,1000,4,1,1779112080,1780223645,0
LTE,410,4,5048,2361877,-1,73.1795,33.5409,1000,10,1,1779112100,1780223657,0
LTE,410,4,5048,13052949,-1,73.1805,33.5288,1000,7,1,1779112170,1780223645,0
LTE,410,4,5048,13052950,-1,73.1801,33.5255,1000,8,1,1779112190,1780223645,0
LTE,410,6,10360,215083778,-1,73.18,33.5248,1000,10,1,1779112200,1780223648,0
LTE,410,4,5048,772896,-1,73.1798,33.5158,1000,13,1,1779112260,1787568542,0
LTE,410,6,10348,215168102,-1,73.181,33.5101,725,27,1,1779112310,1787568542,0
LTE,410,4,5048,13740546,-1,73.1835,33.5086,1000,5,1,1779112340,1780223645,0
LTE,410,4,5048,13740547,-1,73.1836,33.5084,1000,10,1,1779112360,1780223646,0
LTE,410,4,5048,13843970,-1,73.1794,33.511,1000,4,1,1779112420,1780223646,0
LTE,410,6,10348,212307915,-1,73.1794,33.511,1000,4,1,1779112420,1780223646,0
LTE,410,4,5048,2527766,-1,73.1673,33.5168,1000,21,1,1779112470,1787568542,0
LTE,410,4,5048,13342723,-1,73.17,33.5154,500,26,1,1779112480,1787568542,0
LTE,410,4,5048,2527756,-1,73.1682,33.5159,1000,4,1,1779112490,1780223646,0
LTE,410,6,10360,215083366,-1,73.1684,33.5162,1000,24,1,1779112490,1787568542,0
LTE,410,6,10360,215083367,-1,73.1634,33.5188,682,25,1,1779112520,1787568542,0
LTE,410,4,5048,2527747,-1,73.1606,33.5198,656,31,1,1779112530,1780223647,0
LTE,410,6,10360,215083621,-1,73.1546,33.5214,1000,8,1,1779112560,1780223646,0
LTE,410,4,5048,2175745,-1,73.1544,33.5217,1000,15,1,1779112570,1780223647,0
LTE,410,6,10360,215083623,-1,73.1519,33.5224,500,35,1,1779112590,1780223647,0
LTE,410,6,10360,215083523,-1,73.1481,33.5238,1000,3,1,1779112780,1780223646,0
LTE,410,6,10360,212210634,-1,73.1483,33.5254,1000,4,1,1779112800,1780223646,0
LTE,410,4,5048,12804876,-1,73.1484,33.5257,1000,3,1,1779112850,1780223646,0
LTE,410,6,10360,215084546,-1,73.1488,33.526,1000,1,1,1779112920,1779112920,0
UMTS,410,4,30210,158091,188,73.1488,33.526,1000,1,1,1779112930,1779112930,0
LTE,410,6,10360,212210433,-1,73.1488,33.526,1000,1,1,1779113160,1779113160,0
UMTS,410,4,30210,148178,110,73.1488,33.526,1000,1,1,1779113200,1779113200,0
LTE,410,4,5048,2512899,-1,73.1632,33.5581,3815,12,1,1779113260,1780223657,0
LTE,410,4,5048,2248471,-1,73.1488,33.526,1000,1,1,1779113280,1779113280,0
LTE,410,4,5048,2513503,-1,73.1488,33.526,1000,1,1,1779113330,1779113330,0
LTE,410,4,5048,2513483,-1,73.1488,33.526,1000,1,1,1779114210,1779114210,0
GSM,410,4,7722,2114,-1,73.1488,33.526,1000,1,1,1779114470,1779114470,0
LTE,410,4,5048,2175767,-1,73.1482,33.5238,1000,4,1,1779114600,1780223647,0
LTE,410,4,5048,13342721,-1,73.1791,33.5304,1000,7,1,1779114960,1780223658,0
LTE,410,4,5048,13808642,-1,73.1837,33.5179,1000,1,1,1779115210,1779115210,0
LTE,410,6,10318,215221506,-1,73.185,33.518,1000,3,1,1779115320,1780223652,0
UMTS,410,4,30210,157091,9,73.1848,33.5179,1000,12,1,1779115998,1780223659,0
UMTS,410,4,30210,179012,78,73.1847,33.5179,1000,8,1,1779116570,1780223659,0
LTE,410,4,5035,2068227,-1,73.0584,33.6903,1000,3,1,1779250942,1780223648,0
LTE,410,4,5033,2049815,-1,73.0699,33.6878,1000,4,1,1779251081,1780223648,0
LTE,410,6,10338,215167946,-1,73.0716,33.6855,1000,7,1,1779251091,1780223648,0
LTE,410,6,10338,215101798,-1,73.0764,33.679,1000,7,1,1779251131,1780223648,0
LTE,410,6,10338,215101898,-1,73.0788,33.6757,1000,7,1,1779251151,1780223648,0
LTE,410,4,5033,2400583,-1,73.0817,33.672,1000,4,1,1779251181,1780223649,0
LTE,410,4,5033,2448898,-1,73.0839,33.669,1000,4,1,1779251201,1780223649,0
LTE,410,4,5033,13737987,-1,73.0943,33.6551,1000,11,1,1779251291,1780223649,0
LTE,410,6,10320,212451430,-1,73.0983,33.6498,1000,14,1,1779251321,1780223649,0
LTE,410,4,5042,13062215,-1,73.1016,33.6455,1000,7,1,1779251361,1780223649,0
LTE,410,6,10320,215097547,-1,73.1022,33.6447,1000,11,1,1779251361,1780223649,0
LTE,410,6,10320,208537959,-1,73.1052,33.6406,1000,10,1,1779251391,1780223649,0
LTE,410,6,10320,215112293,-1,73.1071,33.6381,1000,3,1,1779251421,1780223649,0
LTE,410,4,5042,2413314,-1,73.1079,33.637,1000,3,1,1779251431,1780223649,0
LTE,410,4,5042,13754115,-1,73.1095,33.6349,1000,3,1,1779251451,1780223650,0
LTE,410,4,5042,13754113,-1,73.1131,33.63,1000,4,1,1779251491,1780223650,0
LTE,410,4,5042,796447,-1,73.1192,33.6219,1000,7,1,1779251541,1780223650,0
LTE,410,6,10320,212201063,-1,73.1192,33.6219,1000,7,1,1779251541,1780223650,0
LTE,410,4,5042,13108502,-1,73.1215,33.6188,1000,7,1,1779251561,1780223650,0
LTE,410,4,5042,2531351,-1,73.1237,33.6158,1000,7,1,1779251581,1780223650,0
LTE,410,6,10320,215096267,-1,73.1237,33.6158,1000,7,1,1779251581,1780223650,0
LTE,410,4,5042,12993825,-1,73.1258,33.613,1000,7,1,1779251601,1780223650,0
LTE,410,6,10320,215096266,-1,73.1258,33.613,1000,7,1,1779251601,1780223650,0
LTE,410,4,5042,12993815,-1,73.1278,33.6103,1000,7,1,1779251621,1780223650,0
LTE,410,6,10320,215150540,-1,73.1288,33.609,1000,14,1,1779251621,1780223650,0
LTE,410,4,5042,13638678,-1,73.1298,33.6077,1000,7,1,1779251641,1780223650,0
LTE,410,6,10320,215150539,-1,73.1318,33.6051,1000,7,1,1779251661,1780223650,0
LTE,410,6,10320,215151617,-1,73.134,33.6021,1000,7,1,1779251681,1780223650,0
LTE,410,4,5048,13021709,-1,73.1358,33.5997,1000,4,1,1779251701,1780223650,0
LTE,410,4,5050,13107459,-1,73.137,33.598,1000,5,1,1779251711,1780223650,0
LTE,410,4,5042,2266637,-1,73.1435,33.5895,1000,6,1,1779251761,1780223650,0
LTE,410,4,5048,2089493,-1,73.1501,33.5806,1000,12,1,1779251821,1780223651,0
LTE,410,4,5048,13941244,-1,73.173,33.5498,1000,18,1,1779252011,1780223651,0
LTE,410,6,10360,215094986,-1,73.1735,33.5491,1000,12,1,1779252031,1780223657,0
LTE,410,4,5048,13342742,-1,73.1823,33.5177,1000,3,1,1779258801,1780223652,0
LTE,410,6,10360,215083780,-1,73.1771,33.5341,1000,4,1,1779259151,1780223653,0
LTE,410,6,10360,215083980,-1,73.1754,33.5349,1000,16,1,1779259191,1780223658,0
LTE,410,4,5048,2361858,-1,73.1727,33.5371,1000,12,1,1779259211,1780223658,0
LTE,410,4,5048,13007873,-1,73.1729,33.5365,1000,6,1,1779259241,1780223653,0
LTE,410,4,5048,2361879,-1,73.1726,33.5372,1000,6,1,1779259351,1780223658,0
UMTS,410,4,30210,170298,272,73.1732,33.5365,1000,6,1,1779259521,1780223653,0
UMTS,410,4,30210,174884,397,73.1732,33.5365,1000,6,1,1779259521,1780223653,0
UMTS,410,4,30210,142928,49,73.1732,33.5358,1000,2,1,1779259541,1780223653,0
LTE,410,4,5048,2361867,-1,73.179,33.5413,1000,7,1,1779259701,1780223654,0
LTE,410,4,5048,13201666,-1,73.174,33.5483,1000,10,1,1779259781,1780223657,0
LTE,410,4,5048,2203148,-1,73.1732,33.5494,1000,16,1,1779259811,1780223657,0
LTE,410,4,5048,2266113,-1,73.1638,33.562,1000,8,1,1779259891,1780223657,0
LTE,410,4,5048,2089504,-1,73.1534,33.5733,1000,17,1,1779259961,1780223655,0
LTE,410,6,10360,215100361,-1,73.1555,33.5715,1000,13,1,1779259961,1780223657,0
LTE,410,6,10360,215100362,-1,73.1534,33.573,1000,4,1,1779259991,1780223655,0
LTE,410,6,10360,215100262,-1,73.1553,33.5729,1000,19,1,1779260011,1780223657,0
LTE,410,4,5048,2089494,-1,73.1516,33.5749,1000,2,1,1779260031,1780223655,0
LTE,410,4,5048,2089495,-1,73.1492,33.5737,1000,4,1,1779260071,1780223655,0
LTE,410,6,10360,215100363,-1,73.1492,33.5737,1000,4,1,1779260071,1780223655,0
LTE,410,4,5048,2518305,-1,73.148,33.5732,1000,10,1,1779260091,1780223657,0
LTE,410,6,10360,215100263,-1,73.1478,33.5731,1000,20,1,1779260091,1780223657,0
LTE,410,4,5048,12921594,-1,73.1458,33.572,1000,10,1,1779260141,1780223657,0
LTE,410,4,5048,12921596,-1,73.1414,33.5697,695,42,1,1779260161,1780223656,0
LTE,410,6,10360,215100008,-1,73.1438,33.5709,1000,3,1,1779260161,1780223655,0
LTE,410,6,10360,215100007,-1,73.1435,33.5708,1000,5,1,1779260171,1780223656,0
LTE,410,6,10360,215100107,-1,73.1437,33.571,1000,7,1,1779260191,1780223656,0
LTE,410,6,10360,208439753,-1,73.1408,33.5694,1000,15,1,1779260211,1780223656,0
LTE,410,4,5048,2266446,-1,73.1374,33.5681,1000,8,1,1779260271,1780223656,0
LTE,410,6,10360,208439654,-1,73.1378,33.5681,500,26,1,1779260271,1780223656,0
LTE,410,4,5048,2266445,-1,73.1391,33.5685,1000,6,1,1779260341,1780223656,0
LTE,410,4,5048,2266443,-1,73.1405,33.5692,1000,6,1,1779260361,1780223656,0
LTE,410,6,10360,208439653,-1,73.1414,33.5696,1000,17,1,1779260361,1780223656,0
LTE,410,6,10360,215124838,-1,73.1421,33.5703,1000,13,1,1779260441,1780223656,0
UMTS,410,4,30210,144811,415,73.1419,33.5705,1000,1,1,1779260511,1779260511,0
UMTS,410,4,30210,162932,360,73.1421,33.5705,1000,3,1,1779260531,1780223655,0
LTE,410,6,10360,208439553,-1,73.1421,33.5706,1000,2,1,1779260531,1780223655,0
UMTS,410,4,30210,150496,232,73.1421,33.5705,1000,3,1,1779260541,1780223655,0
UMTS,410,4,30210,178292,27,73.1419,33.5705,1000,1,1,1779260551,1779260551,0
UMTS,410,4,30210,177551,308,73.1421,33.5705,1000,3,1,1779260571,1780223655,0
UMTS,410,4,30210,160496,240,73.1421,33.5706,1000,3,1,1779260591,1780223655,0
UMTS,410,4,30210,150107,247,73.1421,33.5706,1000,2,1,1779260651,1780223655,0
UMTS,410,4,30212,178292,27,73.1421,33.5706,1000,2,1,1779260631,1780223655,0
LTE,410,4,5048,13946645,-1,73.1421,33.5706,1000,3,1,1779260671,1780223655,0
LTE,410,4,5048,12921423,-1,73.1419,33.5695,1000,3,1,1779260721,1780223656,0
LTE,410,6,10360,212314625,-1,73.1419,33.5705,1000,1,1,1779260821,1779260821,0
GSM,410,4,7722,4794,-1,73.1421,33.5706,1000,2,1,1779260831,1780223655,0
LTE,410,4,5048,13946625,-1,73.1421,33.5706,1000,2,1,1779260901,1780223655,0
LTE,410,4,5048,12921443,-1,73.1425,33.5703,1000,5,1,1779261221,1780223656,0
UMTS,410,4,30210,192325,373,73.1421,33.5706,1000,2,1,1779261351,1780223655,0
GSM,410,4,7722,2202,-1,73.1422,33.5707,1000,1,1,1779261491,1779261491,0
UMTS,410,4,30210,170909,21,73.1422,33.5707,1000,1,1,1779261551,1779261551,0
UMTS,410,4,30210,170496,248,73.1422,33.5707,1000,1,1,1779261671,1779261671,0
LTE,410,4,5048,2412566,-1,73.1421,33.5706,1000,1,1,1779262231,1779262231,0
LTE,410,4,5048,12989185,-1,73.1418,33.5693,1000,7,1,1779264231,1780223656,0
LTE,410,4,5048,13275139,-1,73.1418,33.5694,1000,1,1,1779264496,1779264496,0
LTE,410,4,5048,13276183,-1,73.1421,33.5699,1000,1,1,1779266361,1779266361,0
LTE,410,4,5048,2266461,-1,73.1347,33.5671,1000,2,1,1779266911,1780223656,0
LTE,410,4,5048,2243349,-1,73.1335,33.5669,1000,3,1,1779266931,1780223656,0
LTE,410,6,10360,215114854,-1,73.1326,33.5666,1000,16,1,1779266931,1780223656,0
LTE,410,4,5048,2243329,-1,73.1323,33.5665,1000,8,1,1779266951,1780223656,0
LTE,410,4,5048,2243331,-1,73.1315,33.5663,1000,3,1,1779266991,1780223656,0
LTE,410,4,5048,13275649,-1,73.1286,33.5655,1000,17,1,1779267021,1780223656,0
LTE,410,6,10360,215114955,-1,73.1294,33.5657,1000,8,1,1779267071,1780223656,0
LTE,410,6,10360,215114855,-1,73.1289,33.5654,1000,2,1,1779267111,1780223656,0
LTE,410,6,10360,212286053,-1,73.1291,33.5656,1000,12,1,1779270242,1780223656,0
LTE,410,6,10360,212286055,-1,73.1274,33.5652,1000,2,1,1779270392,1780223656,0
LTE,410,4,5048,2243339,-1,73.1337,33.5669,1000,3,1,1779270532,1780223656,0
LTE,410,4,5048,12921424,-1,73.1437,33.5709,1000,3,1,1779270742,1780223656,0
LTE,410,6,10360,215100108,-1,73.146,33.5722,1000,3,1,1779270782,1780223656,0
LTE,410,4,5048,2089475,-1,73.1504,33.5745,1000,3,1,1779270872,1780223657,0
LTE,410,4,5048,2089484,-1,73.1529,33.5739,1000,8,1,1779270892,1780223657,0
UMTS,410,4,30210,137877,237,73.1847,33.5178,1000,1,1,1779272662,1779272662,0
LTE,410,4,40001,1957264,-1,74.3778,31.4748,1000,5,1,1780199221,1780223659,0
LTE,410,6,10294,208258817,-1,74.3783,31.475,1000,5,1,1780199221,1780223659,0
LTE,410,6,10294,207378791,-1,74.3791,31.4753,1000,1,1,1780199250,1780199250,0
LTE,410,4,40001,1404763,-1,74.3791,31.4753,1000,1,1,1780199260,1780199260,0
LTE,410,6,10294,208258918,-1,74.3788,31.4752,1000,4,1,1780199260,1780223659,0
LTE,410,4,40001,1572368,-1,74.3791,31.4753,1000,2,1,1780199270,1780223659,0
LTE,410,4,40001,1957268,-1,74.3785,31.4751,1000,4,1,1780199300,1780223659,0
LTE,410,6,10294,208259018,-1,74.379,31.4753,1000,1,1,1780199310,1780199310,0
LTE,410,6,10440,207501158,-1,74.3781,31.475,1000,1,1,1780199390,1780199390,0
LTE,410,4,40001,1957233,-1,74.3775,31.4748,1000,2,1,1780199410,1780223659,0
LTE,410,4,40001,1957231,-1,74.3767,31.4745,1000,2,1,1780199420,1780223659,0
LTE,410,6,10294,207390721,-1,74.3767,31.4745,1000,2,1,1780199420,1780223659,0
LTE,410,6,10440,207379713,-1,74.375,31.474,1000,7,1,1780199430,1780223659,0
LTE,410,4,40001,1164290,-1,74.3745,31.4739,1000,5,1,1780199440,1780223659,0
LTE,410,4,40001,1957254,-1,74.3724,31.4732,1000,4,1,1780199460,1780223659,0
LTE,410,6,10286,207384578,-1,74.3724,31.4732,1000,4,1,1780199460,1780223659,0
LTE,410,4,40001,1957258,-1,74.3717,31.473,1000,1,1,1780199470,1780199470,0
LTE,410,4,40001,2012167,-1,74.37,31.4725,1000,6,1,1780199480,1780223659,0
LTE,410,6,10286,207384678,-1,74.3676,31.4718,1000,15,1,1780199490,1780223659,0
LTE,410,4,40001,1404679,-1,74.3683,31.4719,1000,1,1,1780199520,1780199520,0
LTE,410,4,40001,1404673,-1,74.3649,31.4715,1000,14,1,1780199530,1780223659,0
LTE,410,6,10286,207384679,-1,74.3617,31.4714,1000,10,1,1780199580,1780223659,0
LTE,410,4,40001,899341,-1,74.3602,31.4714,1000,4,1,1780199600,1780223659,0
LTE,410,4,40001,1404674,-1,74.3571,31.4728,1000,9,1,1780199610,1780223660,0
LTE,410,6,10286,207392613,-1,74.356,31.4735,1000,18,1,1780199610,1780223660,0
LTE,410,4,40001,1404675,-1,74.3569,31.4753,1000,3,1,1780199650,1780223659,0
LTE,410,4,40001,10382594,-1,74.3568,31.4746,1000,3,1,1780199660,1780223660,0
LTE,410,4,40001,1032460,-1,74.3552,31.4748,1000,6,1,1780199670,1780223659,0
LTE,410,4,40009,1994499,-1,74.354,31.4725,1000,13,1,1780199690,1780223660,0
LTE,410,6,10286,207501513,-1,74.3543,31.4722,1000,10,1,1780199710,1780223660,0
LTE,410,4,40009,1994589,-1,74.3554,31.4725,1000,3,1,1780199820,1780223660,0
LTE,410,4,40009,1994503,-1,74.3554,31.4724,1000,2,1,1780199880,1780223660,0
LTE,410,4,40009,10992134,-1,74.3559,31.4725,1000,1,1,1780200000,1780200000,0
LTE,410,6,10286,207392514,-1,74.3571,31.4722,1000,1,1,1780202456,1780202456,0
GSM,410,4,3405,59925,-1,72.6442,32.0535,1000,1,1,1780380989,1780380989,0
UMTS,410,4,43303,28215492,-1,72.6478,32.0128,1000,3,1,1780400026,1780400043,0
UMTS,410,4,43303,28181476,-1,72.649,32.013,1000,1,1,1780400026,1780400026,0
LTE,410,1,55081,33822476,-1,72.6469,32.0122,1000,1,1,1780148433,1780148433,0
LTE,410,6,11807,212300034,-1,72.6449,32.019,1000,2,1,1780150939,1780400043,0
LTE,410,6,11807,209948162,-1,72.6429,32.0567,1000,1,1,1780152671,1780152671,0
GSM,410,11,27013,29042,-1,67.1005,24.9325,1000,1,1,1780657500,1780657500,0
UMTS,410,4,60803,39881657,-1,67.1005,24.9325,1000,1,1,1780837777,1780837777,0
GSM,410,4,4109,47344,-1,73.1284,30.3489,1000,1,1,1780292358,1780292358,0
GSM,410,4,4109,354,-1,73.1282,30.3492,1000,1,1,1780293146,1780293146,0
GSM,410,1,98,10592,-1,73.1284,30.3489,1000,1,1,1780903544,1780903544,0
UMTS,410,6,1742,7925562,-1,73.125,30.3485,1535,14,1,1780926714,1781092501,0
UMTS,410,6,1744,7911563,-1,73.1238,30.35,1399,4,1,1780926714,1781092501,0
LTE,410,6,11744,210226179,-1,73.1283,30.3489,1000,1,1,1779837886,1779837886,0
LTE,410,6,11742,212633702,-1,73.1281,30.3494,1000,1,1,1779858015,1779858015,0
LTE,410,4,50022,10850817,-1,73.1295,30.3474,1000,4,1,1780909152,1780926781,0
LTE,410,4,50022,10716160,-1,73.1176,30.3417,1565,11,1,1780909543,1782939483,0
LTE,410,4,50022,1935106,-1,73.1049,30.3184,3817,21,1,1780909885,1781092502,0
LTE,410,4,50022,10714881,-1,73.1075,30.3128,1110,21,1,1780909900,1781092502,0
LTE,410,4,50022,11133184,-1,73.0953,30.3012,2087,33,1,1780910081,1782939483,0
LTE,410,4,50022,1251840,-1,73.0925,30.3034,1000,3,1,1780910282,1781092502,0
LTE,410,4,50022,10400000,-1,73.0923,30.2988,1000,15,1,1780910322,1781092502,0
UMTS,410,6,1742,7907021,-1,73.1103,30.3513,1000,3,1,1781092482,1781092501,0
UMTS,410,6,1742,7911591,-1,73.1126,30.3503,1000,5,1,1781092482,1781092501,0
LTE,410,4,50022,10304000,-1,73.0979,30.3076,1000,6,1,1780917570,1781092502,0
LTE,410,1,55584,59540767,-1,71.7168,30.4849,1192,34,1,1781350483,1788694627,0
LTE,410,4,60027,13384960,-1,71.5331,33.9815,1000,17,1,1780698622,1783705983,0
GSM,410,6,486,20163,-1,71.5322,33.9815,1000,2,1,1781440161,1781468402,0
LTE,410,6,10486,217655655,-1,71.5328,33.9817,1000,11,1,1781435335,1781493842,0
LTE,410,6,10486,217655555,-1,71.5322,33.9818,1000,23,1,1781451809,1781493842,0
LTE,410,6,20486,217760359,-1,71.5307,33.9837,1000,3,1,1781474854,1781493842,0
GSM,410,4,5112,40264,-1,71.5643,34.0117,1000,2,1,1781495996,1781501221,0
GSM,410,4,5112,34811,-1,71.5642,34.0127,1000,6,1,1781496016,1781526721,0
GSM,410,4,5112,34813,-1,71.5645,34.0128,1000,5,1,1781496136,1782002041,0
LTE,410,4,60027,13384962,-1,71.5307,33.9823,1000,12,1,1781494802,1783705982,0
LTE,410,4,60027,2436353,-1,71.5306,33.9832,1000,12,1,1781494852,1783705982,0
LTE,410,4,60027,2436354,-1,71.5304,33.9858,1000,5,1,1781494978,1781501281,0
LTE,410,4,60027,13252865,-1,71.5303,33.9853,1000,1,1,1781495008,1781495008,0
LTE,410,4,60027,2436357,-1,71.5312,33.9879,1000,4,1,1781495400,1781501281,0
LTE,410,4,60027,13252866,-1,71.5322,33.9898,1000,4,1,1781495420,1781501281,0
LTE,410,4,60027,2308613,-1,71.5327,33.991,1000,2,1,1781495445,1781501281,0
LTE,410,4,60027,2198789,-1,71.5334,33.9923,1000,4,1,1781495466,1781501281,0
LTE,410,4,60027,2362880,-1,71.5446,34.0017,1000,4,1,1781495713,1781501281,0
LTE,410,4,60027,2199300,-1,71.5471,34.0024,1000,7,1,1781495764,1781501281,0
LTE,410,4,60026,13076229,-1,71.5552,34.0063,1000,11,1,1781495850,1781501281,0
LTE,410,4,60026,2054908,-1,71.5604,34.0095,1000,11,1,1781495905,1781501282,0
LTE,410,4,60026,12923141,-1,71.563,34.0121,1000,15,1,1781497835,1781526721,0
UMTS,410,4,30605,52850502,-1,71.5639,34.0125,1000,2,1,1781501290,1781501341,0
GSM,410,4,5112,34816,-1,71.5647,34.0127,1000,1,1,1781524852,1781524852,0
GSM,410,3,54419,15009,-1,71.7142,30.4842,1000,2,1,1781514302,1781534221,0
LTE,410,1,55937,34332181,-1,71.712,30.4473,4116,23,1,1781514311,1788694625,0
LTE,410,1,55937,33390103,-1,71.7183,30.4868,1884,30,1,1781580002,1788694625,0
LTE,410,1,55937,33390093,-1,71.7164,30.4946,6565,22,1,1781580012,1788694625,0
LTE,410,1,55584,59540790,-1,71.7039,30.4984,7543,16,1,1781591654,1786083061,0
LTE,410,1,55584,33600012,-1,71.6957,30.4862,3308,10,1,1781591663,1786696204,0
LTE,410,1,55584,59931443,-1,71.6873,30.4862,1000,3,1,1781591683,1781611987,0
LTE,410,1,55584,59540789,-1,71.6831,30.483,1000,19,1,1781591703,1781611987,0
LTE,410,1,55584,59540788,-1,71.6801,30.4782,1000,8,1,1781591853,1781611987,0
LTE,410,1,55584,59540780,-1,71.6783,30.4767,1000,4,1,1781591913,1781611987,0
LTE,410,1,55584,59540787,-1,71.6752,30.4766,1000,9,1,1781591973,1781611987,0
LTE,410,1,55584,59540779,-1,71.6686,30.4756,1000,12,1,1781592053,1781611987,0
LTE,410,1,55383,48466199,-1,71.4975,30.2794,678,34,1,1781599877,1782841142,0
GSM,410,3,54419,24146,-1,71.5072,30.2861,1355,22,1,1781599877,1781623201,0
GSM,410,3,54419,32351,-1,71.4984,30.2814,1000,8,1,1781599877,1781620381,0
GSM,410,3,54419,34146,-1,71.4974,30.2795,1000,2,1,1781599877,1781620381,0
GSM,410,3,54419,22890,-1,71.4983,30.2812,1000,3,1,1781599890,1781620381,0
LTE,410,1,55383,33692439,-1,71.4982,30.281,1000,10,1,1781599906,1782923761,0
LTE,410,1,55383,48466178,-1,71.4987,30.2817,500,28,1,1781599916,1788460441,0
GSM,410,3,54419,32871,-1,71.5139,30.2905,1811,42,1,1781600036,1781623202,0
GSM,410,3,54419,12188,-1,71.4987,30.2821,1000,4,1,1781600036,1781620381,0
LTE,410,1,55383,48466179,-1,71.4963,30.2793,1000,22,1,1781600146,1788460442,0
LTE,410,1,55383,112466278,-1,71.4987,30.2825,1000,1,1,1781600226,1781600226,0
GSM,410,3,54419,22351,-1,71.5144,30.291,1770,30,1,1781600456,1781623202,0
GSM,410,3,54419,22871,-1,71.5154,30.2911,500,38,1,1781602855,1781623202,0
GSM,410,3,54419,12029,-1,71.5155,30.2911,500,37,1,1781602899,1781623202,0
GSM,410,3,54419,12890,-1,71.5129,30.2917,1000,6,1,1781602899,1781623201,0
GSM,410,3,51126,32386,-1,71.516,30.291,1000,12,1,1781603002,1781623202,0
LTE,410,1,55383,34486785,-1,71.5563,30.3749,1322,29,1,1781605450,1788085926,0
LTE,410,1,55383,35357187,-1,71.5725,30.3854,1000,23,1,1781605479,1786726565,0
LTE,410,1,55383,35357186,-1,71.5795,30.3864,615,29,1,1781605579,1786726564,0
LTE,410,1,55383,35357185,-1,71.5856,30.3878,803,33,1,1781605599,1788085925,0
LTE,410,1,55584,34862851,-1,71.5961,30.3932,1098,50,1,1781605639,1788085925,0
LTE,410,1,55584,34862849,-1,71.6264,30.4056,3351,36,1,1781605739,1788694622,0
LTE,410,1,55584,58923817,-1,71.615,30.4111,1000,12,1,1781605829,1785412025,0
LTE,410,1,55584,58923810,-1,71.6222,30.4145,825,40,1,1781605849,1788694621,0
LTE,410,1,55584,58923809,-1,71.6335,30.4163,1017,50,1,1781605989,1788694621,0
LTE,410,1,55594,63023156,-1,71.649,30.4048,1714,50,1,1781606069,1788694622,0
LTE,410,1,55584,58923808,-1,71.6378,30.4257,1000,18,1,1781606149,1781628361,0
LTE,410,1,55584,58923807,-1,71.6662,30.4342,4355,32,1,1781606279,1788694624,0
LTE,410,1,55584,35559683,-1,71.6532,30.4381,1430,25,1,1781606289,1781628361,0
LTE,410,1,55584,35559681,-1,71.6591,30.4441,1000,11,1,1781606569,1781628361,0
LTE,410,1,55584,35559682,-1,71.6647,30.4334,3469,22,1,1781606659,1782697022,0
LTE,410,1,55594,63023135,-1,71.6801,30.4089,3194,31,1,1781606799,1788694623,0
LTE,410,1,55937,59540534,-1,71.7035,30.4396,2755,23,1,1781606819,1788085923,0
LTE,410,1,55584,59540770,-1,71.6896,30.4209,1731,6,1,1781606869,1782238502,0
LTE,410,1,55937,34332182,-1,71.7145,30.424,2497,11,1,1781606979,1785412023,0
LTE,410,1,55937,59932214,-1,71.6963,30.4248,1183,21,1,1781606989,1786726562,0
LTE,410,1,55937,59932212,-1,71.7015,30.426,1000,23,1,1781607089,1788694623,0
LTE,410,1,55937,59932211,-1,71.7037,30.4292,1000,15,1,1781607099,1788694623,0
LTE,410,1,55937,59932194,-1,71.7041,30.4303,1000,10,1,1781607109,1788694623,0
LTE,410,1,55937,59932202,-1,71.7098,30.4269,1000,23,1,1781607119,1786726562,0
LTE,410,1,55937,59932193,-1,71.7048,30.4315,500,26,1,1781607269,1788694623,0
LTE,410,1,55937,59932192,-1,71.7094,30.4388,1179,47,1,1781607289,1788694624,0
LTE,410,1,55937,34332171,-1,71.7164,30.4653,2114,6,1,1781607369,1788694625,0
LTE,410,1,55584,59540769,-1,71.7174,30.4501,1000,19,1,1781607379,1788694624,0
LTE,410,1,55937,58990123,-1,71.7283,30.4643,1404,50,1,1781607409,1788694624,0
LTE,410,1,55937,58990124,-1,71.7274,30.4735,606,46,1,1781607579,1788694625,0
LTE,410,1,55937,58990131,-1,71.716,30.4774,1000,21,1,1781607729,1788694625,0
LTE,410,1,55584,59931436,-1,71.7195,30.4906,3951,26,1,1781607849,1788694627,0
LTE,410,1,55937,58990132,-1,71.7178,30.4884,948,50,1,1781682683,1788694627,0
LTE,410,1,55584,34331405,-1,71.7062,30.4988,1000,7,1,1781683173,1783677663,0
LTE,410,1,55584,34331414,-1,71.712,30.4943,1000,8,1,1781683223,1783774441,0
LTE,410,1,55584,33600002,-1,71.703,30.4979,1000,5,1,1781683413,1783677663,0
LTE,410,1,55584,33600011,-1,71.7077,30.4936,1203,11,1,1781683423,1783677663,0
LTE,410,1,55584,33600021,-1,71.7023,30.4981,1000,1,1,1781683859,1781683859,0
LTE,410,1,55596,60937011,-1,71.7602,30.5401,819,50,1,1781683889,1788694628,0
UMTS,410,3,34031,1546961,161,71.7226,30.4812,2700,11,1,1781683899,1783150862,0
LTE,410,1,55584,33600022,-1,71.7042,30.4985,1000,3,1,1781683949,1783677663,0
UMTS,410,3,34031,1546960,208,71.7055,30.4988,1000,3,1,1781683989,1781704501,0
LTE,410,1,55584,33600001,-1,71.7168,30.5179,5150,6,1,1781684039,1786083004,0
LTE,410,3,14421,34580739,-1,71.7341,30.4881,5792,23,1,1781684319,1783255381,0
UMTS,410,3,34031,1536960,209,71.7655,30.4948,5063,38,1,1781908830,1783176365,0
LTE,410,1,55937,58990133,-1,71.7327,30.4857,1000,20,1,1781909055,1788694627,0
LTE,410,1,55937,58990134,-1,71.7389,30.4976,5895,26,1,1781909126,1788694627,0
LTE,410,1,55937,58990111,-1,71.7427,30.4844,643,27,1,1781909226,1788694627,0
LTE,410,1,55584,59931435,-1,71.7483,30.4866,1307,6,1,1781909340,1785218522,0
LTE,410,1,55937,58990112,-1,71.7437,30.481,1197,25,1,1781909390,1788085921,0
GSM,410,3,51126,12386,-1,71.6779,30.4163,7021,25,1,1781909431,1782697021,0
LTE,410,1,55937,59540511,-1,71.7591,30.5229,4488,6,1,1781909690,1782998462,0
LTE,410,1,55937,35759619,-1,71.7859,30.4817,3969,43,1,1781909840,1786083002,0
LTE,410,1,55937,58990113,-1,71.7441,30.4775,2073,4,1,1781909860,1788085922,0
LTE,410,1,55937,59932201,-1,71.7037,30.4296,1000,5,1,1782030043,1786726562,0
LTE,410,1,55937,59932203,-1,71.7043,30.4286,1000,19,1,1782030073,1788085922,0
LTE,410,1,55937,59932204,-1,71.7032,30.4289,1000,12,1,1782030103,1788694623,0
LTE,410,1,55584,59931433,-1,71.7548,30.5267,3268,14,1,1782113801,1788694628,0
LTE,410,1,55596,59931177,-1,71.7641,30.5356,1325,32,1,1782113821,1788694628,0
LTE,410,1,55596,60937004,-1,71.764,30.5277,1000,16,1,1782113891,1788694628,0
GSM,410,1,596,28035,-1,71.7638,30.5387,1000,8,1,1782114039,1788085864,0
LTE,410,1,55584,59931426,-1,71.7461,30.5436,1036,34,1,1782114249,1788694681,0
LTE,410,1,55596,59931179,-1,71.7485,30.5421,562,25,1,1782114269,1788694681,0
LTE,410,1,55596,34331158,-1,71.7449,30.5537,2134,26,1,1782114421,1788694681,0
LTE,410,1,55584,34331413,-1,71.7472,30.5475,2935,26,1,1782114451,1788694681,0
LTE,410,1,55596,59931180,-1,71.7451,30.554,1000,22,1,1782114471,1788694681,0
GSM,410,1,596,31795,-1,71.7441,30.5567,1000,11,1,1782114793,1786707182,0
GSM,410,1,584,10004,-1,71.7439,30.5568,1000,11,1,1782114835,1786707182,0
LTE,410,1,55596,34331149,-1,71.7443,30.5575,1000,19,1,1782114839,1788694681,0
LTE,410,1,55596,59931187,-1,71.7436,30.5584,1000,18,1,1782114849,1788694681,0
LTE,410,1,55596,34331159,-1,71.7437,30.5582,1000,12,1,1782114859,1788694681,0
LTE,410,1,55584,59931425,-1,71.7432,30.5582,1000,13,1,1782115038,1786083061,0
LTE,410,1,55584,34397463,-1,71.7422,30.5575,1000,2,1,1782115333,1786083061,0
LTE,410,1,55584,34397442,-1,71.745,30.554,1816,10,1,1782115353,1786083061,0
LTE,410,1,55596,60937012,-1,71.744,30.5577,1000,11,1,1782115379,1788694681,0
LTE,410,1,55596,34331148,-1,71.7545,30.5418,1363,25,1,1782115911,1788085863,0
LTE,410,1,55937,33390092,-1,71.7204,30.4753,1524,18,1,1782183624,1788694625,0
LTE,410,1,55937,59932213,-1,71.6931,30.4146,3269,45,1,1782184534,1788694623,0
LTE,410,1,55594,63023158,-1,71.6876,30.4044,1313,28,1,1782184614,1788694623,0
LTE,410,1,55937,34332183,-1,71.6928,30.4116,1134,26,1,1782184634,1788694623,0
UMTS,410,3,34031,1523819,21,71.6594,30.4054,2726,29,1,1782184684,1782207245,0
LTE,410,1,55594,34863127,-1,71.6609,30.4026,3111,28,1,1782184704,1788694623,0
UMTS,410,3,34031,1526404,200,71.6867,30.4015,1000,4,1,1782184734,1782207244,0
LTE,410,3,14421,34288129,-1,71.6769,30.3975,1000,2,1,1782184884,1782207245,0
LTE,410,3,14421,34327297,-1,71.6765,30.3973,1000,4,1,1782184894,1782207245,0
LTE,410,1,55594,63023157,-1,71.6714,30.3962,1000,17,1,1782184954,1788694622,0
UMTS,410,3,34031,58923809,200,71.6485,30.4048,1000,4,1,1782185114,1782207245,0
LTE,410,1,55584,33323797,-1,71.6269,30.4167,1000,6,1,1782185504,1788694621,0
LTE,410,1,55383,34138627,-1,71.5535,30.3719,3527,27,1,1782185954,1785412027,0
LTE,410,1,55383,34486786,-1,71.5503,30.3676,1117,13,1,1782186024,1788085926,0
LTE,410,1,55383,34486792,-1,71.5459,30.3625,1000,7,1,1782186044,1788085926,0
LTE,410,1,55383,34486787,-1,71.5436,30.3602,1000,19,1,1782186054,1788085926,0
LTE,410,3,14421,60239363,-1,71.5377,30.3538,1553,50,1,1782186094,1782238473,0
LTE,410,1,55383,35760641,-1,71.5407,30.3575,1000,21,1,1782186114,1788085926,0
LTE,410,1,55383,35760643,-1,71.5377,30.3543,1000,20,1,1782186144,1788085926,0
LTE,410,1,55383,59378230,-1,71.5354,30.3513,579,25,1,1782186164,1788085926,0
LTE,410,1,55383,59378208,-1,71.533,30.348,500,27,1,1782186194,1788085926,0
LTE,410,1,55383,59378218,-1,71.5306,30.3449,1000,14,1,1782186204,1788085926,0
LTE,410,1,55383,59378219,-1,71.5257,30.3388,933,42,1,1782186214,1788085927,0
LTE,410,3,14419,60239105,-1,71.5218,30.3313,1732,50,1,1782186224,1782923822,0
LTE,410,1,55383,33911811,-1,71.5217,30.3335,1000,22,1,1782186264,1788085927,0
LTE,410,1,55383,33911810,-1,71.5195,30.329,610,26,1,1782186294,1788085927,0
LTE,410,1,55383,35363586,-1,71.5192,30.3215,500,26,1,1782186334,1788085927,0
LTE,410,1,55383,34486532,-1,71.5191,30.3209,1000,16,1,1782186374,1788085927,0
LTE,410,1,55383,34486531,-1,71.5176,30.3167,1000,21,1,1782186394,1788085927,0
LTE,410,3,14419,60239106,-1,71.5162,30.3147,1000,24,1,1782186404,1782923822,0
LTE,410,1,55383,35450369,-1,71.5147,30.3131,500,25,1,1782186434,1788085927,0
LTE,410,1,55383,35450370,-1,71.5121,30.3092,781,32,1,1782186454,1788085927,0
LTE,410,3,10541,33570562,-1,71.5087,30.2977,1301,31,1,1782186494,1783107542,0
LTE,410,1,55383,33915671,-1,71.5032,30.295,1000,12,1,1782186644,1786726566,0
LTE,410,1,55383,48069397,-1,71.4977,30.2807,1383,15,1,1782186664,1782923761,0
LTE,410,1,55383,33914391,-1,71.5044,30.292,1000,23,1,1782186674,1786726566,0
LTE,410,1,55383,48466197,-1,71.5009,30.2896,1000,20,1,1782186684,1786726566,0
LTE,410,3,40013,33652738,-1,71.5001,30.287,1000,17,1,1782186695,1782923761,0
LTE,410,1,55383,48466198,-1,71.4988,30.282,1000,9,1,1782186764,1782841142,0
LTE,410,1,55383,48069399,-1,71.4941,30.2691,1000,20,1,1782186884,1784319127,0
LTE,410,1,55383,48070165,-1,71.4916,30.2608,1000,18,1,1782186994,1784319127,0
LTE,410,1,55383,48070166,-1,71.4867,30.2521,1000,16,1,1782187084,1788603245,0
LTE,410,1,55583,33964053,-1,71.4865,30.2496,500,31,1,1782187114,1786726624,0
LTE,410,3,40013,33660417,-1,71.4865,30.2503,500,25,1,1782187124,1783591802,0
LTE,410,3,40013,33660419,-1,71.4815,30.2451,1206,42,1,1782187154,1783093502,0
LTE,410,1,55583,47257877,-1,71.4853,30.246,1000,22,1,1782187164,1788603245,0
LTE,410,3,40013,33660418,-1,71.4888,30.2509,1091,50,1,1782187184,1783368363,0
LTE,410,1,55583,34067735,-1,71.4896,30.2462,1000,8,1,1782187204,1783093502,0
LTE,410,1,55583,48478999,-1,71.494,30.2457,1000,7,1,1782187214,1782207250,0
LTE,410,3,40013,33633283,-1,71.4947,30.2455,1000,9,1,1782187234,1782915063,0
LTE,410,1,55583,48478998,-1,71.4969,30.2444,1000,5,1,1782187274,1782207250,0
LTE,410,3,40013,33633282,-1,71.4989,30.2432,1000,10,1,1782187284,1782915063,0
LTE,410,1,55931,35307265,-1,71.4815,30.2336,1000,14,1,1782200448,1786502529,0
LTE,410,1,55931,35307271,-1,71.4813,30.2333,1000,10,1,1782200468,1787664786,0
LTE,410,1,55931,35307266,-1,71.4806,30.2314,1000,19,1,1782200478,1787664786,0
LTE,410,1,55931,33463299,-1,71.4788,30.2283,500,26,1,1782200518,1787664786,0
LTE,410,1,55931,34050050,-1,71.4797,30.2301,1000,20,1,1782200528,1787664786,0
LTE,410,1,55582,47968777,-1,71.4779,30.226,1000,4,1,1782200588,1787664786,0
LTE,410,1,55931,34061057,-1,71.4777,30.2261,1000,19,1,1782200598,1787664786,0
LTE,410,1,55931,34462215,-1,71.4772,30.2249,1000,14,1,1782200608,1787664786,0
LTE,410,1,55931,34462209,-1,71.4766,30.223,1000,9,1,1782200638,1787664786,0
LTE,410,1,55931,34462210,-1,71.4756,30.2205,500,25,1,1782200658,1787664787,0
LTE,410,1,55931,33362945,-1,71.4744,30.218,1000,21,1,1782200678,1787664787,0
LTE,410,1,55931,34462216,-1,71.4724,30.2212,1000,5,1,1782200758,1786502528,0
LTE,410,1,55931,33463298,-1,71.4784,30.2277,1000,11,1,1782200858,1783624324,0
LTE,410,1,55931,34050051,-1,71.4785,30.2279,1000,2,1,1782201382,1782221281,0
LTE,410,1,55931,33824001,-1,71.4742,30.2173,1000,11,1,1782202097,1787664787,0
LTE,410,1,55931,33362946,-1,71.4724,30.2154,500,28,1,1782202137,1787664787,0
LTE,410,1,55931,33824003,-1,71.4726,30.2144,1000,11,1,1782202147,1787664787,0
LTE,410,1,55931,59824182,-1,71.4719,30.2125,1000,9,1,1782202167,1787664787,0
LTE,410,1,55931,59824172,-1,71.4716,30.2112,1000,10,1,1782202187,1784800384,0
LTE,410,1,55931,59824171,-1,71.4716,30.2106,1000,7,1,1782202197,1788603244,0
LTE,410,1,55931,34149889,-1,71.4709,30.2087,1000,19,1,1782202207,1788587461,0
LTE,410,1,55931,34145543,-1,71.473,30.2051,1000,3,1,1782202267,1782222542,0
LTE,410,1,55582,33521155,-1,71.4733,30.2042,1000,12,1,1782202277,1782223921,0
LTE,410,1,55582,33521153,-1,71.4739,30.2058,1000,13,1,1782202297,1783403041,0
LTE,410,1,55582,33521154,-1,71.4735,30.2015,1000,18,1,1782202317,1782223921,0
LTE,410,1,55589,33717761,-1,71.4705,30.1987,1000,23,1,1782202367,1782223921,0
LTE,410,1,55589,33717763,-1,71.4692,30.1986,1000,9,1,1782202427,1782223921,0
LTE,410,3,40012,34077699,-1,71.4716,30.1968,1000,14,1,1782202427,1782223921,0
LTE,410,1,55589,35340802,-1,71.4706,30.1968,1000,3,1,1782202467,1782223921,0
LTE,410,1,55589,35340801,-1,71.4718,30.1963,1000,5,1,1782202497,1782222542,0
LTE,410,1,55589,35122947,-1,71.4734,30.1958,1000,4,1,1782202577,1782222542,0
LTE,410,1,55589,35122945,-1,71.4732,30.1964,1000,7,1,1782202597,1782223921,0
LTE,410,3,40012,34077697,-1,71.4724,30.1967,1000,10,1,1782202627,1782223921,0
LTE,410,1,55931,59824180,-1,71.4716,30.2122,1000,1,1,1782203734,1782203734,0
LTE,410,1,55931,59824181,-1,71.4717,30.2116,1000,6,1,1782203744,1787664787,0
LTE,410,1,55383,33915670,-1,71.5065,30.2947,1000,15,1,1782213898,1782841142,0
LTE,410,1,55383,33915669,-1,71.5069,30.3015,1000,12,1,1782213997,1782238472,0
LTE,410,1,55383,59378209,-1,71.5322,30.3469,1000,12,1,1782214397,1788085926,0
LTE,410,1,55383,34486791,-1,71.5466,30.3632,1000,8,1,1782214557,1788085926,0
LTE,410,1,55584,59540768,-1,71.7276,30.4672,1198,19,1,1782216318,1788694625,0
LTE,410,1,55937,33390102,-1,71.7192,30.4622,2319,24,1,1782216417,1788694624,0
UMTS,410,3,34031,1526335,259,71.7207,30.4346,5914,15,1,1782216548,1783176366,0
LTE,410,1,55595,59779635,-1,71.8622,30.4046,1000,8,1,1782283141,1785268022,0
LTE,410,1,55595,59780661,-1,71.8615,30.4066,500,27,1,1782283119,1785268022,0
LTE,410,3,14421,60016643,-1,71.8605,30.4066,562,36,1,1782283119,1783176306,0
LTE,410,1,55595,59780662,-1,71.8629,30.4048,1000,21,1,1782283171,1785268022,0
LTE,410,3,14421,34365187,-1,71.8654,30.4025,1000,14,1,1782283201,1783176306,0
LTE,410,1,55595,59780639,-1,71.8647,30.4044,1000,18,1,1782283211,1785268022,0
LTE,410,3,14421,60016899,-1,71.8496,30.4015,2141,8,1,1782283231,1783176306,0
LTE,410,1,55595,59780660,-1,71.8474,30.4162,2371,13,1,1782283331,1785268023,0
LTE,410,1,55595,59780652,-1,71.8609,30.4038,1000,10,1,1782283341,1785268022,0
LTE,410,1,55595,33303810,-1,71.8612,30.4039,1000,9,1,1782283361,1785268022,0
LTE,410,1,55595,59780651,-1,71.8569,30.4012,1000,6,1,1782283371,1782311881,0
LTE,410,1,55595,33303816,-1,71.8574,30.4015,1000,4,1,1782283381,1782311881,0
LTE,410,1,55595,59774241,-1,71.8545,30.3997,1000,10,1,1782283401,1782311881,0
LTE,410,3,14421,34452994,-1,71.8508,30.4007,1000,17,1,1782283421,1782311881,0
LTE,410,3,14421,33665027,-1,71.8361,30.398,1687,34,1,1782283481,1782311882,0
LTE,410,1,55595,59774240,-1,71.8528,30.401,1000,6,1,1782283491,1782311881,0
LTE,410,1,55595,48228616,-1,71.8533,30.4009,1000,1,1,1782283521,1782283521,0
LTE,410,1,55595,33303811,-1,71.8525,30.4015,1000,5,1,1782283531,1782311881,0
LTE,410,1,55595,34174722,-1,71.8509,30.4087,1026,12,1,1782283591,1785268022,0
LTE,410,1,55595,59774239,-1,71.8497,30.4009,1000,4,1,1782283601,1782311881,0
LTE,410,1,55595,59774262,-1,71.8458,30.3997,1000,7,1,1782283651,1782311881,0
LTE,410,1,55595,59774231,-1,71.8345,30.4068,8967,9,1,1782283681,1783064102,0
LTE,410,3,14421,34452995,-1,71.842,30.3985,1000,6,1,1782283681,1782311882,0
LTE,410,1,55595,59774261,-1,71.8288,30.3993,1292,9,1,1782283731,1782311882,0
LTE,410,1,55595,33623042,-1,71.8134,30.4028,2239,27,1,1782283751,1782311882,0
LTE,410,1,55595,59774260,-1,71.8308,30.396,1000,7,1,1782283761,1782311882,0
LTE,410,1,55595,60793398,-1,71.8233,30.3986,1000,19,1,1782283771,1782311882,0
LTE,410,3,14421,34466817,-1,71.8281,30.3955,1000,3,1,1782283801,1782311882,0
LTE,410,1,55595,48228617,-1,71.8259,30.3982,1000,7,1,1782283821,1782311882,0
LTE,410,1,55595,34173955,-1,71.8263,30.3981,1000,4,1,1782283831,1782311882,0
UMTS,410,3,34031,1526964,309,71.8232,30.4098,2222,12,1,1782283881,1783176306,0
GSM,410,3,54421,32400,-1,71.812,30.4032,1000,6,1,1782283912,1782311882,0
LTE,410,1,55595,33623041,-1,71.7965,30.4072,685,26,1,1782283981,1782311941,0
LTE,410,1,55937,59540523,-1,71.796,30.4088,1000,3,1,1782284031,1782311941,0
LTE,410,1,55595,33623053,-1,71.791,30.4061,1000,9,1,1782284061,1782311941,0
LTE,410,1,55595,33623063,-1,71.7913,30.4066,1000,5,1,1782284081,1782311941,0
LTE,410,1,55594,47131670,-1,71.7876,30.4033,1000,4,1,1782284151,1782311941,0
LTE,410,1,55594,59931690,-1,71.7728,30.4029,1321,37,1,1782284161,1782311941,0
GSM,410,1,594,24108,-1,71.7799,30.4031,1000,7,1,1782284191,1782311941,0
GSM,410,1,595,31340,-1,71.7788,30.403,1000,3,1,1782284203,1782311941,0
LTE,410,1,55594,47131660,-1,71.7771,30.403,1000,4,1,1782284211,1782311941,0
LTE,410,1,55594,59931682,-1,71.7612,30.4043,1000,6,1,1782284351,1782311941,0
LTE,410,1,55594,59931681,-1,71.7611,30.4067,1000,8,1,1782284421,1782311942,0
LTE,410,1,55594,59931680,-1,71.7593,30.4077,1000,3,1,1782284461,1782311941,0
LTE,410,1,55594,35764481,-1,71.7538,30.4098,1000,12,1,1782284471,1782311942,0
LTE,410,1,55594,59931679,-1,71.7489,30.4218,7601,6,1,1782284481,1785268027,0
LTE,410,1,55594,35764483,-1,71.7322,30.4204,3549,23,1,1782284534,1785412023,0
LTE,410,1,55937,59540533,-1,71.7335,30.4178,1000,2,1,1782284721,1782311942,0
GSM,410,3,54413,22427,-1,71.7166,30.4855,1000,7,1,1782289145,1782311943,0
LTE,410,1,55596,59931178,-1,71.7554,30.5377,7457,37,1,1782290253,1788694628,0
LTE,410,1,55584,34331403,-1,71.749,30.5469,2475,25,1,1782290578,1788694681,0
GSM,410,6,261,64151,-1,67.0076,30.1857,1000,1,1,1782587746,1782587746,0
LTE,410,3,11107,36857858,-1,67.0076,30.1857,1000,1,1,1782587746,1782587746,0
LTE,410,1,55594,34863117,-1,71.6675,30.3971,1894,13,1,1782676241,1788694622,0
LTE,410,1,55584,34862859,-1,71.6212,30.4127,1660,12,1,1782676461,1782923824,0
UMTS,410,3,34031,1546404,202,71.5675,30.3846,1000,21,1,1782676981,1782697023,0
LTE,410,1,55919,34457353,-1,71.4942,30.0856,1000,17,1,1782685103,1788603241,0
LTE,410,1,55919,34457346,-1,71.4944,30.0795,1000,20,1,1782685122,1788603241,0
LTE,410,1,55919,34457347,-1,71.4944,30.0809,500,26,1,1782685132,1788152363,0
LTE,410,1,55919,35448833,-1,71.4946,30.0692,1000,23,1,1782685174,1788603241,0
LTE,410,1,55919,35448839,-1,71.4946,30.064,1000,14,1,1782685239,1788587465,0
LTE,410,1,55919,35448834,-1,71.4946,30.0605,783,28,1,1782685263,1788603241,0
LTE,410,1,55919,35632641,-1,71.4948,30.0518,1147,36,1,1782685299,1788603187,0
LTE,410,1,55919,35632642,-1,71.4951,30.0363,1453,46,1,1782685362,1788603188,0
LTE,410,3,11007,60025089,-1,71.4955,30.0144,1322,50,1,1782685407,1783487884,0
LTE,410,1,55919,33817621,-1,71.4954,30.0222,1000,20,1,1782685453,1788587465,0
LTE,410,1,55919,59417631,-1,71.4973,30.0001,2179,22,1,1782685480,1783487883,0
LTE,410,1,55919,59417652,-1,71.4955,30.0168,1000,7,1,1782685492,1788152366,0
LTE,410,1,55919,59417651,-1,71.4955,30.0147,1000,19,1,1782685506,1788152366,0
LTE,410,1,55919,59103777,-1,71.4956,30.0107,1000,4,1,1782685534,1782709563,0
LTE,410,1,55919,59418932,-1,71.4956,30.0097,1000,23,1,1782685545,1788587465,0
LTE,410,1,55919,59418931,-1,71.4957,30.007,1000,11,1,1782685558,1788587465,0
LTE,410,1,55919,59418924,-1,71.4959,30.0037,1000,11,1,1782685571,1783403101,0
LTE,410,3,11007,60025091,-1,71.4961,30.0023,1000,12,1,1782685584,1783403101,0
LTE,410,1,55919,59418923,-1,71.4962,30.002,505,30,1,1782685598,1788603187,0
LTE,410,3,11007,60025090,-1,71.5062,29.9634,5078,42,1,1782685598,1783487885,0
LTE,410,1,55919,58991392,-1,71.4978,29.9951,1000,17,1,1782685612,1788152366,0
LTE,410,1,55919,58991393,-1,71.4986,29.9919,1000,18,1,1782685636,1788152366,0
LTE,410,1,55919,58991401,-1,71.4992,29.9893,1000,11,1,1782685648,1788152366,0
LTE,410,1,55919,58991402,-1,71.5007,29.9838,968,33,1,1782685662,1788587466,0
LTE,410,1,55919,33391382,-1,71.5021,29.9783,1538,27,1,1782685702,1788587466,0
LTE,410,1,55919,33842967,-1,71.5049,29.9678,600,31,1,1782685759,1788603186,0
UMTS,410,3,34003,1350422,303,71.5128,29.939,1410,15,1,1782685859,1783487885,0
LTE,410,1,55290,60731957,-1,71.513,29.9381,1104,21,1,1782685901,1788603186,0
GSM,410,3,61007,34473,-1,71.4196,29.9236,13443,50,1,1782685911,1783504742,0
GSM,410,3,61007,24473,-1,71.522,29.9051,2936,23,1,1782685944,1782879130,0
LTE,410,1,55290,60731935,-1,71.5174,29.9219,1000,11,1,1782686010,1788603185,0
LTE,410,1,55290,60731945,-1,71.5187,29.917,500,26,1,1782686022,1788603185,0
LTE,410,1,55290,60731946,-1,71.5187,29.9173,1000,11,1,1782686032,1783487885,0
LTE,410,1,55290,60731938,-1,71.5183,29.9188,1000,10,1,1782686042,1788603185,0
LTE,410,1,55290,60731947,-1,71.5197,29.9132,1000,10,1,1782686052,1782709565,0
LTE,410,1,55290,33644553,-1,71.5206,29.9103,1000,11,1,1782686076,1788587521,0
LTE,410,1,55290,33644545,-1,71.5226,29.9025,1343,21,1,1782686102,1788603185,0
LTE,410,1,55290,33644546,-1,71.5267,29.8881,834,33,1,1782686162,1788603185,0
LTE,410,1,55290,60769568,-1,71.5364,29.855,1000,9,1,1782686330,1788603184,0
LTE,410,1,55290,59659827,-1,71.5363,29.8557,1000,9,1,1782686340,1788603184,0
LTE,410,1,55290,60769577,-1,71.5374,29.8518,1000,3,1,1782686370,1782709567,0
LTE,410,1,55290,60769579,-1,71.5381,29.8492,941,30,1,1782686380,1788603184,0
LTE,410,1,55290,59813684,-1,71.5384,29.8483,1000,12,1,1782686400,1788603184,0
LTE,410,1,55290,59813683,-1,71.5387,29.847,1000,15,1,1782686410,1788603184,0
LTE,410,1,55290,59813675,-1,71.5394,29.8447,1000,20,1,1782686420,1788603184,0
LTE,410,1,55290,59813674,-1,71.5446,29.8264,1514,35,1,1782686478,1788152408,0
LTE,410,1,55290,33402113,-1,71.5566,29.7845,1419,50,1,1782686541,1788603184,0
LTE,410,1,55290,33402120,-1,71.5602,29.7726,1000,8,1,1782686771,1788603183,0
LTE,410,1,55290,33402115,-1,71.5648,29.7567,2234,50,1,1782686781,1788603183,0
UMTS,410,3,34003,1350431,83,71.5678,29.7473,1655,50,1,1782686851,1783487889,0
LTE,410,1,55290,33298435,-1,71.5711,29.7362,1901,46,1,1782686981,1788587524,0
LTE,410,1,55290,33298434,-1,71.5733,29.7287,1000,8,1,1782687001,1783403106,0
LTE,410,1,55290,33687041,-1,71.577,29.7154,1973,50,1,1782687011,1788603183,0
LTE,410,1,55290,33605635,-1,71.5847,29.6899,2388,31,1,1782687131,1788603182,0
LTE,410,1,55290,34415876,-1,71.5923,29.664,1316,25,1,1782687201,1788603182,0
LTE,410,1,55290,34415873,-1,71.5911,29.6683,2222,26,1,1782687221,1788603182,0
LTE,410,1,55290,34415874,-1,71.5981,29.6423,1613,50,1,1782687381,1788603125,0
LTE,410,1,55281,33798168,-1,71.6102,29.6051,1388,28,1,1782687621,1788587526,0
LTE,410,1,55281,59398177,-1,71.6109,29.6041,1528,13,1,1782687631,1788152417,0
LTE,410,1,55281,59398176,-1,71.6129,29.5998,1080,28,1,1782687651,1788587526,0
LTE,410,1,55281,59398175,-1,71.6112,29.6009,1028,22,1,1782687701,1788603123,0
LTE,410,1,55281,59398197,-1,71.602,29.5834,1456,13,1,1782687751,1788603123,0
LTE,410,1,55281,59398195,-1,71.6115,29.5758,1720,27,1,1782687761,1788603123,0
LTE,410,1,55281,59398188,-1,71.6166,29.581,1459,47,1,1782687781,1788603123,0
LTE,410,1,55281,59759391,-1,71.6218,29.5642,1000,22,1,1782687841,1788587527,0
LTE,410,3,14430,33660929,-1,71.6255,29.5531,1000,21,1,1782687861,1783487947,0
LTE,410,1,55281,59759414,-1,71.6238,29.5581,1000,11,1,1782687931,1788587527,0
LTE,410,1,55281,59759413,-1,71.6188,29.5569,1000,14,1,1782687941,1788244324,0
LTE,410,1,55281,59759404,-1,71.6229,29.5525,1000,17,1,1782687951,1788587527,0
LTE,410,1,55281,59759403,-1,71.6264,29.5506,1000,18,1,1782687961,1788587527,0
LTE,410,1,55281,35348994,-1,71.6286,29.544,1000,9,1,1782688011,1788587527,0
LTE,410,3,14430,33660931,-1,71.6288,29.5408,1000,15,1,1782688011,1783487947,0
LTE,410,1,55281,47932161,-1,71.6288,29.5433,1000,6,1,1782688021,1788587527,0
LTE,410,1,55281,47215619,-1,71.6294,29.5416,1000,17,1,1782688041,1788587527,0
LTE,410,1,55281,47215618,-1,71.6291,29.5395,1000,13,1,1782688061,1788587527,0
LTE,410,3,14430,34457603,-1,71.6295,29.5382,1000,11,1,1782688071,1783487947,0
LTE,410,3,14430,34457857,-1,71.6262,29.5379,500,33,1,1782688081,1783487947,0
LTE,410,1,55281,60774964,-1,71.6284,29.5392,1000,21,1,1782688131,1788587527,0
LTE,410,1,55281,47932162,-1,71.6244,29.5392,500,29,1,1782688161,1788587527,0
LTE,410,1,55281,33410563,-1,71.6241,29.5382,1000,13,1,1782688191,1788587527,0
LTE,410,1,55281,59917057,-1,71.6247,29.5375,1000,22,1,1782688221,1788587527,0
LTE,410,1,55281,60774965,-1,71.6301,29.5394,1000,3,1,1782704207,1788587527,0
LTE,410,1,55281,59759667,-1,71.6281,29.5454,1000,4,1,1782704294,1788587527,0
LTE,410,3,14430,34457601,-1,71.6281,29.5455,1000,5,1,1782704294,1783487947,0
LTE,410,1,55281,59759411,-1,71.6232,29.5561,1000,11,1,1782704401,1788587527,0
LTE,410,1,55281,59398198,-1,71.6084,29.5902,2147,30,1,1782704694,1788244323,0
LTE,410,1,55887,59529770,-1,71.594,29.6102,1300,10,1,1782704839,1782812582,0
LTE,410,1,55887,59529769,-1,71.5999,29.6239,2968,35,1,1782704936,1783487945,0
LTE,410,1,55887,59529762,-1,71.566,29.6368,646,26,1,1782705023,1782812582,0
LTE,410,1,55887,59529761,-1,71.5739,29.6589,2341,18,1,1782705083,1783403108,0
LTE,410,1,55290,34415875,-1,71.5752,29.6401,2351,33,1,1782705103,1783487945,0
LTE,410,1,55887,59529760,-1,71.5479,29.6541,829,42,1,1782705123,1782812583,0
LTE,410,3,11126,60169474,-1,71.5195,29.6811,1952,42,1,1782705153,1782812584,0
LTE,410,1,55290,33687043,-1,71.5162,29.6741,2800,47,1,1782705196,1786510083,0
LTE,410,1,55290,34415895,-1,71.553,29.6289,2328,22,1,1782705206,1786510084,0
LTE,410,1,55887,33929742,-1,71.5361,29.6653,1000,5,1,1782705232,1782731704,0
GSM,410,1,290,31590,-1,71.5169,29.6837,1763,27,1,1782705289,1782731705,0
GSM,410,1,887,22382,-1,71.5253,29.6755,1000,10,1,1782705299,1782731704,0
LTE,410,1,55885,61164064,-1,71.485,29.714,2931,21,1,1782705389,1782812624,0
GSM,410,1,885,18922,-1,71.508,29.6922,1000,19,1,1782705409,1782731705,0
GSM,410,1,885,29145,-1,71.4929,29.7007,1426,11,1,1782705459,1786510082,0
LTE,410,1,55885,61164065,-1,71.4791,29.7131,1090,22,1,1782705665,1786510082,0
LTE,410,1,55885,61164084,-1,71.4707,29.7245,740,36,1,1782705682,1786510082,0
LTE,410,1,55885,61164085,-1,71.4622,29.734,1015,21,1,1782705701,1784649501,0
LTE,410,1,55885,35278850,-1,71.4483,29.7473,993,50,1,1782705831,1786426084,0
LTE,410,1,55885,35278849,-1,71.4386,29.7586,788,47,1,1782705898,1784649542,0
LTE,410,1,55885,35278869,-1,71.4417,29.755,1000,17,1,1782705930,1786510081,0
LTE,410,1,55885,59107882,-1,71.4322,29.7657,1098,28,1,1782705946,1786510081,0
LTE,410,1,55885,59107872,-1,71.4206,29.7812,1000,6,1,1782706093,1782731707,0
LTE,410,1,55885,59107893,-1,71.4111,29.7893,2744,30,1,1782706110,1784649543,0
LTE,410,1,55885,59966761,-1,71.4102,29.7889,874,33,1,1782706150,1786510028,0
LTE,410,1,55885,59966762,-1,71.4053,29.7938,1000,8,1,1782706243,1786510028,0
LTE,410,1,55885,59966763,-1,71.4037,29.7954,1000,15,1,1782706295,1786510028,0
LTE,410,1,55885,59966772,-1,71.3978,29.8007,2080,36,1,1782706315,1786510028,0
LTE,410,1,55885,34366743,-1,71.3888,29.8085,1232,31,1,1782706571,1786510028,0
LTE,410,1,55885,33931787,-1,71.3803,29.8182,1610,33,1,1782706616,1786510027,0
GSM,410,3,54403,24170,-1,71.3533,29.8457,4464,35,1,1782706735,1783504684,0
LTE,410,1,55885,33931789,-1,71.3622,29.8312,1957,16,1,1782706751,1786426082,0
LTE,410,1,55884,59699244,-1,71.3561,29.8436,2902,24,1,1782706829,1786426082,0
LTE,410,1,55885,33931019,-1,71.364,29.8338,1723,31,1,1782706847,1786510027,0
LTE,410,1,55884,33598998,-1,71.3691,29.8432,3321,50,1,1782706864,1786510027,0
LTE,410,1,55884,33598978,-1,71.361,29.8372,1864,24,1,1782706880,1786510027,0
LTE,410,1,55884,59350305,-1,71.3427,29.8614,4149,15,1,1782706908,1786510026,0
LTE,410,3,14403,59947266,-1,71.3942,29.8714,2198,10,1,1782706939,1782731710,0
LTE,410,1,55884,59699243,-1,71.3884,29.8585,1000,6,1,1782706959,1782731709,0
LTE,410,1,55884,34208791,-1,71.3906,29.8628,1000,6,1,1782706979,1782731709,0
LTE,410,1,55766,59199274,-1,71.4008,29.8928,1426,26,1,1782706989,1784649545,0
LTE,410,1,55884,33598977,-1,71.3971,29.8775,1800,38,1,1782706999,1783504685,0
LTE,410,3,14403,34382593,-1,71.3121,29.9099,3095,30,1,1782707029,1783421045,0
LTE,410,3,14403,60166146,-1,71.3878,29.9492,3773,50,1,1782707089,1782731712,0
LTE,410,1,55884,34208771,-1,71.4009,29.8898,1000,6,1,1782707099,1782731710,0
LTE,410,3,14403,59471105,-1,71.3101,29.9088,1271,50,1,1782707109,1783421045,0
LTE,410,1,55884,33598997,-1,71.3995,29.8842,1217,50,1,1782707119,1784649546,0
LTE,410,3,14403,34382673,-1,71.4002,29.9086,1000,6,1,1782707179,1782731710,0
LTE,410,1,55766,33599254,-1,71.3962,29.9221,903,36,1,1782707209,1784649546,0
LTE,410,1,55766,33855255,-1,71.3978,29.917,1000,12,1,1782707219,1784649546,0
LTE,410,1,55766,59199276,-1,71.3951,29.9256,1000,17,1,1782707249,1783504685,0
LTE,410,1,55766,59199283,-1,71.3933,29.9312,1000,18,1,1782707269,1784649546,0
LTE,410,1,55766,33599255,-1,71.39,29.9415,1000,21,1,1782707289,1784649547,0
LTE,410,1,55766,35378434,-1,71.3904,29.9404,1000,13,1,1782707299,1783504686,0
LTE,410,1,55766,35378433,-1,71.3871,29.9509,1000,20,1,1782707319,1784649547,0
LTE,410,1,55766,60846113,-1,71.3841,29.9601,1000,6,1,1782707389,1782731712,0
LTE,410,1,55766,59913002,-1,71.3829,29.9643,1000,21,1,1782707399,1784649547,0
LTE,410,1,55766,60846112,-1,71.3819,29.9702,1000,22,1,1782707419,1783504742,0
LTE,410,1,55766,59913003,-1,71.3816,29.9748,1000,13,1,1782707439,1783504742,0
LTE,410,1,55766,59913004,-1,71.3818,29.9783,1000,17,1,1782707449,1783504742,0
LTE,410,1,55766,59913011,-1,71.3551,29.9891,2779,21,1,1782707469,1786510023,0
LTE,410,3,11126,60168705,-1,71.3824,30.0269,1721,46,1,1782707469,1783504743,0
LTE,410,1,55766,34312983,-1,71.3871,29.9972,1243,30,1,1782707489,1784649548,0
LTE,410,1,55766,59913013,-1,71.3875,29.9978,500,25,1,1782707519,1783504743,0
LTE,410,1,55766,59912991,-1,71.3887,30.0045,1000,22,1,1782707529,1783504743,0
LTE,410,1,55766,59927604,-1,71.3889,30.0084,1000,11,1,1782707559,1783504743,0
LTE,410,1,55766,34381078,-1,71.3837,30.0225,1957,32,1,1782707579,1784649548,0
LTE,410,1,55766,59981090,-1,71.3762,30.0364,1000,10,1,1782707679,1784649549,0
LTE,410,1,55766,59981089,-1,71.3799,30.0439,1785,50,1,1782707689,1783421047,0
LTE,410,3,40411,34300674,-1,71.3902,30.0737,3519,50,1,1782707689,1783504744,0
LTE,410,1,55766,59981088,-1,71.3725,30.054,1316,31,1,1782707699,1783504744,0
LTE,410,1,55766,35366145,-1,71.3744,30.0622,1000,9,1,1782707769,1783504744,0
LTE,410,1,55772,46648834,-1,71.3751,30.0636,1000,6,1,1782707779,1782731713,0
LTE,410,1,55772,59393331,-1,71.3819,30.0676,1206,34,1,1782707789,1783504744,0
LTE,410,1,55772,33793303,-1,71.3911,30.0769,1019,31,1,1782707819,1784649549,0
LTE,410,1,55772,59393332,-1,71.3849,30.0739,1000,22,1,1782707829,1783504744,0
LTE,410,1,55772,59393333,-1,71.391,30.0771,1000,18,1,1782707839,1783504744,0
LTE,410,1,55772,59393334,-1,71.3966,30.0768,1029,20,1,1782707859,1783421102,0
LTE,410,1,55772,33793301,-1,71.4079,30.0806,1567,31,1,1782707889,1784649550,0
LTE,410,3,14403,59427073,-1,71.4065,30.0839,975,48,1,1782707889,1783504744,0
LTE,410,1,55772,33915415,-1,71.4331,30.0811,2507,45,1,1782707929,1784649550,0
LTE,410,1,55772,59393312,-1,71.4064,30.0844,1194,21,1,1782707949,1783504744,0
LTE,410,1,55772,34080257,-1,71.4051,30.083,1000,2,1,1782707959,1782731761,0
UMTS,410,3,34001,1530501,20,71.4063,30.0866,1000,14,1,1782707989,1782731762,0
LTE,410,1,55883,35120641,-1,71.4129,30.1025,1073,21,1,1782708049,1783624322,0
LTE,410,3,40011,33676034,-1,71.4071,30.0877,1000,11,1,1782708049,1783421102,0
LTE,410,1,55772,47912471,-1,71.4157,30.1017,1203,34,1,1782708079,1782899643,0
UMTS,410,3,34001,1533875,169,71.4128,30.097,1000,4,1,1782708089,1782731762,0
LTE,410,3,14403,60379394,-1,71.4188,30.1067,701,33,1,1782708119,1782899643,0
LTE,410,1,55772,60712492,-1,71.419,30.107,1000,10,1,1782708139,1783421103,0
LTE,410,1,55772,60712499,-1,71.4181,30.1095,566,25,1,1782708179,1783624323,0
LTE,410,3,14403,60379395,-1,71.4176,30.1048,2493,50,1,1782708179,1782899643,0
LTE,410,1,55772,60712502,-1,71.4222,30.1123,1000,10,1,1782708189,1783624322,0
LTE,410,1,55772,60712479,-1,71.4243,30.1149,1000,21,1,1782708199,1783624323,0
LTE,410,3,40011,34299651,-1,71.4393,30.1347,1017,24,1,1782708199,1783421103,0
LTE,410,3,14403,60379393,-1,71.426,30.1168,1000,23,1,1782708209,1782899643,0
LTE,410,1,55585,59449643,-1,71.4275,30.1182,2562,33,1,1782708219,1783624323,0
LTE,410,1,55585,59449622,-1,71.4306,30.1223,1000,8,1,1782708239,1783624323,0
LTE,410,1,55772,47912469,-1,71.4286,30.1199,1000,5,1,1782708249,1782731762,0
LTE,410,1,55585,59449641,-1,71.4336,30.1259,1000,7,1,1782708289,1782899643,0
LTE,410,1,55585,59449633,-1,71.4346,30.1272,1000,8,1,1782708299,1782899643,0
LTE,410,1,55585,59449632,-1,71.4387,30.1325,1000,21,1,1782708319,1783421103,0
LTE,410,1,55585,47258114,-1,71.4395,30.1335,1000,21,1,1782708359,1782899643,0
LTE,410,1,55585,47258115,-1,71.4417,30.1398,703,29,1,1782708399,1782899643,0
LTE,410,1,55585,47258135,-1,71.4418,30.1392,508,27,1,1782708419,1788318542,0
LTE,410,3,40011,34299649,-1,71.4418,30.1462,857,40,1,1782708429,1783421103,0
LTE,410,1,55585,47258133,-1,71.4419,30.1435,1000,17,1,1782708439,1788318542,0
LTE,410,1,55587,33725974,-1,71.4417,30.149,1000,5,1,1782708459,1782731763,0
LTE,410,3,40011,34316035,-1,71.4416,30.1546,997,37,1,1782708469,1783421104,0
LTE,410,3,40011,34316034,-1,71.4416,30.1549,1000,22,1,1782708509,1783421104,0
LTE,410,1,55587,47935254,-1,71.4416,30.1579,1000,20,1,1782708519,1783624323,0
LTE,410,1,55587,47935255,-1,71.4415,30.1606,1000,22,1,1782708539,1783624323,0
LTE,410,3,40011,34316033,-1,71.4415,30.1592,3560,28,1,1782708549,1783421104,0
LTE,410,1,55587,35117335,-1,71.4415,30.1637,1000,13,1,1782708569,1783624323,0
LTE,410,1,55587,34111509,-1,71.4415,30.1646,1000,9,1,1782708599,1782899701,0
LTE,410,1,55587,35433751,-1,71.4415,30.1676,1000,13,1,1782708619,1782899702,0
LTE,410,3,40011,34083587,-1,71.4415,30.1683,1000,9,1,1782708629,1783421104,0
LTE,410,1,55587,46947350,-1,71.4414,30.1705,1000,14,1,1782708649,1782899702,0
LTE,410,1,55587,46947351,-1,71.4414,30.1733,1000,12,1,1782708669,1782899702,0
LTE,410,3,40011,34083586,-1,71.4415,30.1707,500,41,1,1782708689,1783421104,0
LTE,410,3,40011,34083585,-1,71.4413,30.1769,609,42,1,1782708709,1783421104,0
LTE,410,1,55587,33390359,-1,71.4413,30.1754,1000,9,1,1782708719,1782899702,0
LTE,410,1,55587,35306518,-1,71.4412,30.1769,1000,5,1,1782708729,1782899702,0
LTE,410,1,55587,35306519,-1,71.4412,30.1784,1000,17,1,1782708749,1782899702,0
LTE,410,1,55587,35306753,-1,71.4396,30.1793,1000,10,1,1782708769,1788318542,0
LTE,410,3,40011,34169858,-1,71.4411,30.1804,1000,4,1,1782708769,1782897781,0
LTE,410,1,55774,34542849,-1,71.4411,30.1808,1000,2,1,1782708779,1782731763,0
LTE,410,1,55774,35561218,-1,71.4412,30.1837,1000,21,1,1782708789,1784282103,0
LTE,410,1,55926,34145795,-1,71.4427,30.1821,1000,16,1,1782708799,1788318542,0
LTE,410,1,55774,34143510,-1,71.4413,30.1845,1000,9,1,1782708819,1783624323,0
LTE,410,1,55774,35664898,-1,71.4438,30.1848,500,41,1,1782708859,1788318542,0
LTE,410,3,55774,35664898,-1,71.4459,30.1862,1000,1,1,1782708979,1782708979,0
LTE,410,1,55588,34144002,-1,71.4472,30.1869,1000,9,1,1782708999,1788318541,0
LTE,410,1,55926,34149379,-1,71.4474,30.1869,1000,11,1,1782709009,1788318541,0
LTE,410,1,55588,33484802,-1,71.4504,30.1886,500,29,1,1782709049,1788318541,0
LTE,410,1,55588,33484801,-1,71.4527,30.1911,1000,20,1,1782709109,1788318541,0
LTE,410,1,55588,34144263,-1,71.4542,30.1934,1000,15,1,1782709179,1788318541,0
LTE,410,1,55588,34144258,-1,71.4545,30.194,1000,7,1,1782709189,1786502530,0
LTE,410,3,40012,34170114,-1,71.4546,30.1986,1000,22,1,1782709219,1783421105,0
LTE,410,1,55588,34144265,-1,71.4547,30.1969,1000,5,1,1782709229,1786502527,0
LTE,410,1,55588,35308291,-1,71.4547,30.1977,1000,20,1,1782709259,1788318541,0
LTE,410,1,55588,33491457,-1,71.4545,30.201,1000,24,1,1782709299,1788318541,0
LTE,410,1,55588,33491477,-1,71.4552,30.2017,1000,16,1,1782709339,1782899703,0
LTE,410,1,55581,48108054,-1,71.4576,30.2033,1000,10,1,1782709389,1782899703,0
LTE,410,1,55581,48108053,-1,71.4599,30.2058,1000,16,1,1782709409,1782899703,0
LTE,410,1,55581,33385239,-1,71.4628,30.2079,1000,9,1,1782709439,1782899703,0
LTE,410,1,55581,33385237,-1,71.4648,30.2095,1000,8,1,1782709459,1782899703,0
LTE,410,1,55931,34147863,-1,71.4673,30.2115,1000,9,1,1782709479,1782731764,0
LTE,410,1,55931,34147861,-1,71.471,30.2147,1000,6,1,1782709559,1788603244,0
LTE,410,1,55931,33362968,-1,71.4693,30.216,1000,22,1,1782709579,1786502528,0
LTE,410,1,55931,33362947,-1,71.4707,30.2191,1000,2,1,1782711039,1782731764,0
LTE,410,1,55931,34067969,-1,71.4664,30.2206,1000,9,1,1782711049,1783421105,0
LTE,410,1,55931,33362948,-1,71.4711,30.2199,1000,11,1,1782711059,1786502528,0
LTE,410,3,40012,34082561,-1,71.4712,30.221,1000,3,1,1782711139,1782731764,0
LTE,410,1,55931,35431682,-1,71.4717,30.223,1000,8,1,1782711159,1786502528,0
LTE,410,3,40013,34178307,-1,71.4717,30.2235,1000,7,1,1782711179,1782731764,0
LTE,410,1,55931,34462211,-1,71.4727,30.2234,1000,10,1,1782711209,1786502528,0
LTE,410,1,55931,48231426,-1,71.474,30.2271,1000,9,1,1782711259,1786502528,0
LTE,410,1,55931,35431681,-1,71.4725,30.2256,1000,2,1,1782711269,1782731765,0
LTE,410,1,55931,34462217,-1,71.4747,30.2258,1000,8,1,1782711329,1786502528,0
LTE,410,1,55931,34061058,-1,71.4742,30.2257,1000,4,1,1782711339,1786502528,0
LTE,410,1,55931,48231425,-1,71.4753,30.2291,1000,5,1,1782711389,1782731765,0
LTE,410,1,55931,34114070,-1,71.477,30.2283,1000,14,1,1782711419,1786502528,0
LTE,410,1,55931,48231445,-1,71.4775,30.2298,1000,2,1,1782711449,1782731765,0
LTE,410,1,55931,34138134,-1,71.4813,30.2349,1000,7,1,1782711489,1788603245,0
LTE,410,1,55931,33463319,-1,71.4788,30.2283,500,31,1,1782711499,1788603245,0
LTE,410,1,55931,35307286,-1,71.4807,30.2319,1000,16,1,1782711519,1788603245,0
LTE,410,1,55931,35307285,-1,71.4815,30.2343,1000,15,1,1782711569,1788603245,0
LTE,410,1,55931,34138135,-1,71.4819,30.237,1000,8,1,1782711609,1788603245,0
LTE,410,1,55583,46816534,-1,71.4824,30.2392,1000,12,1,1782711619,1788603245,0
LTE,410,1,55583,46816533,-1,71.484,30.2427,1000,24,1,1782711649,1788603245,0
LTE,410,1,55583,33964033,-1,71.4863,30.2496,1000,18,1,1782711729,1788085928,0
LTE,410,1,55583,35623683,-1,71.4876,30.2472,1000,23,1,1782711739,1787664786,0
LTE,410,1,55383,48070146,-1,71.4873,30.2524,660,40,1,1782711779,1788085928,0
LTE,410,1,55383,48070152,-1,71.4857,30.2525,655,27,1,1782711819,1788085928,0
LTE,410,1,55941,33516036,-1,71.6827,29.816,1000,10,1,1782777134,1782800401,0
LTE,410,1,55941,35748609,-1,71.7269,29.7661,5627,51,1,1782778322,1782800412,0
LTE,410,3,11126,34481922,-1,71.727,29.7651,1211,50,1,1782778322,1782800404,0
LTE,410,1,55941,59195443,-1,71.6379,29.5436,4137,51,1,1782779516,1782800411,0
LTE,410,1,55281,59398178,-1,71.6121,29.5945,1000,4,1,1782791493,1788152417,0
LTE,410,1,55887,33783299,-1,71.5814,29.6084,1492,22,1,1782791733,1786510085,0
LTE,410,1,55290,33687042,-1,71.5781,29.6709,3515,10,1,1782791953,1783487943,0
LTE,410,1,55887,59529759,-1,71.5148,29.6856,1000,4,1,1782792303,1782812584,0
LTE,410,1,55885,35564043,-1,71.4989,29.6946,2538,28,1,1782792313,1786510082,0
LTE,410,3,11126,60169475,-1,71.5046,29.6954,1000,20,1,1782792363,1782812584,0
LTE,410,1,55885,61164083,-1,71.4726,29.7206,1000,11,1,1782792633,1786510082,0
LTE,410,1,55885,61164076,-1,71.4725,29.722,1000,10,1,1782792643,1786510082,0
GSM,410,3,51126,36940,-1,71.4508,29.7447,1000,17,1,1782792970,1782818282,0
LTE,410,1,55885,59107871,-1,71.4206,29.7813,1000,4,1,1782793300,1782818283,0
LTE,410,1,55885,59107891,-1,71.4187,29.7815,1000,19,1,1782793310,1786510028,0
LTE,410,1,55885,33507853,-1,71.4139,29.787,1000,7,1,1782793350,1782818283,0
LTE,410,1,55885,34366742,-1,71.4075,29.7924,681,29,1,1782793370,1782818283,0
LTE,410,1,55885,59107894,-1,71.3936,29.8042,1000,4,1,1782793630,1782818283,0
LTE,410,1,55884,33306901,-1,71.3612,29.8336,1657,21,1,1782793850,1786510027,0
LTE,410,1,55884,59250976,-1,71.3471,29.8457,1000,14,1,1782794010,1783421043,0
LTE,410,1,55884,59350306,-1,71.3462,29.8466,1000,8,1,1782794020,1782818284,0
GSM,410,3,54403,22407,-1,71.3247,29.8674,1000,22,1,1782794050,1783421044,0
GSM,410,1,884,10105,-1,71.3428,29.8497,1000,9,1,1782794050,1782818285,0
GSM,410,1,885,42543,-1,71.3424,29.8525,1000,9,1,1782794061,1786510026,0
GSM,410,1,884,20020,-1,71.3428,29.8497,1000,3,1,1782794061,1782818285,0
LTE,410,1,55885,33931022,-1,71.3442,29.8523,1000,15,1,1782794080,1786510026,0
LTE,410,1,55884,34177282,-1,71.3337,29.8592,1070,31,1,1782794090,1786510026,0
GSM,410,3,54403,12407,-1,71.356,29.8896,5303,37,1,1782794151,1783504685,0
LTE,410,1,55884,34177281,-1,71.3305,29.8674,1282,49,1,1782794240,1786510026,0
LTE,410,1,55884,59699252,-1,71.3223,29.8743,1000,8,1,1782794290,1786510026,0
GSM,410,3,54403,32407,-1,71.3208,29.8735,977,39,1,1782794290,1783421044,0
LTE,410,1,55884,59350304,-1,71.3183,29.8769,1000,18,1,1782794300,1783421044,0
LTE,410,1,55884,59350303,-1,71.3168,29.8802,500,26,1,1782794330,1786510026,0
LTE,410,1,55884,59350326,-1,71.3162,29.8849,577,43,1,1782794350,1786510026,0
LTE,410,3,14403,33666857,-1,71.3129,29.8817,1000,19,1,1782794350,1783421044,0
LTE,410,1,55884,59350325,-1,71.3102,29.8839,1000,7,1,1782794380,1782818288,0
LTE,410,1,55884,59350324,-1,71.3047,29.8898,1000,10,1,1782794430,1783421044,0
LTE,410,3,14403,33666819,-1,71.3051,29.8883,1000,3,1,1782794430,1782818288,0
LTE,410,1,55884,59974689,-1,71.3037,29.8944,1000,12,1,1782794470,1783421044,0
LTE,410,3,14403,59471185,-1,71.3047,29.896,1000,5,1,1782794500,1782818288,0
GSM,410,1,884,31783,-1,71.3074,29.9018,1000,15,1,1782794532,1783421045,0
LTE,410,1,55884,33736451,-1,71.3059,29.8982,1000,8,1,1782794560,1783421045,0
LTE,410,1,55884,33736449,-1,71.3095,29.9077,1000,16,1,1782794570,1782818288,0
LTE,410,1,55766,59198773,-1,71.3161,29.9219,1166,46,1,1782794640,1783421045,0
LTE,410,1,55766,59198771,-1,71.3207,29.9242,1000,19,1,1782794750,1786510025,0
LTE,410,1,55766,59198752,-1,71.3209,29.9316,1000,12,1,1782794760,1783421045,0
LTE,410,1,55766,59198753,-1,71.3224,29.9337,1000,24,1,1782794780,1786510024,0
LTE,410,1,55766,59455020,-1,71.3239,29.9376,500,30,1,1782794790,1783421045,0
LTE,410,1,55766,59455027,-1,71.3234,29.9394,537,25,1,1782794840,1786510024,0
LTE,410,1,55766,59455029,-1,71.3247,29.943,1000,9,1,1782794850,1786502522,0
LTE,410,1,55766,59455008,-1,71.3275,29.945,1000,22,1,1782794860,1783421045,0
LTE,410,1,55766,34402563,-1,71.3274,29.9628,1970,50,1,1782794890,1786510024,0
LTE,410,1,55766,34402562,-1,71.3416,29.9727,1000,14,1,1782795060,1783421046,0
LTE,410,1,55766,34402561,-1,71.3433,30.0003,1612,21,1,1782795080,1786502524,0
LTE,410,1,55766,59981108,-1,71.3669,30.0209,1387,50,1,1782795290,1783421047,0
UMTS,410,3,34041,1536259,161,71.3668,30.0206,1000,4,1,1782795380,1782818290,0
LTE,410,1,55772,59393323,-1,71.3881,30.0574,1391,31,1,1782795560,1783421102,0
LTE,410,1,55772,59393322,-1,71.3913,30.0625,1000,4,1,1782795680,1782818291,0
LTE,410,1,55772,59393324,-1,71.3929,30.065,1000,9,1,1782795690,1783421102,0
LTE,410,1,55772,59393311,-1,71.3979,30.0768,1109,14,1,1782795720,1783504744,0
GSM,410,3,54401,34138,-1,71.4217,30.11,3900,19,1,1782795834,1783421103,0
LTE,410,1,55883,34080769,-1,71.3936,30.1041,2046,15,1,1782795960,1783624322,0
LTE,410,1,55772,47912472,-1,71.4206,30.1098,1000,11,1,1782796080,1782818342,0
LTE,410,1,55585,33958964,-1,71.4267,30.1176,500,29,1,1782796150,1783624323,0
LTE,410,1,55585,59449642,-1,71.4333,30.1256,1000,6,1,1782796220,1783421103,0
LTE,410,1,55585,59449634,-1,71.4341,30.1265,1000,6,1,1782796230,1783421103,0
LTE,410,3,40011,34166275,-1,71.4415,30.1647,1000,20,1,1782796560,1783421104,0
LTE,410,1,55587,35433750,-1,71.4415,30.1666,1000,3,1,1782796570,1782818343,0
LTE,410,1,55774,33462294,-1,71.4412,30.1802,1000,7,1,1782796710,1782897781,0
LTE,410,1,55774,34143490,-1,71.4412,30.1848,1000,19,1,1782796760,1788318542,0
LTE,410,1,55774,34143491,-1,71.4406,30.1858,1000,14,1,1782796770,1784282103,0
LTE,410,1,55774,33462274,-1,71.4377,30.1849,1000,23,1,1782797090,1786502531,0
LTE,410,1,55774,33462280,-1,71.4359,30.1876,1000,4,1,1782797151,1782899702,0
LTE,410,1,55774,33462273,-1,71.4371,30.1896,1000,24,1,1782797161,1782902101,0
LTE,410,1,55774,35561219,-1,71.4392,30.1916,1000,19,1,1782797200,1782902101,0
LTE,410,3,40011,34267906,-1,71.441,30.1852,1000,17,1,1782797220,1783421104,0
LTE,410,1,55588,33861635,-1,71.4396,30.194,1000,12,1,1782797241,1784319121,0
LTE,410,1,55588,35438082,-1,71.4393,30.1956,1000,8,1,1782797270,1784319121,0
LTE,410,1,55588,46947074,-1,71.4417,30.1952,1000,15,1,1782797280,1785416161,0
LTE,410,1,55588,46947075,-1,71.4413,30.1962,1000,13,1,1782797320,1785416161,0
LTE,410,1,55588,46947073,-1,71.4454,30.197,1000,11,1,1782797350,1785416161,0
LTE,410,3,40012,34080001,-1,71.4468,30.1977,1000,16,1,1782797370,1782899702,0
LTE,410,1,55588,33491459,-1,71.4506,30.2001,1000,12,1,1782797430,1785416161,0
LTE,410,1,55581,48108034,-1,71.4566,30.2024,1000,23,1,1782797500,1788318541,0
LTE,410,1,55581,48108033,-1,71.4602,30.206,1000,22,1,1782797580,1786502530,0
LTE,410,1,55581,33822722,-1,71.4613,30.2069,1000,5,1,1782797620,1785416161,0
LTE,410,1,55581,33822721,-1,71.4618,30.2073,1000,5,1,1782797640,1782818344,0
LTE,410,1,55581,33385218,-1,71.463,30.208,1000,14,1,1782797660,1786502530,0
LTE,410,1,55581,33385219,-1,71.464,30.2087,1000,13,1,1782797700,1786502530,0
LTE,410,1,55581,33385217,-1,71.481,30.2096,1967,25,1,1782797710,1786502530,0
LTE,410,3,10541,33576706,-1,71.4612,30.2172,1000,9,1,1782797730,1783421105,0
LTE,410,1,55931,34145026,-1,71.463,30.2141,1000,6,1,1782797800,1783421105,0
LTE,410,3,40012,34169090,-1,71.4654,30.2166,1000,8,1,1782797840,1782899703,0
LTE,410,1,55931,34145025,-1,71.4653,30.2159,1000,2,1,1782797850,1782818344,0
LTE,410,1,55931,35242242,-1,71.4653,30.216,1000,15,1,1782797860,1782879123,0
LTE,410,3,40012,34082563,-1,71.4657,30.2184,1000,9,1,1782797890,1782899703,0
LTE,410,1,55931,35242243,-1,71.4662,30.2207,1000,15,1,1782797910,1783421105,0
LTE,410,3,40012,34167043,-1,71.4654,30.221,1000,21,1,1782797920,1783421105,0
LTE,410,1,55931,35242241,-1,71.4667,30.2232,1000,7,1,1782797960,1783421105,0
LTE,410,3,40012,34167042,-1,71.4666,30.2227,1000,15,1,1782797960,1783421105,0
LTE,410,1,55931,33507073,-1,71.467,30.2244,1000,9,1,1782797980,1783421105,0
LTE,410,3,40012,34167041,-1,71.4671,30.2266,1000,19,1,1782798000,1783421105,0
LTE,410,1,55931,35431683,-1,71.4671,30.226,1000,11,1,1782798010,1783421105,0
LTE,410,1,55931,34095105,-1,71.4641,30.2295,1000,11,1,1782798060,1784319122,0
LTE,410,1,55931,46309634,-1,71.4673,30.2299,500,28,1,1782798070,1783421106,0
LTE,410,3,40013,34164995,-1,71.4674,30.2316,1000,22,1,1782798080,1783421106,0
LTE,410,1,55931,46309635,-1,71.4659,30.2331,1000,18,1,1782798140,1784319122,0
LTE,410,1,55931,33831682,-1,71.4673,30.2362,1000,17,1,1782798180,1783421106,0
LTE,410,1,55931,33831687,-1,71.4671,30.239,1000,11,1,1782798210,1783421106,0
LTE,410,1,55931,33831681,-1,71.4671,30.2411,1000,14,1,1782798241,1783421106,0
LTE,410,3,40013,33576451,-1,71.4676,30.2462,500,31,1,1782798311,1783421106,0
LTE,410,1,55583,47257859,-1,71.4821,30.2465,1000,14,1,1782798440,1787664786,0
LTE,410,1,10541,33570563,-1,71.5006,30.2901,1000,4,1,1782817959,1782841142,0
LTE,410,1,55383,33752323,-1,71.4927,30.2649,500,27,1,1782819739,1788085928,0
LTE,410,1,55383,35580931,-1,71.4911,30.2592,1000,11,1,1782819759,1788085928,0
LTE,410,1,55383,48070151,-1,71.4892,30.2562,1000,19,1,1782819799,1788085928,0
LTE,410,1,55583,33964034,-1,71.4824,30.2473,1000,14,1,1782819899,1787664786,0
LTE,410,1,55383,48070156,-1,71.4856,30.2543,1000,3,1,1782819989,1786502529,0
LTE,410,3,40013,33661441,-1,71.5155,30.2444,1000,24,1,1782852425,1782902102,0
LTE,410,1,55583,33326849,-1,71.5161,30.2447,1000,14,1,1782852435,1782902102,0
LTE,410,1,55583,33326852,-1,71.5141,30.2419,1000,8,1,1782852535,1782879121,0
LTE,410,1,55583,33326851,-1,71.5074,30.2418,1000,13,1,1782852575,1783624325,0
LTE,410,3,40013,33661443,-1,71.5093,30.2419,1000,7,1,1782852585,1782879121,0
LTE,410,1,55583,48478978,-1,71.499,30.2431,1000,19,1,1782852645,1783624325,0
LTE,410,1,55583,48478979,-1,71.4951,30.2455,1000,21,1,1782852685,1783624324,0
LTE,410,1,55583,35623681,-1,71.4919,30.2469,1000,21,1,1782852725,1786726624,0
LTE,410,1,55583,47257857,-1,71.4853,30.246,1000,21,1,1782852755,1787664786,0
LTE,410,1,55583,33964054,-1,71.4813,30.2452,1124,16,1,1782852795,1788603245,0
LTE,410,1,55383,33965078,-1,71.4766,30.2463,1000,20,1,1782852835,1786536061,0
LTE,410,1,55383,33707285,-1,71.4715,30.2463,1000,12,1,1782852865,1784319123,0
LTE,410,1,55383,33707286,-1,71.4676,30.2438,1000,22,1,1782852875,1786536061,0
LTE,410,1,55931,33831701,-1,71.467,30.2397,1000,11,1,1782852955,1786536061,0
LTE,410,1,55931,33831702,-1,71.4671,30.2378,1000,7,1,1782852975,1786536061,0
LTE,410,3,40012,34169089,-1,71.4636,30.2191,1000,9,1,1782853575,1783421105,0
LTE,410,1,55931,34145045,-1,71.465,30.2145,1000,3,1,1782853615,1782879123,0
LTE,410,3,40012,34169091,-1,71.4639,30.2144,1000,4,1,1782853635,1783421105,0
LTE,410,1,55774,35561217,-1,71.4417,30.1928,1000,19,1,1782854065,1785416161,0
LTE,410,3,40011,34267905,-1,71.4415,30.1914,1000,4,1,1782854085,1782879123,0
LTE,410,1,55774,35664899,-1,71.4422,30.1879,1000,9,1,1782854161,1783624324,0
LTE,410,1,55774,34143489,-1,71.4421,30.1866,1000,8,1,1782854196,1783421104,0
LTE,410,1,55587,35306499,-1,71.4416,30.178,1000,21,1,1782854415,1788318542,0
LTE,410,1,55587,46947331,-1,71.4415,30.1728,1000,19,1,1782854455,1788318542,0
LTE,410,1,55587,46947330,-1,71.4415,30.1702,1000,20,1,1782854505,1788318542,0
LTE,410,1,55587,35433731,-1,71.4415,30.168,1000,21,1,1782854515,1788318542,0
LTE,410,1,55587,35433730,-1,71.4415,30.1656,1000,23,1,1782854535,1788318542,0
LTE,410,1,55587,35342849,-1,71.4416,30.1631,1000,16,1,1782854555,1788318542,0
LTE,410,1,55587,47935235,-1,71.4416,30.1599,1000,19,1,1782854575,1788318542,0
LTE,410,1,55587,35342850,-1,71.4416,30.1574,1000,3,1,1782854595,1782879124,0
LTE,410,1,55587,47935234,-1,71.4416,30.157,1000,20,1,1782854605,1788318542,0
LTE,410,1,55585,47258113,-1,71.4419,30.1423,1000,16,1,1782854695,1783421103,0
LTE,410,3,40011,34299650,-1,71.4555,30.1276,1094,41,1,1782854855,1782879125,0
LTE,410,1,55585,33907458,-1,71.465,30.1245,663,26,1,1782855035,1782879125,0
LTE,410,1,55585,33907478,-1,71.4706,30.119,1000,7,1,1782855135,1782879125,0
LTE,410,3,40011,33684226,-1,71.473,30.1166,1000,7,1,1782855165,1782879125,0
LTE,410,1,55919,33815555,-1,71.4935,30.1169,1000,21,1,1782855185,1788587464,0
LTE,410,1,55585,59395884,-1,71.4877,30.123,1570,9,1,1782855205,1785845462,0
LTE,410,1,55919,59360023,-1,71.4901,30.1092,1000,18,1,1782855235,1788603242,0
LTE,410,1,55919,34457348,-1,71.494,30.09,872,31,1,1782855335,1788152363,0
LTE,410,1,55919,35448855,-1,71.4946,30.0655,1000,12,1,1782855555,1782879126,0
LTE,410,1,55919,35448854,-1,71.4948,30.0541,849,38,1,1782855585,1783487883,0
LTE,410,1,55919,59417632,-1,71.4953,30.0258,883,38,1,1782855765,1788603187,0
LTE,410,1,55919,59418933,-1,71.4956,30.0119,1000,7,1,1782856125,1783487883,0
LTE,410,1,55919,33818902,-1,71.4955,30.0115,1000,15,1,1782856135,1788603187,0
LTE,410,1,55919,58991391,-1,71.4958,30.0045,1000,4,1,1782856165,1782879128,0
LTE,410,1,55919,59418922,-1,71.498,29.9939,1003,42,1,1782856205,1788603187,0
LTE,410,1,55919,58991394,-1,71.4991,29.9899,1000,14,1,1782856235,1783403102,0
LTE,410,1,55290,34058804,-1,71.5109,29.9457,1000,11,1,1782856455,1788587466,0
LTE,410,1,55290,35131917,-1,71.5119,29.9423,1000,19,1,1782856485,1783403103,0
LTE,410,1,55290,60731958,-1,71.5171,29.9229,500,25,1,1782856585,1788603185,0
LTE,410,1,55290,35131926,-1,71.52,29.9125,1000,11,1,1782856645,1782879130,0
LTE,410,1,55290,35328515,-1,71.5212,29.9079,1000,21,1,1782856675,1788603185,0
LTE,410,1,55290,59659830,-1,71.5337,29.8643,1000,12,1,1782856845,1783487886,0
LTE,410,1,55290,59659828,-1,71.536,29.8564,1000,10,1,1782856925,1788603184,0
LTE,410,1,55290,60769569,-1,71.537,29.8531,1000,16,1,1782856955,1788603184,0
LTE,410,1,55290,60769570,-1,71.537,29.853,1000,6,1,1782856975,1788587522,0
LTE,410,1,55290,60769578,-1,71.5372,29.8524,1000,13,1,1782856985,1788603184,0
LTE,410,1,55290,59659317,-1,71.5419,29.8359,1069,40,1,1782857095,1788603184,0
LTE,410,1,55290,34059277,-1,71.5454,29.8236,1000,7,1,1782857175,1782879131,0
LTE,410,1,55290,34059276,-1,71.5478,29.8152,1000,23,1,1782857195,1783487887,0
LTE,410,1,55290,59659306,-1,71.5471,29.8174,1220,50,1,1782857215,1788603184,0
LTE,410,1,55941,35392770,-1,71.5524,29.7992,1458,25,1,1782857245,1788152411,0
LTE,410,1,55290,33402123,-1,71.551,29.8037,1000,11,1,1782857265,1782879133,0
LTE,410,1,55290,33402114,-1,71.5607,29.7712,1000,14,1,1782857415,1788587523,0
LTE,410,1,55290,33402135,-1,71.5742,29.7254,1432,28,1,1782857545,1788603183,0
LTE,410,1,55290,33298445,-1,71.5725,29.7312,1000,19,1,1782857575,1788603183,0
LTE,410,1,55290,33605655,-1,71.5865,29.684,750,31,1,1782857805,1788152414,0
LTE,410,1,55290,34415896,-1,71.5888,29.6757,1672,39,1,1782857865,1788603182,0
LTE,410,1,55290,34415893,-1,71.5981,29.6425,1191,19,1,1782858115,1788152416,0
LTE,410,1,55941,34151425,-1,71.6083,29.6118,1000,6,1,1782858215,1782879138,0
LTE,410,1,55281,35348995,-1,71.6242,29.5476,1000,17,1,1782858985,1788587527,0
LTE,410,1,55281,59759637,-1,71.6285,29.5442,1000,4,1,1782859015,1782879139,0
LTE,410,1,55281,47932181,-1,71.6289,29.543,1000,3,1,1782859025,1783487947,0
LTE,410,1,55281,47215629,-1,71.6294,29.5414,1000,7,1,1782859035,1783487947,0
LTE,410,1,55281,47215628,-1,71.6301,29.5395,1000,3,1,1782859065,1782879139,0
LTE,410,1,55281,35174925,-1,71.6289,29.5376,1000,11,1,1782859085,1782879139,0
LTE,410,1,55281,33410581,-1,71.6253,29.5371,1000,3,1,1782859155,1788587527,0
LTE,410,1,55281,33410571,-1,71.6254,29.5363,1000,2,1,1782859165,1782879139,0
LTE,410,1,55281,59917067,-1,71.6243,29.5377,1000,6,1,1782859175,1788587527,0
LTE,410,1,55281,47932182,-1,71.6242,29.5381,1000,1,1,1782859215,1782859215,0
LTE,410,1,55926,34145815,-1,71.4411,30.1804,1000,1,1,1782895891,1782895891,0
LTE,410,1,55772,33870359,-1,71.3758,30.0648,1000,11,1,1782876860,1782899642,0
LTE,410,1,55883,34080770,-1,71.3961,30.0954,1385,4,1,1782877120,1783624322,0
UMTS,410,3,34041,1526315,72,71.4052,30.0849,1000,5,1,1782877120,1783421102,0
LTE,410,1,55772,60712501,-1,71.4218,30.1116,1000,6,1,1782877360,1782899643,0
LTE,410,1,55926,35268119,-1,71.4411,30.1807,1000,3,1,1782877890,1782899702,0
LTE,410,1,55774,33462279,-1,71.4359,30.1881,1000,2,1,1782878390,1782899702,0
LTE,410,1,55588,34169347,-1,71.447,30.1976,1000,3,1,1782878960,1782899702,0
LTE,410,1,55581,33822742,-1,71.4604,30.2063,1000,2,1,1782879210,1782899703,0
LTE,410,1,55581,33822741,-1,71.461,30.2067,1000,2,1,1782879220,1782899703,0
LTE,410,1,55931,35242262,-1,71.4655,30.2168,1000,11,1,1782879370,1782899703,0
UMTS,410,3,34001,1545801,93,71.4649,30.2138,1000,2,1,1782879370,1782899703,0
LTE,410,1,55931,35242263,-1,71.4659,30.2192,1000,2,1,1782879450,1782899703,0
LTE,410,1,55931,33507079,-1,71.4668,30.2236,1000,3,1,1782879510,1782899703,0
LTE,410,1,55931,35431703,-1,71.4671,30.2268,1000,6,1,1782879540,1782899703,0
LTE,410,1,55931,34095125,-1,71.4671,30.2285,1000,3,1,1782879580,1782899703,0
LTE,410,1,55931,46309654,-1,71.4674,30.2305,1000,8,1,1782879590,1782899703,0
LTE,410,1,55931,46309655,-1,71.4674,30.2335,1000,7,1,1782879630,1782899703,0
LTE,410,1,55583,33326869,-1,71.5157,30.2442,1000,3,1,1782898219,1785756183,0
LTE,410,3,40013,34174466,-1,71.514,30.2482,1000,5,1,1782898452,1782902102,0
LTE,410,1,55583,33732353,-1,71.5122,30.2481,1000,8,1,1782898463,1786726623,0
LTE,410,1,55583,33703425,-1,71.5074,30.2481,1000,12,1,1782898518,1786726623,0
LTE,410,3,40013,33633281,-1,71.4985,30.248,1000,11,1,1782898594,1782902102,0
LTE,410,1,55583,48478977,-1,71.4964,30.248,1000,8,1,1782898624,1786726623,0
LTE,410,1,55583,33326871,-1,71.5079,30.242,1000,12,1,1782907982,1782915062,0
LTE,410,1,55583,33991959,-1,71.5052,30.242,1000,3,1,1782907992,1782915062,0
LTE,410,1,55583,34067733,-1,71.5047,30.242,1000,2,1,1782908002,1782915062,0
LTE,410,1,55583,33725699,-1,71.5092,30.2411,1000,4,1,1782908129,1783624325,0
LTE,410,3,40013,33652739,-1,71.4954,30.2825,1000,6,1,1782913204,1783591801,0
LTE,410,1,55383,34117378,-1,71.4954,30.2823,1000,11,1,1782913204,1783591742,0
LTE,410,1,55383,48069379,-1,71.493,30.2718,645,28,1,1782892074,1788085928,0
LTE,410,1,55383,33752321,-1,71.4925,30.2667,1000,2,1,1782892144,1784319127,0
UMTS,410,3,34001,1533462,501,71.4924,30.2668,1000,1,1,1782893434,1782893434,0
LTE,410,1,55383,48069377,-1,71.4969,30.2779,1000,6,1,1782895024,1783591801,0
GSM,410,1,383,23271,-1,71.4948,30.2832,1000,1,1,1782895294,1782895294,0
LTE,410,3,14421,60017195,-1,71.7141,30.4834,1000,1,1,1782918978,1782918978,0
LTE,410,1,55383,34117377,-1,71.5003,30.2884,1000,6,1,1782896955,1782923761,0
LTE,410,1,55383,34486552,-1,71.5189,30.3236,1000,18,1,1782897515,1782923822,0
LTE,410,1,55383,34138637,-1,71.5574,30.376,1000,4,1,1782898085,1782923823,0
LTE,410,1,55584,33323787,-1,71.6259,30.4162,1000,10,1,1782898715,1788085924,0
GSM,410,1,594,26184,-1,71.6795,30.3986,1000,1,1,1782899287,1782899287,0
UMTS,410,4,40201,26631853,-1,73.1284,30.3493,1000,2,1,1782939441,1782939481,0
UMTS,410,4,40201,26621471,-1,73.1366,30.3414,1591,30,1,1782939441,1782939483,0
UMTS,410,4,40201,26623105,-1,73.0916,30.3028,1045,30,1,1782939441,1782939482,0
UMTS,410,4,40201,26633873,-1,73.08,30.3019,1263,49,1,1782939441,1782939482,0
UMTS,410,4,40201,26630123,-1,73.0921,30.3049,1009,18,1,1782939441,1782939482,0
UMTS,410,4,40201,26643105,-1,73.0797,30.3022,1000,8,1,1782939441,1782939482,0
UMTS,410,4,40201,26633875,-1,73.0712,30.3001,1000,13,1,1782939441,1782939482,0
UMTS,410,4,40201,26641471,-1,73.1118,30.3137,1000,22,1,1782939446,1782939483,0
UMTS,410,4,40201,26662350,-1,73.1321,30.3315,1918,31,1,1782939449,1782939483,0
UMTS,410,4,40201,26631490,-1,73.1349,30.3303,1630,17,1,1782939449,1782939483,0
UMTS,410,4,40201,26632002,-1,73.1341,30.3276,2228,7,1,1782939449,1782939483,0
UMTS,410,4,40201,26621463,-1,73.1397,30.3294,1000,2,1,1782939449,1782939483,0
UMTS,410,4,40201,26673096,-1,73.1286,30.3485,1000,4,1,1782939451,1782939483,0
LTE,410,4,50022,1051394,-1,73.0664,30.2843,1000,1,1,1781093846,1781093846,0
LTE,410,1,50463,56471819,-1,73.1283,30.3489,1000,1,1,1782678190,1782678190,0
LTE,410,7,55073,32586006,-1,73.1273,30.348,1000,2,1,1782679351,1784115241,0
LTE,410,7,50463,56471819,-1,73.1283,30.3489,1000,1,1,1782680710,1782680710,0
GSM,410,1,596,38035,-1,71.7446,30.5517,1000,6,1,1782952440,1788694681,0
UMTS,410,3,34029,1481195,104,71.7451,30.5471,1000,2,1,1782961740,1782998461,0
UMTS,410,3,34031,33390093,161,71.7476,30.5441,1000,4,1,1782961840,1782998461,0
LTE,410,1,55937,35759618,-1,71.8034,30.4605,1000,23,1,1783062289,1785268024,0
LTE,410,1,55937,35759617,-1,71.8036,30.4609,1000,19,1,1783062299,1785268024,0
LTE,410,1,55937,34487305,-1,71.813,30.4501,1000,22,1,1783062375,1785268023,0
LTE,410,1,55937,34487309,-1,71.81,30.4536,1000,1,1,1783062380,1783062380,0
LTE,410,3,14421,33665025,-1,71.8633,30.4046,1000,10,1,1783065112,1783168385,0
LTE,410,1,55596,35336983,-1,71.7572,30.5479,1706,3,1,1782952060,1786083061,0
UMTS,410,3,34031,1526403,155,71.7617,30.503,2877,8,1,1783049729,1783176366,0
LTE,410,3,40013,34315521,-1,71.4796,30.2301,1000,8,1,1783071915,1783093502,0
LTE,410,1,55583,59616563,-1,71.4822,30.2385,1000,13,1,1783072695,1787664786,0
LTE,410,1,55931,34138114,-1,71.4816,30.2345,1000,18,1,1783072705,1787664786,0
LTE,410,1,55931,34138115,-1,71.4819,30.2365,1000,11,1,1783072715,1787664786,0
LTE,410,1,55583,59616556,-1,71.4832,30.2408,1000,16,1,1783072765,1787664786,0
LTE,410,1,55583,59616546,-1,71.4837,30.2419,1000,18,1,1783072785,1787664786,0
LTE,410,1,55583,47257858,-1,71.484,30.2426,1000,21,1,1783073115,1787664786,0
LTE,410,1,55383,48070145,-1,71.4915,30.2599,1000,9,1,1783073415,1784319127,0
LTE,410,1,55383,33752322,-1,71.494,30.2691,1269,20,1,1783073505,1788085928,0
LTE,410,1,55383,33914389,-1,71.5077,30.2924,1000,16,1,1783078402,1783107542,0
LTE,410,1,55937,34487304,-1,71.8128,30.4503,1000,13,1,1783143794,1783168384,0
LTE,410,1,55937,34487297,-1,71.8168,30.4458,1000,19,1,1783143859,1785268023,0
LTE,410,1,55937,34487303,-1,71.8215,30.4404,1000,23,1,1783143909,1785268023,0
LTE,410,1,55937,34487317,-1,71.8219,30.4399,1000,21,1,1783143919,1785268023,0
LTE,410,1,55595,34174733,-1,71.8381,30.4242,1000,9,1,1783144049,1785268023,0
LTE,410,1,55595,34174743,-1,71.8411,30.4217,1273,32,1,1783144059,1785268023,0
LTE,410,1,55595,48228618,-1,71.8503,30.4144,1134,24,1,1783144109,1785268023,0
LTE,410,1,55595,34174723,-1,71.8406,30.4222,1632,50,1,1783144119,1785268023,0
LTE,410,3,14421,34452993,-1,71.8504,30.4144,1160,50,1,1783144149,1783176306,0
LTE,410,1,55595,48228612,-1,71.8568,30.4103,1000,2,1,1783144349,1783168385,0
LTE,410,1,55595,48228609,-1,71.8576,30.4098,1000,9,1,1783144359,1785268022,0
LTE,410,1,55595,48228615,-1,71.8589,30.4092,1000,12,1,1783144389,1785268022,0
LTE,410,1,55595,33303809,-1,71.8604,30.4084,1000,7,1,1783144399,1785268022,0
LTE,410,3,14421,60016642,-1,71.8658,30.4037,1000,18,1,1783144559,1783176306,0
LTE,410,1,55595,59780640,-1,71.8669,30.4034,1000,15,1,1783144569,1785268022,0
LTE,410,1,55595,59876140,-1,71.8674,30.4019,1000,6,1,1783144589,1783176305,0
LTE,410,1,55595,34173953,-1,71.8675,30.3995,1000,18,1,1783144599,1783176305,0
LTE,410,3,14421,60017153,-1,71.8675,30.3984,1000,22,1,1783144619,1783176305,0
LTE,410,1,55595,34173954,-1,71.8679,30.3946,1000,21,1,1783144649,1783176305,0
LTE,410,1,55595,33712641,-1,71.8679,30.3947,1000,10,1,1783144669,1783176305,0
LTE,410,1,55595,33712642,-1,71.8722,30.3849,1000,20,1,1783144699,1783176305,0
LTE,410,3,14421,60017194,-1,71.8781,30.3764,837,30,1,1783144749,1783168386,0
LTE,410,1,55935,35368451,-1,71.8795,30.3746,599,32,1,1783144779,1783176305,0
LTE,410,1,55935,35368449,-1,71.8838,30.3694,1000,10,1,1783144829,1783176305,0
LTE,410,3,14421,34306305,-1,71.8831,30.3705,1155,50,1,1783144829,1783176305,0
LTE,410,1,55935,35368450,-1,71.8808,30.3589,1337,22,1,1783144849,1783176305,0
LTE,410,1,55935,33657091,-1,71.8887,30.3618,827,50,1,1783144859,1783176305,0
LTE,410,1,55935,33657089,-1,71.8943,30.3593,1000,8,1,1783144929,1783168386,0
LTE,410,1,55935,33657090,-1,71.8746,30.3453,2675,50,1,1783145029,1783176304,0
LTE,410,1,14421,34306305,-1,71.871,30.3447,1000,6,1,1783145079,1783168386,0
LTE,410,3,40313,33677571,-1,71.8786,30.3273,2938,50,1,1783145099,1783176304,0
LTE,410,1,55936,33541141,-1,71.8642,30.3258,1122,20,1,1783145129,1783176303,0
LTE,410,1,55936,33742083,-1,71.8561,30.3264,854,44,1,1783145139,1783176304,0
LTE,410,1,55936,35365378,-1,71.8624,30.3367,1000,21,1,1783145179,1783176304,0
LTE,410,3,40313,34209027,-1,71.9117,30.3083,5739,19,1,1783145179,1783176303,0
LTE,410,3,14421,34306307,-1,71.8725,30.3228,1481,50,1,1783145189,1783176303,0
LTE,410,1,55935,34311191,-1,71.8744,30.3224,1000,12,1,1783145269,1783168442,0
LTE,410,1,55936,33460757,-1,71.8795,30.322,1000,7,1,1783145299,1783168442,0
LTE,410,1,55593,35365123,-1,71.8751,30.3224,1072,41,1,1783145319,1783176303,0
LTE,410,1,55593,35365122,-1,71.8942,30.3209,1320,23,1,1783145339,1783176303,0
LTE,410,3,40313,34209281,-1,71.9186,30.3154,2691,38,1,1783145359,1783176302,0
LTE,410,1,55593,33749271,-1,71.9112,30.3192,1000,14,1,1783145419,1783176303,0
LTE,410,1,55593,34210583,-1,71.9119,30.3192,1000,6,1,1783145429,1783168442,0
LTE,410,1,55593,59349299,-1,71.918,30.3189,1000,18,1,1783145479,1783176302,0
LTE,410,1,55593,59349300,-1,71.9139,30.3191,1000,18,1,1783146029,1783176303,0
LTE,410,1,55593,33390851,-1,71.9217,30.3157,1000,16,1,1783146059,1783176302,0
LTE,410,1,55593,59349291,-1,71.9209,30.3181,1000,10,1,1783147519,1783176302,0
LTE,410,3,40313,33677570,-1,71.9211,30.3181,1000,16,1,1783147519,1783176302,0
LTE,410,1,55593,59349290,-1,71.9216,30.3181,1000,5,1,1783147529,1783176302,0
LTE,410,1,55593,34210561,-1,71.9217,30.3116,1000,17,1,1783147649,1783176302,0
LTE,410,3,40313,34209283,-1,71.9219,30.3087,1000,24,1,1783147679,1783176302,0
LTE,410,1,55593,34210567,-1,71.9221,30.3092,1000,7,1,1783147689,1783176302,0
LTE,410,1,55593,34210562,-1,71.9221,30.3072,1000,16,1,1783147719,1783176302,0
LTE,410,3,40313,34210563,-1,71.9222,30.307,1000,6,1,1783147729,1783176302,0
LTE,410,1,55593,34182401,-1,71.9228,30.3042,1000,23,1,1783147779,1783176302,0
LTE,410,3,40313,34209025,-1,71.9228,30.3048,1000,16,1,1783147779,1783176302,0
LTE,410,3,40313,34209026,-1,71.9223,30.3021,1000,16,1,1783147859,1783176302,0
LTE,410,1,55593,34182402,-1,71.9222,30.3009,1000,18,1,1783147889,1783176302,0
LTE,410,3,40313,34209537,-1,71.922,30.2985,1000,14,1,1783147999,1783176302,0
LTE,410,1,55593,34181141,-1,71.9221,30.2985,1000,4,1,1783148009,1783168443,0
LTE,410,1,55593,34181143,-1,71.9213,30.2981,1000,2,1,1783148049,1783168443,0
LTE,410,1,55593,34181142,-1,71.9223,30.2969,1000,7,1,1783148079,1783171501,0
LTE,410,3,40313,34209538,-1,71.9229,30.2964,1000,14,1,1783148099,1783176302,0
LTE,410,1,55593,34182422,-1,71.9234,30.2971,1000,1,1,1783148269,1783148269,0
LTE,410,1,55593,35575811,-1,71.9243,30.2957,1000,5,1,1783148279,1783171501,0
LTE,410,1,55593,34181122,-1,71.9232,30.296,1000,15,1,1783148289,1783176302,0
LTE,410,3,40313,34288641,-1,71.9244,30.2952,1000,21,1,1783148339,1783171501,0
LTE,410,1,55593,35426563,-1,71.9251,30.2939,1000,4,1,1783148679,1783171501,0
LTE,410,1,55593,34181128,-1,71.9212,30.2978,1000,3,1,1783152058,1783176302,0
LTE,410,3,40313,34209539,-1,71.9212,30.2978,1000,3,1,1783152058,1783176302,0
LTE,410,1,55593,34181123,-1,71.921,30.2982,1000,1,1,1783152088,1783152088,0
LTE,410,1,55593,34181129,-1,71.9214,30.2983,1000,2,1,1783152108,1783176302,0
LTE,410,3,55593,34181129,-1,71.9212,30.2983,1000,1,1,1783152188,1783152188,0
LTE,410,1,55593,34181121,-1,71.9219,30.2985,1000,1,1,1783152258,1783152258,0
LTE,410,1,55593,34181127,-1,71.9225,30.2988,1000,3,1,1783152268,1783176302,0
LTE,410,3,55593,34210562,-1,71.9223,30.3068,1000,2,1,1783152748,1783176302,0
LTE,410,1,55593,34210568,-1,71.9213,30.3073,1000,2,1,1783152778,1783176302,0
LTE,410,1,55593,59349292,-1,71.9187,30.3186,1000,3,1,1783153018,1783176302,0
LTE,410,1,55593,35185175,-1,71.908,30.3193,1000,4,1,1783153088,1783176303,0
LTE,410,1,55935,34311171,-1,71.9045,30.3197,1000,4,1,1783153108,1783176303,0
LTE,410,1,55935,33849858,-1,71.9028,30.3199,1000,4,1,1783153118,1783176303,0
LTE,410,3,40313,34323201,-1,71.8566,30.325,1000,4,1,1783153338,1783176303,0
LTE,410,3,14421,34466818,-1,71.8546,30.3284,1000,21,1,1783153348,1783176304,0
LTE,410,1,55936,59141153,-1,71.8501,30.3245,1000,18,1,1783153368,1783176304,0
LTE,410,1,55936,59141152,-1,71.8579,30.3319,1000,6,1,1783153488,1783176304,0
LTE,410,3,55936,35365378,-1,71.8613,30.3356,1000,6,1,1783153508,1783176304,0
LTE,410,1,55595,59774250,-1,71.8762,30.3785,1000,3,1,1783153928,1783176305,0
LTE,410,3,14421,60017154,-1,71.8712,30.3868,1000,23,1,1783153938,1783176305,0
LTE,410,1,55595,59779637,-1,71.855,30.4111,1000,4,1,1783154778,1785268022,0
LTE,410,1,55595,48228632,-1,71.8547,30.4112,1000,14,1,1783154788,1785268022,0
LTE,410,1,55595,34174742,-1,71.8519,30.4129,1000,5,1,1783154878,1783176306,0
LTE,410,3,14421,60016641,-1,71.8382,30.4241,1000,12,1,1783155148,1783176306,0
LTE,410,1,55937,34487307,-1,71.8308,30.4302,1000,4,1,1783155218,1783176306,0
LTE,410,1,55937,34487319,-1,71.8116,30.4517,638,27,1,1783155458,1785268023,0
LTE,410,1,55937,33390091,-1,71.7768,30.4884,3089,22,1,1783155738,1783677723,0
LTE,410,1,55937,35759629,-1,71.7886,30.4812,1000,11,1,1783155748,1783176365,0
LTE,410,1,55596,35336972,-1,71.7708,30.5165,3508,15,1,1783155808,1783677722,0
LTE,410,1,55937,33390101,-1,71.745,30.4865,1000,24,1,1783156178,1788694627,0
LTE,410,3,40011,33678850,-1,71.4945,30.1433,1202,50,1,1783288025,1783312803,0
LTE,410,1,55585,59306539,-1,71.4957,30.1445,1353,21,1,1783288025,1785845463,0
LTE,410,1,55290,59659307,-1,71.5514,29.8024,1215,50,1,1783290500,1783312901,0
LTE,410,1,55931,59824169,-1,71.4747,30.2101,1000,10,1,1783375650,1788603244,0
LTE,410,1,55931,33824002,-1,71.476,30.2098,1000,12,1,1783375740,1788603244,0
LTE,410,1,55582,33490179,-1,71.4753,30.2096,1000,12,1,1783375840,1788603244,0
LTE,410,1,55582,34146050,-1,71.4789,30.2099,1000,13,1,1783376280,1788603244,0
LTE,410,1,55931,59824161,-1,71.4779,30.2101,1000,1,1,1783376390,1783376390,0
LTE,410,1,55931,34224149,-1,71.4755,30.2121,1000,4,1,1783376420,1784800383,0
LTE,410,1,55582,33490177,-1,71.4795,30.2062,1000,12,1,1783376520,1788587461,0
LTE,410,1,55582,35242498,-1,71.4795,30.2021,1000,10,1,1783376570,1788587461,0
LTE,410,3,40012,34081795,-1,71.4805,30.1989,1000,24,1,1783376570,1783403041,0
LTE,410,1,55928,34146563,-1,71.4794,30.2005,1000,12,1,1783376580,1788587461,0
LTE,410,1,55582,33490178,-1,71.4795,30.1981,1000,3,1,1783376630,1783403041,0
LTE,410,1,55928,34146562,-1,71.4812,30.197,1000,15,1,1783376650,1788587461,0
LTE,410,1,55928,46309377,-1,71.484,30.1949,1000,12,1,1783376700,1788587461,0
LTE,410,3,40012,34083073,-1,71.4847,30.194,1000,8,1,1783376700,1783403042,0
LTE,410,1,55928,46207747,-1,71.4854,30.193,1000,12,1,1783376720,1788587461,0
LTE,410,3,40012,34083075,-1,71.4863,30.1919,1000,4,1,1783376740,1783403042,0
LTE,410,1,55928,46207745,-1,71.4862,30.1918,1000,12,1,1783376760,1788587461,0
LTE,410,3,40012,34083074,-1,71.4873,30.1892,1000,11,1,1783376760,1783403042,0
LTE,410,1,55928,33476099,-1,71.4874,30.1885,1000,9,1,1783376780,1788587461,0
LTE,410,1,55928,33786627,-1,71.4883,30.1868,1000,7,1,1783376820,1788587461,0
LTE,410,3,40012,34086401,-1,71.4888,30.1859,1000,8,1,1783376820,1783403042,0
LTE,410,1,55928,33786625,-1,71.4894,30.1847,1000,15,1,1783376840,1788587461,0
LTE,410,3,40012,34086403,-1,71.4903,30.1827,1000,9,1,1783376880,1783403042,0
LTE,410,1,55586,33786371,-1,71.4905,30.1822,1000,9,1,1783376890,1788587461,0
LTE,410,1,55586,33786369,-1,71.4912,30.1808,1000,4,1,1783376930,1788587461,0
LTE,410,3,40011,34089729,-1,71.4914,30.1803,1000,4,1,1783376930,1783403042,0
LTE,410,1,55586,33786370,-1,71.4916,30.1796,1000,9,1,1783376940,1788587462,0
LTE,410,3,40011,34089731,-1,71.4915,30.1771,1000,13,1,1783376950,1783403042,0
LTE,410,1,55586,47258625,-1,71.4916,30.1774,1000,5,1,1783376960,1788587462,0
LTE,410,1,55586,47258626,-1,71.4913,30.1757,1000,13,1,1783377000,1788587462,0
LTE,410,1,55586,33984003,-1,71.4913,30.1738,1000,4,1,1783377040,1788587462,0
LTE,410,3,40011,34088961,-1,71.4918,30.1728,1000,6,1,1783377040,1783403042,0
LTE,410,1,55586,33313027,-1,71.4919,30.1708,1000,11,1,1783377080,1788587462,0
LTE,410,3,40011,34168323,-1,71.4921,30.1721,1000,3,1,1783377120,1783403042,0
LTE,410,3,40011,34088962,-1,71.492,30.1691,1000,15,1,1783377150,1783403042,0
LTE,410,1,55586,33894145,-1,71.492,30.1668,1000,22,1,1783377200,1788587462,0
LTE,410,3,40011,34090753,-1,71.4921,30.1634,1000,13,1,1783377240,1783403042,0
LTE,410,1,55586,33894146,-1,71.492,30.1636,1000,10,1,1783377260,1788587462,0
LTE,410,1,55586,35432451,-1,71.4921,30.1614,1000,11,1,1783377280,1788587462,0
LTE,410,1,55586,35432450,-1,71.4922,30.1582,1000,21,1,1783377300,1788587462,0
LTE,410,3,40011,34090755,-1,71.4922,30.1582,1000,12,1,1783377300,1783403042,0
LTE,410,1,55585,59421216,-1,71.4923,30.1553,1000,6,1,1783377350,1788587462,0
LTE,410,3,40011,33678851,-1,71.4923,30.1526,1000,16,1,1783377350,1783403042,0
LTE,410,1,55585,59421217,-1,71.4923,30.1539,1000,8,1,1783377360,1788587462,0
LTE,410,1,55585,59421218,-1,71.4923,30.1521,1000,6,1,1783377380,1788587462,0
LTE,410,1,55585,59421226,-1,71.4923,30.1507,1000,6,1,1783377390,1783403042,0
LTE,410,1,55585,59694643,-1,71.4926,30.1487,1000,8,1,1783377410,1788587462,0
LTE,410,1,55585,60002870,-1,71.4929,30.1489,1000,6,1,1783377440,1788587462,0
LTE,410,1,55585,60002869,-1,71.4925,30.1474,1000,16,1,1783378020,1788587462,0
LTE,410,3,40011,34314243,-1,71.4925,30.1469,1000,7,1,1783378020,1783487881,0
LTE,410,1,55585,60002859,-1,71.4927,30.1441,1000,20,1,1783378070,1788587462,0
LTE,410,1,55585,35292417,-1,71.4926,30.1418,1000,5,1,1783378110,1783487881,0
LTE,410,1,55585,59104053,-1,71.4926,30.1413,1000,13,1,1783378120,1788603242,0
LTE,410,1,55585,59395871,-1,71.4927,30.1386,1000,6,1,1783378150,1783403043,0
LTE,410,1,55585,59104052,-1,71.4927,30.1378,1000,16,1,1783378170,1788603242,0
LTE,410,1,55585,59104044,-1,71.4928,30.1364,1000,10,1,1783378180,1788603242,0
LTE,410,1,55585,59104043,-1,71.4928,30.1349,1000,7,1,1783378190,1788603242,0
LTE,410,1,55585,59395894,-1,71.4929,30.1323,1000,19,1,1783378210,1788603242,0
LTE,410,1,55585,59395893,-1,71.493,30.1302,1000,14,1,1783378240,1788603242,0
LTE,410,1,55585,59395891,-1,71.4931,30.1267,1000,9,1,1783378250,1783487882,0
LTE,410,1,55585,59395883,-1,71.4932,30.1246,1000,14,1,1783378270,1788587464,0
LTE,410,1,55919,33815553,-1,71.4937,30.109,1000,4,1,1783378380,1783403043,0
LTE,410,1,55919,33815554,-1,71.4937,30.1077,702,36,1,1783378400,1785845462,0
LTE,410,1,55919,59417653,-1,71.4954,30.0175,1000,8,1,1783379010,1783487883,0
LTE,410,1,55919,33842945,-1,71.5013,29.9812,1000,9,1,1783379270,1788603187,0
LTE,410,1,55919,59237174,-1,71.5021,29.9782,1000,6,1,1783379280,1783403102,0
LTE,410,1,55919,33842966,-1,71.5081,29.9559,1029,21,1,1783379420,1788603186,0
LTE,410,1,55290,33644551,-1,71.5257,29.8917,1000,7,1,1783379720,1788603185,0
LTE,410,1,55290,59813676,-1,71.5386,29.8475,1000,4,1,1783379960,1783403104,0
LTE,410,1,55290,59659305,-1,71.5517,29.8014,1259,27,1,1783380190,1788603184,0
LTE,410,1,55290,34415883,-1,71.5968,29.6487,1000,17,1,1783380940,1783487945,0
LTE,410,1,55290,34415884,-1,71.5971,29.6447,1000,10,1,1783380960,1783403109,0
LTE,410,1,55281,33798158,-1,71.6033,29.6265,1492,15,1,1783381000,1783487945,0
LTE,410,1,55281,59398196,-1,71.6043,29.5778,1709,23,1,1783381290,1786510085,0
LTE,410,1,55281,60774963,-1,71.6277,29.5375,1000,10,1,1783381750,1788587527,0
LTE,410,1,55281,59917077,-1,71.6243,29.5376,1000,6,1,1783382570,1788587527,0
LTE,410,3,14430,34457643,-1,71.6297,29.5377,1000,1,1,1783382970,1783382970,0
LTE,410,3,14403,33666858,-1,71.3337,29.861,4288,17,1,1783396621,1783421044,0
LTE,410,3,14403,59947306,-1,71.3606,29.8329,1000,4,1,1783396631,1783421043,0
LTE,410,1,55884,33285143,-1,71.3114,29.8829,1000,11,1,1783397061,1783421044,0
LTE,410,1,55884,59350295,-1,71.3107,29.8835,1000,7,1,1783397081,1783421044,0
LTE,410,1,55884,33710869,-1,71.3066,29.8867,1000,7,1,1783397111,1783421044,0
LTE,410,1,55884,59974690,-1,71.3138,29.8917,1000,11,1,1783397141,1786510025,0
LTE,410,1,7,33736450,-1,71.3162,29.9011,1386,13,1,1783397191,1786510026,0
GSM,410,1,884,11783,-1,71.3166,29.9105,1333,35,1,1783397291,1786510025,0
LTE,410,3,14403,59471145,-1,71.3151,29.9201,1000,4,1,1783397391,1783421045,0
LTE,410,1,55766,59198774,-1,71.3199,29.9295,1000,7,1,1783397451,1783421045,0
LTE,410,1,55766,59455028,-1,71.326,29.9422,1000,3,1,1783397551,1783421045,0
LTE,410,1,55766,59455009,-1,71.3365,29.9622,1000,4,1,1783397701,1783421046,0
LTE,410,3,11126,60003843,-1,71.4068,30.0874,1000,4,1,1783398573,1783421102,0
LTE,410,1,55772,60712491,-1,71.4163,30.1025,1000,4,1,1783398693,1783421102,0
GSM,410,3,54403,22448,-1,71.4231,30.1134,1000,4,1,1783398783,1783421103,0
LTE,410,1,55585,33958965,-1,71.4282,30.1195,1000,6,1,1783398843,1783421103,0
LTE,410,1,55585,33958966,-1,71.4307,30.1224,1000,10,1,1783398863,1783624323,0
UMTS,410,3,34001,8145240,83,71.4341,30.1264,1000,10,1,1783398893,1783421103,0
UMTS,410,3,34001,7510805,302,71.4359,30.1286,1000,3,1,1783398923,1783421103,0
LTE,410,1,55581,34144770,-1,71.4516,30.2044,1000,4,1,1783399883,1783421105,0
LTE,410,1,55581,35635990,-1,71.4501,30.2059,1000,6,1,1783399903,1783421105,0
LTE,410,3,40012,34084363,-1,71.4498,30.2062,1000,4,1,1783399913,1783421105,0
LTE,410,1,55581,35635989,-1,71.4491,30.2075,1000,3,1,1783399933,1783421105,0
LTE,410,3,40012,34078466,-1,71.451,30.2096,1000,21,1,1783399933,1783421105,0
LTE,410,1,55932,46159894,-1,71.4496,30.2094,1000,9,1,1783399943,1783421105,0
LTE,410,1,55932,46159893,-1,71.4519,30.2102,1000,9,1,1783399983,1783421105,0
LTE,410,1,55581,46259222,-1,71.4543,30.2107,1000,2,1,1783400093,1783421105,0
LTE,410,1,55932,34096898,-1,71.4548,30.2108,1000,1,1,1783400113,1783400113,0
UMTS,410,3,34001,1535787,164,71.4548,30.2108,1000,2,1,1783400113,1783421105,0
LTE,410,1,55581,46259202,-1,71.4557,30.2112,1000,7,1,1783400123,1783421105,0
UMTS,410,3,34001,1530447,211,71.4575,30.2113,1000,10,1,1783400133,1783421105,0
UMTS,410,3,34001,1530787,164,71.4555,30.2113,1000,2,1,1783400143,1783421105,0
LTE,410,1,55581,46306563,-1,71.4592,30.2118,1000,10,1,1783400183,1783421105,0
UMTS,410,3,34001,8139588,232,71.4602,30.2121,1000,2,1,1783400243,1783421105,0
UMTS,410,3,34001,8159937,93,71.4611,30.2144,1000,11,1,1783400273,1783421105,0
LTE,410,1,55931,34145027,-1,71.4611,30.2164,1000,10,1,1783400313,1783421105,0
LTE,410,1,55931,34067970,-1,71.4614,30.2196,1000,8,1,1783400403,1783421105,0
LTE,410,1,55931,33507080,-1,71.4629,30.2212,1000,4,1,1783400463,1783421105,0
LTE,410,1,55583,59616544,-1,71.4799,30.2462,1000,3,1,1783401083,1783421106,0
LTE,410,1,55583,33964035,-1,71.4818,30.2506,1000,12,1,1783401143,1784800383,0
LTE,410,1,55585,60002868,-1,71.4926,30.1459,1000,6,1,1783463830,1788587462,0
LTE,410,1,55585,60002860,-1,71.4925,30.1455,1000,7,1,1783463850,1788587462,0
LTE,410,1,55585,59104051,-1,71.4927,30.1378,1000,9,1,1783463970,1788603242,0
LTE,410,1,55919,84088578,-1,71.4947,30.0717,1000,8,1,1783464420,1783487883,0
LTE,410,1,55919,35448853,-1,71.4946,30.0616,1000,4,1,1783464480,1783487883,0
LTE,410,1,55919,59103778,-1,71.4959,30.0043,1000,16,1,1783464820,1788603187,0
LTE,410,1,55290,35131927,-1,71.5118,29.9424,1000,6,1,1783465141,1783487885,0
LTE,410,1,55290,33644565,-1,71.5233,29.9003,908,36,1,1783465321,1783487886,0
LTE,410,1,55290,33644566,-1,71.5266,29.8886,1000,5,1,1783465401,1783487886,0
LTE,410,1,55290,35169557,-1,71.5365,29.8548,1000,7,1,1783465601,1783487886,0
LTE,410,1,55290,59659316,-1,71.5451,29.8246,1000,9,1,1783465965,1788587522,0
LTE,410,1,55290,35169558,-1,71.5471,29.8175,1000,6,1,1783465995,1783487887,0
LTE,410,1,55941,35392780,-1,71.5495,29.809,1000,6,1,1783466035,1783487887,0
LTE,410,1,55941,34151426,-1,71.5979,29.6422,1000,3,1,1783466825,1783487945,0
LTE,410,1,55941,34151436,-1,71.6041,29.624,1000,6,1,1783466915,1783487945,0
LTE,410,3,14430,33675777,-1,71.6186,29.5734,1000,5,1,1783467215,1783487946,0
LTE,410,1,55281,47215639,-1,71.6297,29.5408,1000,4,1,1783467585,1783487947,0
LTE,410,1,55281,33410561,-1,71.6255,29.5372,1000,8,1,1783467775,1788587527,0
LTE,410,1,55281,33410583,-1,71.6242,29.5382,1000,20,1,1783467865,1788587527,0
LTE,410,1,55885,33507863,-1,71.3985,29.8,2785,7,1,1783483441,1784649543,0
LTE,410,1,55884,33285141,-1,71.3636,29.8459,2468,10,1,1783483690,1786426082,0
LTE,410,3,14403,59426818,-1,71.38,29.8426,1000,7,1,1783483709,1783504684,0
LTE,410,1,55884,33598988,-1,71.3683,29.8484,2249,22,1,1783483739,1786426082,0
LTE,410,1,55766,59199275,-1,71.3974,29.9183,1000,16,1,1783484010,1783504685,0
LTE,410,1,55766,59199284,-1,71.3914,29.9373,1000,14,1,1783484084,1783504686,0
LTE,410,1,55766,59199285,-1,71.3846,29.9588,1000,7,1,1783484175,1783504742,0
LTE,410,1,55766,59913012,-1,71.3844,29.9888,1000,17,1,1783484284,1784649547,0
LTE,410,1,55766,59927603,-1,71.3855,29.9919,1000,6,1,1783484296,1783504742,0
GSM,410,1,766,24301,-1,71.3863,30.0204,1000,21,1,1783484374,1784649549,0
GSM,410,1,766,34301,-1,71.386,30.0216,1000,18,1,1783484398,1784649549,0
GSM,410,1,772,32306,-1,71.3844,30.0253,1000,7,1,1783484418,1783504743,0
LTE,410,1,55766,34381077,-1,71.3727,30.0481,1225,23,1,1783484471,1784649549,0
LTE,410,1,55383,48070147,-1,71.4856,30.2583,1000,11,1,1783570673,1783591741,0
LTE,410,1,55383,35296021,-1,71.4881,30.263,1000,7,1,1783570743,1783591741,0
LTE,410,1,55383,48070167,-1,71.4878,30.2628,1000,6,1,1783570763,1783591741,0
LTE,410,1,55383,48070153,-1,71.4891,30.2733,1000,7,1,1783570833,1783591741,0
LTE,410,1,55583,33964567,-1,71.4872,30.2515,1000,3,1,1783571763,1783591802,0
LTE,410,1,55931,34224150,-1,71.473,30.2142,1873,29,1,1783593041,1788603244,0
LTE,410,1,55587,33732100,-1,71.4119,30.1707,2262,51,1,1783594254,1783617256,0
LTE,410,1,55772,34429185,-1,71.3261,30.0784,1000,4,1,1783596694,1783624321,0
LTE,410,1,55772,34080514,-1,71.3525,30.0919,1000,13,1,1783601999,1783624322,0
LTE,410,1,55772,46648835,-1,71.3485,30.1039,2009,21,1,1783602049,1786510021,0
LTE,410,1,55772,46648833,-1,71.3724,30.0993,1000,12,1,1783602099,1783624322,0
LTE,410,1,55883,34080771,-1,71.381,30.1023,1000,18,1,1783602149,1783624322,0
LTE,410,1,55883,47961622,-1,71.3866,30.1043,1000,2,1,1783602209,1783624322,0
LTE,410,1,55772,46648853,-1,71.3875,30.1047,1000,2,1,1783602219,1783624322,0
LTE,410,1,55883,35120643,-1,71.4015,30.1079,1000,18,1,1783602299,1783624322,0
LTE,410,1,55772,60712500,-1,71.421,30.1109,1000,3,1,1783602439,1783624322,0
LTE,410,1,55585,59449621,-1,71.4374,30.1295,1000,15,1,1783602549,1788318543,0
LTE,410,1,55585,47258134,-1,71.4395,30.1334,1000,20,1,1783602589,1788318542,0
LTE,410,1,55587,33390339,-1,71.4413,30.1762,1000,3,1,1783602889,1783624323,0
LTE,410,1,55774,34143511,-1,71.4413,30.1869,1000,4,1,1783602969,1783624323,0
LTE,410,1,55774,35664919,-1,71.4414,30.1888,1000,5,1,1783602999,1785416161,0
LTE,410,1,55931,33463317,-1,71.4797,30.2303,1000,2,1,1783603799,1783624324,0
LTE,410,1,55583,47257878,-1,71.4847,30.2446,1000,5,1,1783603939,1788603245,0
UMTS,410,4,43107,28588653,168,71.7268,30.486,1890,25,1,1783651952,1788694625,0
UMTS,410,4,43107,28578032,103,71.7379,30.524,4844,25,1,1783652114,1788694625,0
UMTS,410,4,43107,28607975,14,71.7238,30.5091,4666,17,1,1783652124,1788694625,0
UMTS,410,4,43107,28588433,36,71.7253,30.4882,2178,48,1,1783652184,1788694625,0
UMTS,410,4,43107,28609251,422,71.7203,30.4872,2077,15,1,1783652664,1788694625,0
GSM,410,4,3302,55555,-1,71.7024,30.4976,1000,1,1,1783653014,1783653014,0
GSM,410,4,3302,42796,-1,71.7024,30.4976,1000,1,1,1783653014,1783653014,0
LTE,410,4,50025,1678086,-1,71.713,30.488,1466,9,1,1783653384,1785268026,0
LTE,410,4,50025,1468676,-1,71.7342,30.5118,4244,8,1,1783655084,1788694625,0
UMTS,410,4,43107,28599243,212,71.7219,30.4851,1639,15,1,1783657450,1788694625,0
GSM,410,4,3005,49572,-1,71.714,30.4844,1000,2,1,1783657670,1785268027,0
UMTS,410,4,43107,28608433,38,71.7439,30.5569,1000,2,1,1783649493,1783677664,0
GSM,410,1,584,20004,-1,71.7442,30.5549,1011,11,1,1783649543,1786707182,0
GSM,410,1,584,44107,-1,71.7447,30.5511,1000,4,1,1783649543,1786707181,0
LTE,410,1,55596,34331147,-1,71.7641,30.5406,1000,10,1,1783650414,1788085864,0
UMTS,410,4,43107,28597975,13,71.744,30.4859,1000,6,1,1783651074,1783677723,0
UMTS,410,4,43107,28628032,102,71.7423,30.4854,1000,1,1,1783651614,1783651614,0
LTE,410,4,50025,1676037,-1,71.7244,30.482,1537,6,1,1783651684,1785412022,0
LTE,410,3,12208,30070354,-1,71.5335,33.9809,500,26,1,1783673918,1783705983,0
LTE,410,4,60027,13001984,-1,71.5352,33.9813,1000,4,1,1783673923,1783705982,0
LTE,410,4,60027,13084929,-1,71.5348,33.9814,1000,20,1,1783673963,1783705982,0
LTE,410,3,12208,28512770,-1,71.5335,33.9815,1000,6,1,1783674013,1783705983,0
LTE,410,3,12208,28842753,-1,71.5349,33.9814,1000,5,1,1783674063,1783705982,0
LTE,410,3,12208,30070274,-1,71.5327,33.9815,1000,16,1,1783674213,1783705983,0
LTE,410,3,12208,30070314,-1,71.5346,33.9816,1000,1,1,1783674333,1783674333,0
LTE,410,3,12208,28996394,-1,71.5346,33.9816,1000,1,1,1783674373,1783674373,0
UMTS,410,4,31201,53266345,426,71.5336,33.9814,1000,3,1,1783674413,1783705982,0
UMTS,410,4,31201,53255517,276,71.5336,33.9814,1000,3,1,1783674413,1783705982,0
UMTS,410,4,31201,53273358,48,71.5336,33.9814,1000,3,1,1783674433,1783705982,0
LTE,410,3,12208,28996354,-1,71.5346,33.9816,1000,1,1,1783674473,1783674473,0
GSM,410,3,52208,25483,-1,71.5346,33.9816,1000,1,1,1783674543,1783674543,0
GSM,410,3,52208,25869,-1,71.5346,33.9816,1000,1,1,1783674543,1783674543,0
UMTS,410,4,31201,53259021,457,71.5339,33.9816,1000,1,1,1783675473,1783675473,0
LTE,410,4,60027,13001986,-1,71.5316,33.9819,1000,7,1,1783675513,1783705983,0
LTE,410,4,60027,2436359,-1,71.5327,33.9812,1000,2,1,1783676263,1783705983,0
LTE,410,4,60027,13385060,-1,71.5329,33.9806,1000,13,1,1783676447,1783705983,0
LTE,410,4,60027,13385062,-1,71.5307,33.982,1000,7,1,1783676662,1783705982,0
LTE,410,3,12208,30070275,-1,71.5305,33.9821,1000,7,1,1783676671,1783705982,0
LTE,410,3,12208,30070355,-1,71.5303,33.9825,1000,11,1,1783676712,1783705982,0
LTE,410,4,60027,13002086,-1,71.5309,33.9821,1000,1,1,1783676742,1783676742,0
LTE,410,3,12208,30070273,-1,71.5306,33.983,1000,13,1,1783676742,1783705982,0
LTE,410,4,60027,2436453,-1,71.5306,33.9825,1000,3,1,1783676762,1783705982,0
UMTS,410,4,31201,53275517,117,71.5295,33.982,1000,2,1,1783676902,1783705982,0
LTE,410,4,60023,13255681,-1,71.5294,33.9821,1000,1,1,1783676932,1783676932,0
LTE,410,4,60027,13384961,-1,71.5295,33.9822,1000,1,1,1783676972,1783676972,0
LTE,410,3,12208,28996355,-1,71.5307,33.9832,1000,4,1,1783677082,1783705982,0
LTE,410,3,12208,28996395,-1,71.5307,33.9827,1000,1,1,1783677172,1783677172,0
UMTS,410,4,31201,53244749,251,71.5307,33.9834,1000,3,1,1783677482,1783705982,0
LTE,410,3,12208,30070353,-1,71.5308,33.9837,1000,1,1,1783677642,1783677642,0
LTE,410,3,12208,28512771,-1,71.531,33.9818,1000,2,1,1783678042,1783705982,0
LTE,410,3,12208,28512859,-1,71.5326,33.9814,1000,1,1,1783678212,1783678212,0
LTE,410,4,60027,13085029,-1,71.5328,33.981,1000,1,1,1783686104,1783686104,0
GSM,410,1,10404,41099,-1,67.2967,24.8217,1000,1,1,1783695942,1783695942,0
LTE,410,4,55584,59540767,-1,71.7098,30.4852,1000,2,1,1783754153,1783774442,0
LTE,410,4,55937,58990132,-1,71.7167,30.4842,1000,2,1,1783754583,1785397981,0
UMTS,410,3,33017,404332,-1,74.3337,32.336,1000,1,1,1783808893,1783808893,0
LTE,410,7,55098,56403201,-1,73.1282,30.349,1000,1,1,1783058495,1783058495,0
LTE,410,1,55611,30741014,-1,73.1066,30.3518,1000,1,1,1783158167,1783158167,0
LTE,410,99,10002,60416257,-1,73.1271,30.3453,1000,6,1,1783163611,1784115241,0
GSM,410,11,27013,29446,-1,67.1086,24.9264,1000,6,1,1784189113,1786887422,0
GSM,410,11,27013,39446,-1,67.1076,24.9265,1000,6,1,1784189138,1786887422,0
GSM,410,11,27013,19122,-1,67.1049,24.9255,1000,17,1,1784189153,1786611121,0
GSM,410,11,27013,14479,-1,67.1053,24.9248,1000,9,1,1784189173,1786611121,0
GSM,410,11,27013,29224,-1,67.1013,24.9294,1000,12,1,1784189288,1786611121,0
GSM,410,11,27013,39224,-1,67.0996,24.9308,1000,10,1,1784189338,1786611121,0
GSM,410,11,27013,24292,-1,67.0986,24.9299,1000,4,1,1784189343,1786611121,0
GSM,410,11,27014,11017,-1,67.0984,24.9298,1000,5,1,1784189353,1784191381,0
GSM,410,11,27013,39225,-1,67.1008,24.932,1000,4,1,1784189418,1786611121,0
GSM,410,11,27013,39014,-1,67.1,24.9318,1000,5,1,1784189514,1786611121,0
LTE,410,4,32,16142849,-1,67.1091,24.9265,1000,16,1,1784189113,1786887424,0
LTE,410,4,32,16142851,-1,67.1047,24.9258,1000,4,1,1784189233,1786611121,0
LTE,410,4,32,637187,-1,67.1009,24.9298,1000,8,1,1784189308,1786611121,0
LTE,410,4,32,15556883,-1,67.0988,24.9301,1000,14,1,1784189338,1786611122,0
LTE,410,4,32,15556885,-1,67.1006,24.932,1000,5,1,1784189393,1786611121,0
LTE,410,4,32,15556886,-1,67.1007,24.9325,1000,6,1,1784189408,1786611121,0
LTE,410,4,32,15556976,-1,67.1005,24.9323,1000,1,1,1784189418,1784189418,0
LTE,410,4,50024,1678860,-1,71.3924,29.8062,1366,50,1,1783921183,1786510028,0
LTE,410,4,50024,1678850,-1,71.3835,29.8127,2112,40,1,1783921273,1784649544,0
UMTS,410,4,43703,28448182,53,71.3707,29.8228,801,33,1,1783921323,1784649544,0
UMTS,410,4,43703,28486874,168,71.3753,29.8197,1000,4,1,1783921333,1784282102,0
UMTS,410,4,43703,28466796,293,71.3715,29.8303,1549,50,1,1783921343,1784649544,0
UMTS,410,4,43703,28491892,436,71.3651,29.8288,1170,10,1,1783921433,1784649544,0
LTE,410,4,50009,1720580,-1,71.4416,30.1493,1000,3,1,1784261305,1784282102,0
LTE,410,4,50012,11162372,-1,71.4415,30.151,1000,6,1,1784261325,1784282102,0
LTE,410,4,50012,11198466,-1,71.435,30.1501,1000,24,1,1784261415,1784282103,0
LTE,410,1,55587,34111235,-1,71.4336,30.1497,1000,12,1,1784261445,1784282103,0
LTE,410,4,50012,11162368,-1,71.4311,30.1491,1000,17,1,1784261455,1784282103,0
LTE,410,4,50012,11162369,-1,71.4281,30.1469,1000,18,1,1784261545,1784282102,0
LTE,410,1,55587,33725955,-1,71.4267,30.1461,1000,2,1,1784261595,1784282102,0
LTE,410,4,50012,10906117,-1,71.4416,30.1618,1000,2,1,1784261925,1784282103,0
LTE,410,4,50012,10906112,-1,71.4415,30.1634,1000,3,1,1784261945,1784282103,0
LTE,410,4,50012,1213455,-1,71.4415,30.1649,1000,6,1,1784261955,1784282103,0
LTE,410,4,50012,1213446,-1,71.4415,30.1661,1000,11,1,1784261975,1788318542,0
LTE,410,4,50012,1213456,-1,71.4415,30.1684,1000,3,1,1784261995,1784282103,0
LTE,410,4,50012,1608207,-1,71.4414,30.1725,1000,18,1,1784262005,1784282103,0
LTE,410,4,50012,1608204,-1,71.4409,30.178,1000,21,1,1784262065,1788318542,0
LTE,410,4,50012,1608208,-1,71.4411,30.182,1000,3,1,1784262105,1784282103,0
LTE,410,4,50011,1039098,-1,71.4413,30.1866,1000,17,1,1784262115,1788318542,0
LTE,410,4,50011,1039100,-1,71.4425,30.1953,1000,13,1,1784262534,1785416161,0
LTE,410,4,50011,1359106,-1,71.4389,30.1981,1000,5,1,1784262563,1784319121,0
LTE,410,1,55588,35438103,-1,71.4387,30.1992,1000,6,1,1784262573,1784319121,0
LTE,410,4,50011,1358849,-1,71.4379,30.2026,1000,10,1,1784262583,1784319121,0
LTE,410,1,55932,46295830,-1,71.4379,30.2027,1000,8,1,1784262603,1784319121,0
LTE,410,1,55932,34094102,-1,71.4368,30.2088,1000,21,1,1784262653,1784319122,0
LTE,410,4,50011,1349377,-1,71.4366,30.2081,1000,13,1,1784262683,1784319122,0
LTE,410,1,55932,35117590,-1,71.4365,30.2083,1000,4,1,1784262723,1784319121,0
LTE,410,4,50011,1349386,-1,71.4362,30.2104,1000,4,1,1784262753,1784319122,0
LTE,410,4,50011,1349376,-1,71.4391,30.212,1000,12,1,1784262783,1784319122,0
LTE,410,1,55932,47261975,-1,71.4402,30.2124,1000,5,1,1784262803,1784319122,0
LTE,410,1,55932,47261974,-1,71.4414,30.2128,1000,3,1,1784262823,1784319122,0
LTE,410,4,50011,1048066,-1,71.4429,30.2135,1000,6,1,1784262833,1784319122,0
LTE,410,1,55932,47261973,-1,71.4439,30.2143,1000,8,1,1784262843,1784319122,0
LTE,410,1,55932,48069128,-1,71.4456,30.2162,1000,4,1,1784262883,1784319122,0
LTE,410,1,55932,34096899,-1,71.4463,30.2169,1000,2,1,1784262903,1784319122,0
LTE,410,1,55932,34094338,-1,71.4471,30.2178,1000,4,1,1784262913,1784319122,0
LTE,410,1,55932,48069123,-1,71.448,30.2187,1000,3,1,1784262933,1784319122,0
LTE,410,1,55932,48069129,-1,71.4492,30.2199,1000,5,1,1784262943,1784319122,0
LTE,410,4,50011,10897413,-1,71.4511,30.2214,1000,6,1,1784262963,1784319122,0
LTE,410,1,55932,33734914,-1,71.4516,30.2218,1000,9,1,1784262963,1784319122,0
LTE,410,1,55932,33734915,-1,71.4535,30.2233,1000,3,1,1784263003,1784319122,0
LTE,410,1,55932,33734913,-1,71.4552,30.2249,1000,8,1,1784263013,1784319122,0
LTE,410,1,55931,34095107,-1,71.4585,30.228,1000,11,1,1784263043,1784319122,0
LTE,410,4,50011,11223554,-1,71.459,30.2285,1000,8,1,1784263054,1784319122,0
LTE,410,4,50011,11223552,-1,71.4625,30.2329,1000,18,1,1784263083,1784319122,0
LTE,410,1,55932,84073985,-1,71.4629,30.2356,1000,3,1,1784263143,1784319122,0
LTE,410,4,50011,1358332,-1,71.4833,30.2426,1000,23,1,1784263353,1788603245,0
LTE,410,4,50011,1358330,-1,71.486,30.2513,612,32,1,1784263473,1788085928,0
LTE,410,4,50011,11229185,-1,71.4973,30.2786,1000,17,1,1784278920,1788460441,0
LTE,410,4,50011,11229184,-1,71.4994,30.2832,500,25,1,1784279070,1788460441,0
LTE,410,1,55383,48466177,-1,71.5009,30.289,787,43,1,1784279080,1788460441,0
LTE,410,4,50011,11177986,-1,71.5033,30.2899,1000,21,1,1784279090,1788460441,0
LTE,410,4,50011,11177984,-1,71.5105,30.2918,1000,15,1,1784279290,1788460441,0
LTE,410,1,50011,11177984,-1,71.5119,30.2917,1000,1,1,1784279320,1784279320,0
LTE,410,4,50011,11177989,-1,71.512,30.2911,1000,8,1,1784279490,1784319124,0
LTE,410,4,50011,11177985,-1,71.5239,30.2833,2592,43,1,1784279590,1788460441,0
LTE,410,4,50011,11229186,-1,71.4986,30.2827,1000,1,1,1784282830,1784282830,0
GSM,410,4,3011,56616,-1,71.4926,30.2665,1000,1,1,1784284230,1784284230,0
GSM,410,4,3011,56613,-1,71.4926,30.2665,1000,1,1,1784284230,1784284230,0
GSM,410,4,3011,12465,-1,71.4926,30.2665,1000,1,1,1784284230,1784284230,0
LTE,410,1,55425,31016963,-1,74.0367,30.8692,1000,2,1,1721837671,1784374981,0
LTE,410,6,11744,212677122,-1,73.1283,30.3489,1000,1,1,1784197983,1784197983,0
LTE,410,3,17013,36807169,-1,67.104,24.9471,1000,17,1,1784488407,1788191281,0
LTE,410,4,50024,1479938,-1,71.4672,29.7257,3538,50,1,1784606384,1786510082,0
LTE,410,1,55885,61164075,-1,71.4739,29.7198,1000,7,1,1784606713,1786510082,0
LTE,410,1,55885,35564055,-1,71.4681,29.7251,1000,11,1,1784606723,1786510081,0
LTE,410,4,50024,11338242,-1,71.4555,29.739,1458,47,1,1784606813,1786510081,0
LTE,410,1,55885,35278860,-1,71.4515,29.7438,1271,26,1,1784606893,1786510081,0
LTE,410,4,50024,1479942,-1,71.4536,29.7416,1000,7,1,1784606903,1784649501,0
LTE,410,4,50024,11338246,-1,71.4515,29.7438,1000,4,1,1784606923,1784649501,0
LTE,410,4,50024,10791941,-1,71.4501,29.7454,1000,4,1,1784606933,1784649501,0
LTE,410,4,50024,10791937,-1,71.4433,29.753,1107,27,1,1784606993,1786510081,0
UMTS,410,4,43703,28496780,508,71.4384,29.7588,1000,6,1,1784607013,1784649542,0
UMTS,410,4,43703,28478914,212,71.4363,29.7612,1000,8,1,1784607023,1784649542,0
LTE,410,4,50024,1678853,-1,71.4283,29.7713,1147,19,1,1784607043,1784649543,0
UMTS,410,4,43703,28498182,52,71.4256,29.7749,1000,11,1,1784607103,1784649542,0
LTE,410,1,55885,59107873,-1,71.421,29.7809,1000,4,1,1784607153,1784649543,0
LTE,410,4,50024,1678849,-1,71.4247,29.7738,2984,43,1,1784607153,1786510081,0
LTE,410,1,55885,59966764,-1,71.4032,29.7963,1000,3,1,1784607383,1784649543,0
LTE,410,1,55885,59966751,-1,71.4027,29.797,1000,2,1,1784607413,1784649543,0
LTE,410,1,55885,59966752,-1,71.4021,29.7976,1000,3,1,1784607423,1784649543,0
LTE,410,4,50024,1678848,-1,71.404,29.7949,1000,18,1,1784607423,1786510028,0
LTE,410,1,55885,59966754,-1,71.401,29.7982,1000,4,1,1784607443,1784649543,0
UMTS,410,4,43703,28469099,1,71.3714,29.824,1000,15,1,1784607823,1784649544,0
UMTS,410,4,43703,28507032,436,71.3697,29.8245,1000,4,1,1784607883,1784649544,0
UMTS,410,4,43703,28478182,289,71.3762,29.8354,1000,11,1,1784608023,1784649544,0
LTE,410,4,50024,11385604,-1,71.3799,29.8425,1000,6,1,1784608063,1784649544,0
LTE,410,4,50024,10796037,-1,71.3815,29.8455,1000,11,1,1784608073,1784649545,0
LTE,410,4,50024,1517058,-1,71.3727,29.8536,2255,12,1,1784608123,1786426082,0
LTE,410,4,50024,1517067,-1,71.3753,29.8231,1000,23,1,1784608133,1786510027,0
LTE,410,4,50024,10796036,-1,71.4,29.888,1555,25,1,1784608153,1784649546,0
LTE,410,4,50024,11385600,-1,71.3518,29.8502,4235,30,1,1784608173,1786510027,0
UMTS,410,4,43703,28491903,439,71.4001,29.9011,1846,17,1,1784608303,1784649546,0
UMTS,410,4,43703,28456796,292,71.4011,29.8916,1000,6,1,1784608303,1784649545,0
LTE,410,4,50024,1517072,-1,71.4008,29.9029,1000,7,1,1784608323,1784649546,0
LTE,410,4,50024,10800645,-1,71.3968,29.9192,1913,16,1,1784608353,1784649546,0
LTE,410,4,50024,11384581,-1,71.3922,29.9348,2943,19,1,1784608383,1784649546,0
LTE,410,4,50024,1517068,-1,71.3972,29.9188,1000,12,1,1784608393,1784649546,0
LTE,410,1,55766,33599244,-1,71.3987,29.9143,1000,6,1,1784608403,1784649546,0
UMTS,410,4,43703,28466814,142,71.3965,29.921,1000,12,1,1784608423,1784649546,0
UMTS,410,4,43703,28483472,409,71.3965,29.921,1000,6,1,1784608433,1784649546,0
LTE,410,4,50024,11384577,-1,71.3824,29.976,1485,50,1,1784608463,1784649547,0
LTE,410,4,50024,1680400,-1,71.3892,29.9442,1000,6,1,1784608533,1784649546,0
LTE,410,4,50024,10800640,-1,71.3884,29.9465,1000,6,1,1784608543,1784649546,0
LTE,410,4,50024,10800644,-1,71.3877,29.9489,1000,6,1,1784608553,1784649546,0
LTE,410,4,50024,1301509,-1,71.387,29.9512,1000,6,1,1784608563,1784649546,0
LTE,410,1,55766,35378443,-1,71.3847,29.9583,1000,6,1,1784608593,1784649547,0
LTE,410,1,55766,35246091,-1,71.384,29.9606,1000,6,1,1784608603,1784649547,0
LTE,410,1,55766,34312982,-1,71.3819,29.9738,834,31,1,1784608633,1784649547,0
LTE,410,4,50024,1301504,-1,71.3819,29.9701,1000,6,1,1784608643,1784649547,0
LTE,410,4,50024,11384576,-1,71.387,29.9964,1000,22,1,1784608723,1784649548,0
LTE,410,4,50024,1299467,-1,71.3889,30.0043,1000,6,1,1784608783,1784649548,0
LTE,410,4,50024,1299471,-1,71.389,30.008,1000,11,1,1784608793,1784649548,0
LTE,410,1,55772,33793302,-1,71.389,30.0092,1000,6,1,1784608803,1784649548,0
GSM,410,1,772,22005,-1,71.3879,30.0164,1000,16,1,1784608823,1784649548,0
LTE,410,4,50024,11385861,-1,71.3861,30.0203,1069,18,1,1784608823,1784649549,0
LTE,410,4,50024,1299461,-1,71.3852,30.0236,1000,16,1,1784608853,1784649549,0
LTE,410,1,55766,59981098,-1,71.3819,30.0292,1000,11,1,1784608883,1784649549,0
LTE,410,4,50012,1794049,-1,71.3811,30.0302,1000,6,1,1784608893,1784649549,0
LTE,410,1,55766,59981097,-1,71.3787,30.0332,1000,11,1,1784608903,1784649549,0
LTE,410,4,50024,11385857,-1,71.3742,30.0415,1020,32,1,1784608913,1784649549,0
LTE,410,4,50024,11385856,-1,71.3745,30.061,1038,32,1,1784608993,1784649549,0
LTE,410,1,55766,35366155,-1,71.3735,30.0603,1000,11,1,1784609013,1784649549,0
LTE,410,1,55772,33793292,-1,71.3768,30.0662,1000,16,1,1784609033,1784649549,0
LTE,410,4,50012,11391233,-1,71.3801,30.0694,1000,18,1,1784609033,1784649549,0
LTE,410,1,55772,33793293,-1,71.3848,30.0736,711,26,1,1784609063,1784649549,0
LTE,410,4,50012,1794051,-1,71.4024,30.0798,1000,12,1,1784609133,1784649550,0
LTE,410,4,50012,1794054,-1,71.4002,30.0795,1000,6,1,1784609143,1784649549,0
LTE,410,4,50012,11088390,-1,71.4271,30.0801,2022,50,1,1784609173,1784649550,0
LTE,410,4,50012,1794055,-1,71.408,30.0814,1000,12,1,1784609193,1784649550,0
LTE,410,4,50012,11088388,-1,71.466,30.0881,2563,50,1,1784609403,1784649551,0
LTE,410,1,55772,33915413,-1,71.4541,30.0853,885,36,1,1784609423,1784649551,0
LTE,410,1,55585,33958924,-1,71.4719,30.0895,899,36,1,1784609493,1784649551,0
LTE,410,4,50009,11239174,-1,71.482,30.0924,1531,7,1,1784609553,1784649551,0
LTE,410,1,55919,59360022,-1,71.4822,30.092,1000,6,1,1784609563,1784649551,0
LTE,410,4,50009,1642246,-1,71.4921,30.0947,1077,25,1,1784609563,1784649551,0
LTE,410,4,50009,11230724,-1,71.4848,30.0926,1000,6,1,1784609573,1784649551,0
LTE,410,1,55919,33815564,-1,71.4861,30.0929,1000,11,1,1784609573,1784649551,0
LTE,410,4,50009,1997317,-1,71.4935,30.0998,1175,49,1,1784609583,1784649552,0
LTE,410,1,55919,59360012,-1,71.4909,30.094,1000,10,1,1784609593,1784649551,0
LTE,410,1,55919,59360021,-1,71.4943,30.0853,1843,33,1,1784609763,1788587465,0
LTE,410,4,50009,10883846,-1,71.4932,30.1239,1000,5,1,1784609983,1784649552,0
LTE,410,1,55585,46595862,-1,71.4931,30.1265,1000,9,1,1784609993,1788603242,0
LTE,410,4,50009,11455749,-1,71.4931,30.1265,1000,13,1,1784610003,1788603242,0
LTE,410,4,50009,10587915,-1,71.4929,30.1314,582,37,1,1784610023,1788603242,0
LTE,410,1,55585,46595863,-1,71.4929,30.1319,1000,7,1,1784610033,1784649552,0
LTE,410,1,55585,46304022,-1,71.4929,30.1328,1000,5,1,1784610053,1788318544,0
LTE,410,4,50009,11455744,-1,71.4928,30.1359,1000,13,1,1784610073,1788603242,0
LTE,410,1,55585,60002858,-1,71.4935,30.1426,1000,10,1,1784610103,1788603242,0
LTE,410,1,55585,47202838,-1,71.4926,30.1437,1000,11,1,1784610133,1788603242,0
LTE,410,1,55585,60002848,-1,71.4955,30.1474,1000,5,1,1784610213,1785845463,0
LTE,410,4,50009,11248129,-1,71.4966,30.1489,1000,4,1,1784610223,1784649552,0
LTE,410,4,50009,10904320,-1,71.4977,30.1504,1000,4,1,1784610233,1784649552,0
LTE,410,4,50009,11248130,-1,71.5016,30.1576,1000,10,1,1784610243,1788603243,0
LTE,410,1,55585,59306538,-1,71.5008,30.1547,1000,5,1,1784610263,1785845463,0
LTE,410,1,55585,59306537,-1,71.5011,30.1551,1000,2,1,1784610273,1784649552,0
LTE,410,1,55585,59306529,-1,71.5018,30.156,1000,6,1,1784610283,1785845463,0
LTE,410,4,50009,11120394,-1,71.5023,30.1569,1000,7,1,1784610283,1784649552,0
LTE,410,1,55585,59306528,-1,71.5028,30.1581,1000,15,1,1784610293,1785845463,0
LTE,410,4,50009,919045,-1,71.5028,30.1582,1000,18,1,1784610303,1788603242,0
LTE,410,1,55585,59331871,-1,71.5034,30.1621,1000,16,1,1784610313,1785845463,0
LTE,410,4,50009,11248134,-1,71.5032,30.1603,1000,8,1,1784610313,1788603242,0
LTE,410,4,50009,1617678,-1,71.5039,30.165,1000,4,1,1784610343,1784649552,0
LTE,410,1,55586,47936533,-1,71.5046,30.1665,1000,14,1,1784610353,1788603243,0
LTE,410,4,50009,10598918,-1,71.5046,30.1666,1000,4,1,1784610353,1784649552,0
LTE,410,1,55586,47936513,-1,71.505,30.1672,1000,16,1,1784610363,1785845463,0
LTE,410,4,50009,1107719,-1,71.5062,30.1693,1000,13,1,1784610363,1785845463,0
LTE,410,1,55927,34462743,-1,71.5074,30.1713,1000,7,1,1784610383,1784649553,0
LTE,410,4,50009,1364240,-1,71.5078,30.1718,1000,4,1,1784610393,1784649553,0
LTE,410,1,55927,34462741,-1,71.5088,30.1738,1000,8,1,1784610413,1784649553,0
LTE,410,4,50009,1364231,-1,71.5084,30.1729,1000,2,1,1784610413,1784649553,0
LTE,410,4,50009,1364241,-1,71.5089,30.1742,1000,6,1,1784610423,1784649553,0
LTE,410,1,55927,35433239,-1,71.5094,30.1755,1000,1,1,1784610503,1784610503,0
LTE,410,4,50009,10939658,-1,71.5097,30.1762,1000,4,1,1784610503,1784649553,0
LTE,410,1,55927,35131414,-1,71.51,30.177,1000,10,1,1784610513,1785756181,0
LTE,410,1,55927,35131413,-1,71.5106,30.1787,1000,10,1,1784610563,1785756181,0
LTE,410,1,55927,33388311,-1,71.511,30.1814,1000,7,1,1784610583,1785756182,0
LTE,410,1,55927,34459926,-1,71.5108,30.1851,1000,9,1,1784610613,1785756181,0
LTE,410,1,55927,34459925,-1,71.5114,30.1879,1000,13,1,1784610633,1785756182,0
LTE,410,1,55929,34112790,-1,71.5126,30.1898,1000,12,1,1784610673,1785756182,0
LTE,410,1,55928,60056866,-1,71.5129,30.1906,1000,4,1,1784610693,1784649553,0
LTE,410,1,55929,59712819,-1,71.5133,30.1909,1000,9,1,1784610753,1788603243,0
LTE,410,1,55929,59712820,-1,71.5146,30.1923,1000,6,1,1784610813,1788603243,0
LTE,410,1,55929,59712822,-1,71.5157,30.195,1000,20,1,1784610823,1788603243,0
LTE,410,1,55929,35266050,-1,71.5159,30.1983,1000,10,1,1784610863,1788603243,0
LTE,410,1,55929,35266049,-1,71.5159,30.2008,1000,16,1,1784610883,1788603243,0
LTE,410,1,55590,48107799,-1,71.5156,30.2069,1000,12,1,1784610929,1785756182,0
LTE,410,1,55590,33509141,-1,71.5142,30.2099,1000,15,1,1784610949,1785756182,0
LTE,410,4,50010,1784326,-1,71.5143,30.2096,1000,8,1,1784610949,1784649554,0
LTE,410,1,55590,33509129,-1,71.5111,30.2099,1000,8,1,1784611036,1788603244,0
LTE,410,1,55583,46597141,-1,71.5082,30.2099,1000,6,1,1784611047,1784649554,0
LTE,410,4,50010,1351175,-1,71.5072,30.2099,1000,6,1,1784611057,1784649554,0
LTE,410,1,55583,46597121,-1,71.5078,30.2099,1000,12,1,1784611077,1788603244,0
LTE,410,1,55583,46597122,-1,71.5037,30.2097,1000,19,1,1784611097,1788603244,0
LTE,410,4,50010,1618192,-1,71.5041,30.2098,1000,6,1,1784611097,1784649554,0
LTE,410,4,50010,1350149,-1,71.5019,30.2097,1000,3,1,1784611129,1784649554,0
LTE,410,1,55583,48231190,-1,71.5011,30.2097,1000,2,1,1784611140,1784649554,0
LTE,410,4,50010,1095950,-1,71.4976,30.2096,1000,17,1,1784611140,1784649554,0
LTE,410,1,55583,48231170,-1,71.5004,30.2097,1000,7,1,1784611150,1788603244,0
LTE,410,1,55583,48231180,-1,71.498,30.2096,1000,7,1,1784611161,1784649554,0
LTE,410,1,55582,33287681,-1,71.4967,30.2096,1000,15,1,1784611200,1788603244,0
LTE,410,1,55582,110087781,-1,71.494,30.2096,1000,4,1,1784611223,1784649554,0
LTE,410,4,50010,1095952,-1,71.4914,30.2098,1000,10,1,1784611233,1788603244,0
LTE,410,1,55582,110087783,-1,71.4896,30.21,1000,13,1,1784611243,1784649554,0
LTE,410,1,55582,110116197,-1,71.4876,30.2102,1000,3,1,1784611289,1784649554,0
LTE,410,1,55582,35430914,-1,71.4847,30.2108,1000,9,1,1784611318,1788603244,0
LTE,410,1,55582,34146049,-1,71.482,30.2108,1000,13,1,1784611350,1788603244,0
LTE,410,4,50010,11125007,-1,71.4771,30.2097,1000,3,1,1784611419,1784649554,0
LTE,410,4,50011,1784309,-1,71.4722,30.2114,1000,20,1,1784611509,1788603244,0
LTE,410,4,50011,1784315,-1,71.4736,30.2103,725,38,1,1784611525,1788587461,0
LTE,410,1,55931,59824170,-1,71.4722,30.2103,1000,4,1,1784611542,1788603244,0
LTE,410,1,55931,110949989,-1,71.4725,30.2131,1000,19,1,1784611556,1784800383,0
LTE,410,4,50011,1784316,-1,71.4725,30.2162,590,34,1,1784611656,1788603244,0
GSM,410,1,931,32125,-1,71.4742,30.2175,1000,6,1,1784611674,1784649555,0
GSM,410,1,931,12125,-1,71.4743,30.2179,1000,4,1,1784611685,1784649555,0
LTE,410,4,50011,1784314,-1,71.475,30.2194,1000,23,1,1784611700,1788603244,0
LTE,410,1,55931,34462220,-1,71.4756,30.2208,1000,4,1,1784611730,1784649555,0
LTE,410,1,55931,111262310,-1,71.4754,30.2201,1000,17,1,1784611750,1784800383,0
LTE,410,4,50011,1348603,-1,71.4761,30.223,1116,36,1,1784611750,1788603245,0
LTE,410,1,55931,111262309,-1,71.4778,30.226,1000,17,1,1784611782,1784800383,0
LTE,410,4,50011,1348604,-1,71.4436,30.2518,4325,21,1,1784611862,1788603245,0
LTE,410,4,50011,1348602,-1,71.4812,30.2334,1000,20,1,1784611953,1788603245,0
LTE,410,1,55928,46207746,-1,71.4872,30.1895,1000,9,1,1784759641,1788587461,0
LTE,410,4,50009,2045703,-1,71.4868,30.1902,1000,3,1,1784759641,1784800381,0
LTE,410,4,50010,1094662,-1,71.4864,30.1914,1000,5,1,1784759660,1784800381,0
LTE,410,4,50010,10990597,-1,71.4854,30.193,1000,4,1,1784759691,1784800381,0
LTE,410,4,50010,10990596,-1,71.4844,30.1943,1000,4,1,1784759711,1784800381,0
LTE,410,1,55928,110309477,-1,71.4835,30.1955,1000,4,1,1784759730,1784800381,0
LTE,410,4,50010,10990598,-1,71.4835,30.1955,1000,4,1,1784759730,1784800381,0
LTE,410,1,55928,110207847,-1,71.4824,30.1963,1000,2,1,1784759750,1784800381,0
LTE,410,4,50010,1207812,-1,71.4816,30.1966,1000,6,1,1784759750,1784800381,0
LTE,410,1,55928,110309479,-1,71.4809,30.197,1000,6,1,1784759760,1784800381,0
LTE,410,1,55928,110946663,-1,71.4796,30.1977,1000,1,1,1784759820,1784759820,0
LTE,410,4,50010,11107332,-1,71.4794,30.1982,1000,5,1,1784759830,1788587461,0
LTE,410,1,55589,110942821,-1,71.4792,30.1984,1000,4,1,1784759830,1784800381,0
LTE,410,4,50010,1349893,-1,71.4792,30.1993,1000,8,1,1784759860,1788587461,0
LTE,410,1,55582,110290278,-1,71.478,30.2008,1000,12,1,1784759860,1784800381,0
LTE,410,4,50010,1349903,-1,71.4787,30.2002,1000,2,1,1784759890,1784800381,0
LTE,410,4,50010,1349894,-1,71.4773,30.2015,1000,7,1,1784759901,1784800381,0
LTE,410,1,55582,110321254,-1,71.4746,30.2023,1000,7,1,1784759940,1784800381,0
LTE,410,4,50011,10267141,-1,71.4752,30.2019,1000,3,1,1784759940,1784800381,0
LTE,410,1,55582,110321253,-1,71.4726,30.2058,1000,16,1,1784759981,1784800381,0
LTE,410,4,50011,1144591,-1,71.4717,30.2123,1000,3,1,1784760141,1784800381,0
LTE,410,4,50011,1784076,-1,71.4743,30.218,1000,9,1,1784760191,1784800382,0
LTE,410,4,50011,1355787,-1,71.4758,30.2214,1000,8,1,1784760231,1784800382,0
LTE,410,4,50011,10567936,-1,71.4823,30.2389,1000,3,1,1784760460,1784800382,0
LTE,410,1,55583,59616554,-1,71.4831,30.2406,1000,3,1,1784760480,1784800382,0
LTE,410,1,55383,35296022,-1,71.4829,30.2544,1000,4,1,1784772715,1784800382,0
LTE,410,1,55383,33965077,-1,71.4818,30.251,1000,15,1,1784772801,1786536061,0
LTE,410,1,55583,33964055,-1,71.4819,30.2507,1000,10,1,1784772831,1786536061,0
LTE,410,1,55583,59616555,-1,71.4825,30.2392,1000,16,1,1784773428,1787664786,0
LTE,410,1,55931,34462229,-1,71.4773,30.2251,1000,11,1,1784773652,1788603244,0
LTE,410,4,50010,1349127,-1,71.4728,30.213,1000,2,1,1784773798,1784800383,0
LTE,410,1,55582,110290279,-1,71.4746,30.2129,1000,2,1,1784773835,1784800383,0
LTE,410,1,55931,59824160,-1,71.4735,30.2123,1000,6,1,1784773961,1784800383,0
LTE,410,1,55931,59824159,-1,71.4719,30.2121,1000,1,1,1784774114,1784774114,0
LTE,410,1,55931,34224151,-1,71.4723,30.2144,1000,17,1,1784774264,1788603244,0
LTE,410,1,55931,33362966,-1,71.4739,30.2171,1000,3,1,1784774344,1784800384,0
LTE,410,1,55931,33362965,-1,71.4743,30.218,1000,11,1,1784774364,1788603244,0
LTE,410,1,55931,34462230,-1,71.4758,30.2215,1000,22,1,1784774384,1788603244,0
LTE,410,4,50011,10567940,-1,71.4822,30.2389,1000,3,1,1784774968,1784800384,0
LTE,410,1,55583,59616553,-1,71.4831,30.2407,1000,5,1,1784774998,1787664786,0
LTE,410,1,55583,46816523,-1,71.4838,30.2421,1000,3,1,1784775008,1784800384,0
UMTS,410,4,43601,28543638,116,71.4851,30.2546,1000,1,1,1784778008,1784778008,0
LTE,410,1,55595,59779618,-1,71.8692,30.408,1000,9,1,1785231500,1785268021,0
LTE,410,4,50025,1516289,-1,71.8694,30.4081,1000,8,1,1785231500,1785268021,0
LTE,410,1,55595,59779626,-1,71.8665,30.4069,1000,6,1,1785231610,1785268021,0
LTE,410,1,55595,59779627,-1,71.8648,30.4061,1000,3,1,1785231680,1785268021,0
LTE,410,1,55595,59779628,-1,71.8665,30.4039,1000,4,1,1785231700,1785268022,0
LTE,410,1,55595,59779638,-1,71.864,30.4056,1000,1,1,1785231710,1785231710,0
LTE,410,1,55595,34276119,-1,71.8634,30.4053,1000,2,1,1785231720,1785268022,0
LTE,410,1,55595,33303815,-1,71.8628,30.4044,1000,10,1,1785231880,1785268022,0
LTE,410,1,55595,48228610,-1,71.8618,30.4042,1000,2,1,1785232070,1785268022,0
LTE,410,4,50025,1573642,-1,71.8617,30.4041,1000,8,1,1785232080,1785268022,0
LTE,410,1,55595,33303830,-1,71.8618,30.4042,1000,3,1,1785232090,1785268022,0
LTE,410,4,50025,1779968,-1,71.8277,30.4242,12779,8,1,1785232920,1785268026,0
LTE,410,1,55595,33303829,-1,71.8626,30.4046,1000,3,1,1785233690,1785268022,0
LTE,410,4,50025,11240704,-1,71.855,30.4111,1000,13,1,1785234220,1785268022,0
LTE,410,1,55595,48228629,-1,71.8572,30.41,1000,4,1,1785234230,1785268022,0
LTE,410,4,50025,1573644,-1,71.8572,30.41,1000,4,1,1785234230,1785268022,0
LTE,410,4,50025,11240706,-1,71.8492,30.4151,1000,14,1,1785234340,1785268023,0
LTE,410,4,50025,10835457,-1,71.8195,30.4427,1000,21,1,1785234790,1785268023,0
LTE,410,1,55937,35759628,-1,71.8053,30.4589,1000,3,1,1785235020,1785268024,0
LTE,410,4,50025,1676033,-1,71.6984,30.4212,1192,50,1,1785236080,1788694624,0
LTE,410,4,50025,1678336,-1,71.7141,30.4843,1000,1,1,1785236600,1785236600,0
GSM,410,4,3302,42793,-1,71.7162,30.4844,1000,4,1,1785238206,1788694625,0
GSM,410,4,3005,49733,-1,71.7168,30.4846,1000,1,1,1785238570,1785238570,0
UMTS,410,4,43602,28588653,210,71.7141,30.4844,1000,1,1,1785245510,1785245510,0
LTE,410,4,3011,127739,-1,67.0025,30.1867,1000,1,1,1785311755,1785311755,0
LTE,410,3,11107,36419075,-1,67.0025,30.1867,1000,1,1,1785311755,1785311755,0
LTE,410,4,55937,33390093,-1,71.7124,30.4825,1000,1,1,1785319783,1785319783,0
LTE,410,1,55594,34863115,-1,71.6878,30.4032,1000,14,1,1785389686,1786726562,0
LTE,410,1,55594,34863125,-1,71.6865,30.4031,1133,11,1,1785389733,1788694622,0
LTE,410,1,55584,34862850,-1,71.6004,30.3953,1000,6,1,1785390520,1785412026,0
LTE,410,1,55383,35760661,-1,71.5389,30.3557,1000,2,1,1785390994,1785412027,0
LTE,410,1,55383,35760663,-1,71.5335,30.3488,896,32,1,1785391004,1785412027,0
LTE,410,1,55383,35363587,-1,71.5183,30.3245,1000,7,1,1785391334,1788085927,0
LTE,410,1,55383,35450371,-1,71.515,30.3135,1000,4,1,1785391454,1785412028,0
LTE,410,1,55588,34144023,-1,71.4415,30.1902,1000,5,1,1785395123,1785416161,0
LTE,410,1,55774,35664917,-1,71.4414,30.1893,1000,1,1,1785395133,1785395133,0
LTE,410,1,55774,35561238,-1,71.4416,30.1913,1000,2,1,1785395163,1785416161,0
LTE,410,1,55774,35561237,-1,71.4416,30.1922,1000,4,1,1785395173,1785416161,0
LTE,410,4,50011,1784827,-1,71.4561,30.2011,935,36,1,1785395273,1788318541,0
LTE,410,4,50011,1784826,-1,71.4672,30.2094,1000,12,1,1785395513,1788587461,0
LTE,410,1,55931,35242252,-1,71.4701,30.2165,1000,2,1,1785395783,1785416162,0
LTE,410,1,55931,33362958,-1,71.4702,30.2169,1000,1,1,1785395793,1785395793,0
LTE,410,1,55584,34331404,-1,71.7641,30.5245,1000,4,1,1785545851,1785571081,0
LTE,410,4,50025,10838016,-1,71.7451,30.5535,634,42,1,1785546221,1788694681,0
LTE,410,4,5015,2262785,-1,73.3791,34.4704,1000,3,1,1785440217,1785611101,0
LTE,410,4,5015,2292483,-1,73.379,34.47,1000,1,1,1785440232,1785440232,0
LTE,410,3,12217,29359146,-1,73.3791,34.4703,1000,5,1,1785440222,1785611101,0
LTE,410,3,12217,28754946,-1,73.2108,34.3085,1000,7,1,1785554404,1785611101,0
LTE,410,4,5015,13668886,-1,73.2135,34.3063,1000,1,1,1785554404,1785554404,0
LTE,410,3,12217,29303553,-1,73.2137,34.3075,1000,7,1,1785555842,1785611101,0
LTE,410,4,5015,13668866,-1,73.2136,34.3075,1000,7,1,1785555842,1785611101,0
LTE,410,4,5015,13668867,-1,73.2117,34.3087,1000,1,1,1785555930,1785555930,0
LTE,410,4,5015,13025537,-1,73.2115,34.3092,1000,2,1,1785555936,1785611101,0
LTE,410,4,5015,13668887,-1,73.2109,34.3101,1000,1,1,1785556468,1785556468,0
LTE,410,3,12217,28754945,-1,73.2093,34.3092,1000,7,1,1785556478,1785611101,0
LTE,410,4,5015,13025557,-1,73.2097,34.3096,1000,5,1,1785556478,1785611101,0
LTE,410,4,5015,13025558,-1,73.2083,34.3081,1000,4,1,1785556525,1785611101,0
LTE,410,4,5015,13844739,-1,73.1981,34.3222,1000,4,1,1785557477,1785611101,0
LTE,410,3,12217,54493187,-1,73.1972,34.3226,1000,7,1,1785557477,1785611101,0
LTE,410,4,5015,2478349,-1,73.1963,34.3231,1000,2,1,1785557517,1785611101,0
LTE,410,4,5015,2478339,-1,73.1954,34.3235,1000,1,1,1785557532,1785557532,0
LTE,410,4,5015,2478337,-1,73.1948,34.3238,1000,1,1,1785557537,1785557537,0
LTE,410,3,12217,29087745,-1,73.1948,34.3238,1000,1,1,1785557537,1785557537,0
LTE,410,4,5015,2478358,-1,73.1936,34.3243,1000,3,1,1785557552,1785611102,0
LTE,410,3,12217,28793089,-1,73.193,34.3246,1000,5,1,1785557552,1785611102,0
LTE,410,4,5015,13039718,-1,73.1923,34.325,1000,1,1,1785557567,1785557567,0
LTE,410,4,5015,2481686,-1,73.1915,34.3253,1000,2,1,1785557573,1785611102,0
LTE,410,3,12217,28556882,-1,73.1913,34.3254,1000,1,1,1785557578,1785557578,0
LTE,410,3,12217,28556802,-1,73.1898,34.3263,1000,5,1,1785557583,1785611102,0
LTE,410,4,5015,13098518,-1,73.1887,34.3284,1000,12,1,1785557588,1785611162,0
LTE,410,4,5015,2481696,-1,73.1899,34.3261,1000,1,1,1785557593,1785557593,0
LTE,410,3,12217,28556803,-1,73.1887,34.3276,1000,2,1,1785557629,1785611102,0
LTE,410,3,12217,28556801,-1,73.1881,34.3318,1000,17,1,1785557639,1785611162,0
LTE,410,4,5015,13098527,-1,73.1881,34.3318,1000,3,1,1785557739,1785611162,0
LTE,410,4,5015,13098517,-1,73.1879,34.3333,1000,3,1,1785557764,1785611162,0
LTE,410,4,5015,13098519,-1,73.1877,34.3354,1000,6,1,1785557790,1785611162,0
LTE,410,3,12217,29084417,-1,73.1876,34.3361,1000,3,1,1785557831,1785611162,0
LTE,410,4,5015,13351772,-1,73.1875,34.3359,1000,2,1,1785557831,1785611162,0
LTE,410,3,12217,29084497,-1,73.1883,34.3369,1000,2,1,1785557847,1785611162,0
LTE,410,4,5015,2072845,-1,73.1886,34.3371,1000,1,1,1785557852,1785557852,0
LTE,410,4,5015,2175501,-1,73.1915,34.338,1000,6,1,1785557857,1785611162,0
LTE,410,3,12217,28866562,-1,73.1931,34.3384,1000,9,1,1785557857,1785611162,0
LTE,410,3,12217,28558595,-1,73.1975,34.3443,1000,15,1,1785557911,1785611162,0
LTE,410,4,5015,13628417,-1,73.1968,34.3409,1000,1,1,1785557963,1785557963,0
LTE,410,3,12217,28556289,-1,73.1976,34.3434,1000,8,1,1785557978,1785611162,0
LTE,410,4,5015,13351938,-1,73.1974,34.342,1000,1,1,1785557979,1785557979,0
LTE,410,4,5015,2175489,-1,73.1978,34.3443,1000,4,1,1785557984,1785611162,0
LTE,410,4,5015,13294595,-1,73.1976,34.3438,1000,4,1,1785558004,1785611162,0
LTE,410,4,5015,13198924,-1,73.1978,34.3455,1000,2,1,1785558036,1785611162,0
LTE,410,4,5015,2481922,-1,73.1981,34.3462,1000,1,1,1785558051,1785558051,0
LTE,410,4,5015,2481921,-1,73.1979,34.3474,1000,2,1,1785558067,1785611162,0
LTE,410,4,5015,2481931,-1,73.1984,34.3475,1000,3,1,1785558082,1785611162,0
LTE,410,3,12217,28558593,-1,73.1972,34.3488,1000,4,1,1785558154,1785611162,0
LTE,410,4,5015,13198925,-1,73.1971,34.3485,1000,2,1,1785558154,1785611162,0
LTE,410,4,5015,13198926,-1,73.1973,34.3491,1000,2,1,1785560146,1785611162,0
LTE,410,3,17013,36382221,-1,67.1037,24.9483,1000,1,1,1785660703,1785660703,0
LTE,410,3,17013,36808194,-1,67.1026,24.9467,1000,13,1,1785660713,1788191281,0
LTE,410,3,17013,36366593,-1,67.0993,24.9448,1000,2,1,1785660758,1785681721,0
LTE,410,3,17013,36683778,-1,67.0976,24.9427,1000,21,1,1785660769,1788191281,0
LTE,410,3,17013,36484611,-1,67.0999,24.9401,1000,11,1,1785660839,1788191281,0
LTE,410,3,17013,36484610,-1,67.103,24.939,500,25,1,1785660870,1788191281,0
LTE,410,3,17013,36472065,-1,67.1048,24.9354,1000,21,1,1785660910,1788191281,0
LTE,410,3,17013,36472066,-1,67.1063,24.9334,1000,4,1,1785660940,1788191281,0
LTE,410,3,17013,36961025,-1,67.1069,24.9341,1103,6,1,1785660960,1788191281,0
LTE,410,3,17013,36391425,-1,67.1084,24.9292,1000,6,1,1785660981,1788191281,0
LTE,410,3,17013,36391426,-1,67.1098,24.9268,1000,10,1,1785661021,1788191281,0
LTE,410,3,17013,36459265,-1,67.1054,24.9241,1000,7,1,1785661071,1788191281,0
LTE,410,3,17013,37428739,-1,67.1042,24.9231,1000,1,1,1785661102,1785661102,0
LTE,410,3,17013,36459267,-1,67.1016,24.9211,1000,10,1,1785661127,1785681722,0
LTE,410,3,17014,36370177,-1,67.0975,24.9187,1000,6,1,1785661203,1785689342,0
LTE,410,3,17014,37379585,-1,67.0972,24.9178,1000,1,1,1785661228,1785661228,0
LTE,410,3,17014,36370179,-1,67.0986,24.9166,1000,7,1,1785661233,1785913202,0
LTE,410,3,17014,36386818,-1,67.0962,24.9188,1000,9,1,1785661238,1785913202,0
LTE,410,3,17014,37045250,-1,67.0951,24.9162,1000,3,1,1785661243,1785681722,0
LTE,410,3,17014,36386049,-1,67.0912,24.9133,1000,1,1,1785661288,1785661288,0
LTE,410,3,17014,37379586,-1,67.0887,24.9116,1000,6,1,1785661298,1785681723,0
LTE,410,3,17014,37061377,-1,67.085,24.9091,1000,5,1,1785661328,1785681723,0
LTE,410,3,17015,36468482,-1,67.0806,24.9057,1000,3,1,1785661389,1785681723,0
LTE,410,3,17015,36631553,-1,67.079,24.9048,1000,6,1,1785661551,1785681723,0
LTE,410,6,10263,220333413,-1,67.0776,24.9014,1000,6,1,1785661616,1785681723,0
LTE,410,3,17015,36355331,-1,67.0752,24.9019,1000,5,1,1785661651,1785681723,0
LTE,410,3,17015,36355330,-1,67.0759,24.9027,1000,1,1,1785661657,1785661657,0
LTE,410,3,17015,36462849,-1,67.075,24.9,1000,4,1,1785661697,1785681723,0
LTE,410,3,17015,36462850,-1,67.0768,24.8984,1000,4,1,1785661722,1785681723,0
LTE,410,3,17015,36391681,-1,67.079,24.8968,1000,1,1,1785661757,1785661757,0
LTE,410,3,17015,36391692,-1,67.0797,24.8961,1000,2,1,1785661768,1785681723,0
LTE,410,3,17015,36391702,-1,67.0804,24.8943,1000,4,1,1785661778,1785681723,0
LTE,410,3,17017,36692481,-1,67.0819,24.8924,1000,3,1,1785661798,1785681723,0
LTE,410,3,17017,36466691,-1,67.0851,24.8909,1000,7,1,1785661818,1785681723,0
LTE,410,3,17017,36433409,-1,67.088,24.8872,1000,6,1,1785661859,1785681723,0
LTE,410,3,17017,36433410,-1,67.0902,24.884,1000,3,1,1785661889,1785681723,0
LTE,410,3,37030,36493315,-1,67.0914,24.8824,1000,2,1,1785661909,1785681723,0
LTE,410,3,37030,36493314,-1,67.0943,24.8781,1000,11,1,1785661920,1785681723,0
LTE,410,3,37030,36451586,-1,67.0966,24.8746,1000,14,1,1785661975,1785914762,0
LTE,410,3,37030,36451587,-1,67.0914,24.8721,1000,12,1,1785662048,1785914762,0
LTE,410,3,17030,36929281,-1,67.0886,24.8704,1000,9,1,1785662083,1785914762,0
LTE,410,3,17030,36929283,-1,67.0859,24.8682,1000,9,1,1785662098,1785914762,0
LTE,410,3,17030,36353026,-1,67.0844,24.8678,1000,9,1,1785662118,1785914762,0
LTE,410,3,17030,36353027,-1,67.0837,24.8657,1000,16,1,1785662139,1785914762,0
LTE,410,3,17030,36632066,-1,67.0839,24.8656,1000,5,1,1785662164,1785914762,0
LTE,410,3,17030,36632067,-1,67.0861,24.8636,1000,4,1,1785662179,1785914762,0
LTE,410,3,17030,37102595,-1,67.087,24.8625,1000,8,1,1785662189,1785914762,0
LTE,410,3,17030,37422338,-1,67.0813,24.864,1000,5,1,1785662336,1785689341,0
LTE,410,3,17030,36452097,-1,67.0802,24.8624,1000,7,1,1785662356,1785689341,0
LTE,410,3,17030,37422339,-1,67.0795,24.8607,1000,8,1,1785662366,1785689341,0
LTE,410,3,17030,36446465,-1,67.0758,24.8611,1000,3,1,1785662421,1785681723,0
LTE,410,3,17030,36446466,-1,67.076,24.8601,1000,11,1,1785662447,1785689341,0
LTE,410,3,17030,36492546,-1,67.0718,24.8559,1000,10,1,1785662517,1785681723,0
LTE,410,3,17030,36492545,-1,67.0704,24.8567,1000,1,1,1785662583,1785662583,0
LTE,410,3,17030,36492547,-1,67.0709,24.8558,1000,2,1,1785662599,1785681723,0
LTE,410,3,17030,36400130,-1,67.0726,24.8535,1000,1,1,1785662690,1785662690,0
LTE,410,3,17030,36456450,-1,67.0757,24.8546,1000,14,1,1785662750,1785689341,0
LTE,410,3,17030,36456449,-1,67.0748,24.8543,1000,1,1,1785683861,1785683861,0
LTE,410,3,17030,36681475,-1,67.0783,24.8553,1000,4,1,1785684156,1785689341,0
LTE,410,3,17030,36681473,-1,67.0804,24.8564,1000,4,1,1785684341,1785689341,0
LTE,410,3,17030,36409347,-1,67.0823,24.8573,1000,1,1,1785684477,1785684477,0
LTE,410,3,17030,36452099,-1,67.0815,24.8596,1000,3,1,1785684557,1785689341,0
LTE,410,3,17030,36353037,-1,67.082,24.8677,1000,4,1,1785684797,1785689341,0
LTE,410,3,17030,36353025,-1,67.0814,24.8689,1000,1,1,1785684817,1785684817,0
LTE,410,3,17030,36632065,-1,67.0804,24.8677,1000,2,1,1785684837,1785689341,0
LTE,410,3,37030,36465923,-1,67.1019,24.8767,1000,6,1,1785685078,1785914762,0
LTE,410,3,37030,36465922,-1,67.1059,24.8787,1000,7,1,1785685098,1785914762,0
LTE,410,3,37030,36502275,-1,67.11,24.8809,1000,14,1,1785685143,1785914762,0
LTE,410,3,37030,36502274,-1,67.1185,24.885,1000,24,1,1785685198,1785914762,0
LTE,410,3,17031,36403713,-1,67.1236,24.8893,1000,23,1,1785685303,1785914761,0
LTE,410,3,37030,37072898,-1,67.1199,24.8948,1000,13,1,1785685403,1785914761,0
LTE,410,3,37030,37072897,-1,67.1174,24.8985,1000,9,1,1785685538,1785914761,0
LTE,410,3,37030,37072129,-1,67.1161,24.9011,1000,6,1,1785685578,1785914761,0
LTE,410,3,37033,36636438,-1,67.1138,24.9041,1000,16,1,1785685598,1785914761,0
LTE,410,3,37033,36636448,-1,67.1123,24.9062,1000,3,1,1785685663,1785914761,0
LTE,410,3,37033,36636419,-1,67.11,24.9079,1000,3,1,1785685678,1785914761,0
LTE,410,3,37033,36636417,-1,67.1088,24.9088,1000,4,1,1785685698,1785914761,0
LTE,410,3,37033,36378114,-1,67.1077,24.9095,1000,4,1,1785685718,1785914761,0
LTE,410,3,37033,36378113,-1,67.1045,24.9121,1000,15,1,1785685738,1785914761,0
LTE,410,3,17014,36370178,-1,67.1022,24.9138,1000,18,1,1785685879,1785914761,0
LTE,410,3,17014,36386817,-1,67.0942,24.9212,1000,5,1,1785685999,1785913202,0
LTE,410,3,17014,37048322,-1,67.0929,24.9229,1000,9,1,1785686019,1785913202,0
LTE,410,3,17014,37048321,-1,67.0916,24.9246,1000,6,1,1785686044,1785913202,0
LTE,410,3,17014,37048441,-1,67.0912,24.9254,1000,4,1,1785686079,1785689342,0
LTE,410,3,17014,36399107,-1,67.0934,24.9258,1000,6,1,1785686159,1785913202,0
LTE,410,3,17014,36399115,-1,67.0953,24.9273,1000,6,1,1785686264,1785913202,0
LTE,410,3,17014,36399105,-1,67.0972,24.9288,1000,9,1,1785686299,1785913202,0
LTE,410,3,17013,36471811,-1,67.0989,24.9302,1000,5,1,1785686384,1785913202,0
LTE,410,3,17013,37380866,-1,67.1001,24.9311,1000,5,1,1785686405,1785913202,0
LTE,410,3,17013,36472067,-1,67.1024,24.9329,1000,15,1,1785686440,1785913202,0
LTE,410,3,17013,36484609,-1,67.0996,24.9403,1000,5,1,1785686640,1788191281,0
LTE,410,3,17013,36962681,-1,67.1067,24.9441,1000,1,1,1785686820,1785686820,0
LTE,410,3,17013,36391545,-1,67.107,24.9444,1000,2,1,1785686840,1785689342,0
LTE,410,3,17013,36382331,-1,67.1044,24.9463,1000,6,1,1785686880,1785911881,0
LTE,410,3,17013,36382251,-1,67.1045,24.9465,1000,4,1,1785687281,1785689342,0
LTE,410,3,17013,36808274,-1,67.1042,24.9465,1000,3,1,1785687971,1785689881,0
LTE,410,3,17013,36382211,-1,67.1035,24.9467,1000,7,1,1785688122,1785690121,0
LTE,410,1,55281,59759392,-1,71.6348,29.5821,1000,4,1,1785709033,1785729121,0
LTE,410,1,55281,58991670,-1,71.6364,29.5813,1000,4,1,1785709042,1785729121,0
LTE,410,4,50024,10781196,-1,71.6372,29.581,1000,7,1,1785709042,1785729121,0
LTE,410,1,55281,59759670,-1,71.6369,29.581,1000,7,1,1785709062,1788152417,0
LTE,410,4,50024,10781963,-1,71.6512,29.5669,1008,19,1,1785709141,1788152420,0
LTE,410,1,55281,35348993,-1,71.6512,29.559,1000,3,1,1785709252,1785729121,0
LTE,410,4,50009,1364228,-1,71.5101,30.1773,1000,4,1,1785735284,1785756181,0
LTE,410,4,50009,1107718,-1,71.5109,30.1832,1000,12,1,1785735343,1785756181,0
LTE,410,4,50010,11389189,-1,71.5109,30.1867,1000,5,1,1785735383,1785756182,0
LTE,410,1,55929,34112791,-1,71.5155,30.1945,1000,15,1,1785735443,1785756182,0
LTE,410,1,55929,35266070,-1,71.5159,30.1984,1000,4,1,1785735503,1785756182,0
LTE,410,1,55590,48107798,-1,71.5158,30.2022,1000,10,1,1785735513,1785756182,0
LTE,410,1,55590,33384470,-1,71.5159,30.2016,1000,4,1,1785735523,1785756182,0
LTE,410,1,55590,46941207,-1,71.5147,30.213,1000,9,1,1785735673,1785756182,0
LTE,410,4,50010,1618182,-1,71.5148,30.2125,1000,6,1,1785735673,1785756182,0
LTE,410,4,50010,1618181,-1,71.5146,30.2146,1000,6,1,1785735723,1785756182,0
LTE,410,1,55590,33787419,-1,71.5146,30.2149,1000,2,1,1785735743,1785756182,0
LTE,410,1,55590,35251734,-1,71.5149,30.2173,1000,12,1,1785735753,1785756182,0
LTE,410,4,50010,1618183,-1,71.515,30.2173,1000,8,1,1785735763,1785756182,0
LTE,410,4,50010,1607818,-1,71.5151,30.2197,1000,5,1,1785735823,1785756182,0
LTE,410,1,55590,35251735,-1,71.5151,30.2208,1000,7,1,1785735833,1785756182,0
LTE,410,4,50010,1607813,-1,71.5151,30.221,1000,2,1,1785735853,1785756182,0
LTE,410,1,55583,59528470,-1,71.5152,30.2235,1000,6,1,1785735883,1785756182,0
LTE,410,4,50010,11024384,-1,71.5154,30.2246,1000,5,1,1785735913,1785756182,0
LTE,410,1,55583,59528471,-1,71.5156,30.2287,1000,20,1,1785735983,1785756182,0
LTE,410,1,55583,33498901,-1,71.5158,30.228,1000,3,1,1785736033,1785756182,0
LTE,410,1,55583,33928727,-1,71.5155,30.2346,1000,5,1,1785736123,1785756183,0
LTE,410,4,50011,1991685,-1,71.5155,30.2341,1000,6,1,1785736123,1785756182,0
LTE,410,1,55583,33725717,-1,71.5155,30.2361,1000,8,1,1785736133,1785756183,0
LTE,410,4,50011,1991694,-1,71.5155,30.2365,1000,8,1,1785736143,1785756183,0
LTE,410,1,55583,33326870,-1,71.5154,30.2399,1000,8,1,1785736183,1785756183,0
LTE,410,4,50011,1991684,-1,71.5154,30.2399,1000,8,1,1785736183,1785756183,0
LTE,410,4,50011,10826244,-1,71.5154,30.2416,1000,1,1,1785736233,1785736233,0
LTE,410,4,50009,11230722,-1,71.4947,30.053,1485,50,1,1785823692,1788603241,0
LTE,410,1,55919,35448841,-1,71.4946,30.0703,1000,16,1,1785823903,1788603241,0
LTE,410,4,50009,11230720,-1,71.4946,30.0706,934,40,1,1785823903,1788603241,0
LTE,410,4,50009,1642240,-1,71.4941,30.0906,923,42,1,1785824011,1788603241,0
LTE,410,4,50009,10883842,-1,71.4931,30.1247,1000,10,1,1785824279,1788603242,0
LTE,410,4,50009,11455745,-1,71.493,30.1283,1000,6,1,1785824300,1785845462,0
LTE,410,1,55585,35613442,-1,71.4925,30.1431,1000,5,1,1785824541,1788318544,0
LTE,410,1,55585,60002849,-1,71.4946,30.1463,1000,3,1,1785824641,1785845463,0
LTE,410,1,55585,35613443,-1,71.4968,30.1492,1000,8,1,1785824661,1785845463,0
UMTS,410,4,43601,28573222,280,71.5048,30.1671,1000,3,1,1785824811,1785845463,0
UMTS,410,4,43601,28542188,277,71.5055,30.1682,1000,3,1,1785824821,1785845463,0
LTE,410,1,55927,34462723,-1,71.5069,30.1705,1000,14,1,1785824831,1788603243,0
LTE,410,1,55927,34462729,-1,71.5081,30.1724,1000,4,1,1785824871,1788603243,0
LTE,410,1,55927,34462721,-1,71.5087,30.1735,1000,10,1,1785824881,1788603243,0
LTE,410,1,55927,34462727,-1,71.5105,30.1738,1000,8,1,1785825021,1785845463,0
LTE,410,1,55927,35433219,-1,71.5104,30.1759,1000,10,1,1785825241,1788603243,0
LTE,410,1,55927,35433225,-1,71.5128,30.1777,1000,5,1,1785825261,1785845463,0
LTE,410,4,50009,11391746,-1,71.5133,30.1795,1000,6,1,1785825271,1785845463,0
LTE,410,1,55927,33388290,-1,71.5132,30.1791,1000,3,1,1785825281,1785845463,0
LTE,410,4,50009,1107713,-1,71.5133,30.1795,1000,5,1,1785825281,1785845463,0
LTE,410,1,55927,33388289,-1,71.513,30.1823,1000,6,1,1785825291,1788603243,0
LTE,410,4,50009,1107712,-1,71.5142,30.1823,1000,6,1,1785825311,1785845463,0
LTE,410,1,55927,34459906,-1,71.5119,30.1844,1000,12,1,1785825321,1788603243,0
LTE,410,4,50010,11389185,-1,71.5144,30.1853,1000,24,1,1785825351,1785845464,0
LTE,410,1,55929,34138370,-1,71.5155,30.1855,1000,15,1,1785825361,1785845464,0
LTE,410,1,55927,58927923,-1,71.5157,30.1849,1000,3,1,1785825371,1785845463,0
LTE,410,1,55927,34459911,-1,71.5123,30.1851,1000,6,1,1785825461,1785845464,0
LTE,410,1,55927,34459905,-1,71.5113,30.1878,1000,19,1,1785825531,1788603243,0
LTE,410,4,50009,1787658,-1,71.511,30.1865,1000,2,1,1785825531,1785845464,0
LTE,410,3,17013,36807291,-1,67.1037,24.947,1000,3,1,1785909541,1788191281,0
LTE,410,3,17013,36807170,-1,67.1051,24.9457,1000,1,1,1785910257,1785910257,0
LTE,410,3,17013,36807180,-1,67.1056,24.9442,1000,7,1,1785910262,1785913201,0
LTE,410,3,17013,36366594,-1,67.1034,24.9408,1000,1,1,1785910419,1785910419,0
LTE,410,3,37030,37072130,-1,67.1164,24.9001,1000,2,1,1785911672,1785914761,0
LTE,410,3,37030,36498690,-1,67.1183,24.885,1000,2,1,1785911884,1785914761,0
LTE,410,3,37030,36498691,-1,67.1188,24.8858,1000,1,1,1785911894,1785911894,0
LTE,410,3,17030,37102594,-1,67.0896,24.8583,1000,7,1,1785912303,1785914762,0
LTE,410,3,17025,36929795,-1,67.0895,24.8509,1000,6,1,1785912353,1785914762,0
LTE,410,3,17030,36495618,-1,67.0888,24.8475,1000,1,1,1785912395,1785912395,0
LTE,410,3,17030,36495738,-1,67.0877,24.8461,1000,2,1,1785912400,1785914762,0
LTE,410,3,17030,62748794,-1,67.087,24.8454,1000,2,1,1785912405,1785914762,0
LTE,410,3,17030,62748795,-1,67.0845,24.8438,1000,1,1,1785912436,1785912436,0
LTE,410,3,17038,36492034,-1,67.0832,24.8412,1000,4,1,1785912447,1785914762,0
LTE,410,3,17038,36380162,-1,67.0815,24.8364,1000,5,1,1785912482,1785914762,0
LTE,410,3,17038,36399873,-1,67.0799,24.8322,1000,6,1,1785912522,1785914762,0
LTE,410,3,17038,36399875,-1,67.0746,24.8309,1000,7,1,1785912603,1785914762,0
LTE,410,3,17038,62745602,-1,67.0747,24.8313,1000,1,1,1785912674,1785912674,0
LTE,410,3,17038,36391170,-1,67.0748,24.8308,1000,1,1,1785912690,1785912690,0
LTE,410,3,17038,36387330,-1,67.0742,24.8283,1000,5,1,1785912720,1785914762,0
LTE,410,3,17038,36387331,-1,67.0745,24.8276,1000,1,1,1785912786,1785912786,0
LTE,410,3,17038,37033986,-1,67.0716,24.8245,1000,4,1,1785912821,1785914762,0
LTE,410,3,17024,37087745,-1,67.0705,24.8233,1000,3,1,1785912841,1785914762,0
LTE,410,3,17024,37087746,-1,67.0688,24.8216,1000,4,1,1785912856,1785914762,0
LTE,410,3,17024,37087747,-1,67.0677,24.8205,1000,1,1,1785912876,1785912876,0
LTE,410,3,17024,36357634,-1,67.0669,24.8195,1000,2,1,1785912881,1785914762,0
LTE,410,3,17024,37082370,-1,67.0652,24.8178,1000,6,1,1785912896,1785914881,0
LTE,410,3,17024,37082371,-1,67.063,24.8154,1000,3,1,1785912982,1785914881,0
LTE,410,3,37024,36734465,-1,67.0603,24.8126,1000,6,1,1785913002,1785914881,0
LTE,410,3,37024,36367106,-1,67.0596,24.8128,1000,1,1,1785913022,1785913022,0
LTE,410,3,37024,36361729,-1,67.0565,24.8126,1000,4,1,1785913048,1785915121,0
LTE,410,3,37024,36367107,-1,67.0567,24.8129,1000,1,1,1785913078,1785913078,0
LTE,410,3,37024,36356865,-1,67.0544,24.8143,1000,1,1,1785913093,1785913093,0
LTE,410,3,17024,36375042,-1,67.0525,24.8158,1000,5,1,1785913098,1785915121,0
LTE,410,3,17024,36375043,-1,67.0506,24.8153,1000,3,1,1785913158,1785915121,0
LTE,410,3,37024,37093377,-1,67.0488,24.8143,1000,3,1,1785913176,1785915121,0
LTE,410,3,37024,37087489,-1,67.0478,24.8132,1000,2,1,1785913191,1785915121,0
LTE,410,3,37024,37087491,-1,67.045,24.8104,1000,7,1,1785913206,1785915661,0
LTE,410,3,17023,37084929,-1,67.0442,24.81,1000,1,1,1785930318,1785930318,0
LTE,410,1,55937,58990122,-1,71.7377,30.4764,1000,4,1,1786056576,1786083001,0
LTE,410,4,50025,11561986,-1,71.7447,30.4854,1000,3,1,1786056747,1786083001,0
LTE,410,1,55584,59931434,-1,71.7205,30.5262,1000,4,1,1786058176,1786083003,0
GSM,410,1,584,34365,-1,71.7439,30.5571,1000,3,1,1786059268,1786707182,0
LTE,410,1,55584,34397443,-1,71.7429,30.5575,1000,1,1,1786060160,1786060160,0
GSM,410,11,27003,14240,-1,68.334,25.3845,1000,1,1,1786141070,1786141070,0
GSM,410,11,27000,23186,-1,68.334,25.3845,1000,1,1,1786141070,1786141070,0
GSM,410,11,27000,31107,-1,68.334,25.3845,1000,1,1,1786141070,1786141070,0
GSM,410,11,27000,26288,-1,68.334,25.3845,1000,1,1,1786141070,1786141070,0
GSM,410,11,27000,11110,-1,68.334,25.3845,1000,1,1,1786141070,1786141070,0
LTE,410,3,22255,29238353,0,70.783,33.004,1000,3,1,1786152860,1786243261,0
LTE,410,4,60004,800258,0,70.7833,33.002,1000,4,1,1786152860,1786243261,0
LTE,410,4,60004,800257,0,70.7838,32.9955,1000,2,1,1786152860,1786243261,0
LTE,410,4,60003,13079102,-1,71.5702,34.0287,1000,1,1,1786151621,1786151621,0
LTE,410,3,12250,28473181,-1,71.5702,34.0287,1000,1,1,1786151621,1786151621,0
LTE,410,1,50440,28593410,0,70.7826,33.008,1000,1,1,1786243229,1786243229,0
LTE,410,1,50440,28593409,0,70.7826,33.008,1000,1,1,1786243229,1786243229,0
LTE,410,1,50440,28593420,0,70.7826,33.008,1000,1,1,1786243229,1786243229,0
LTE,410,4,50024,11011586,-1,71.3274,29.8705,877,49,1,1786400538,1786510026,0
LTE,410,4,50024,11259904,-1,71.3342,29.8636,1000,16,1,1786400648,1786510026,0
LTE,410,4,50024,11011585,-1,71.3391,29.8589,1014,33,1,1786400658,1786510026,0
LTE,410,4,50024,10796034,-1,71.3426,29.8555,1000,16,1,1786400738,1786426082,0
LTE,410,1,55884,34099212,-1,71.3477,29.8503,1000,5,1,1786400788,1786426082,0
LTE,410,1,55885,34366733,-1,71.39,29.8087,1000,19,1,1786401028,1786510028,0
LTE,410,1,55885,59107892,-1,71.417,29.7817,1000,22,1,1786401138,1786510028,0
LTE,410,1,55885,59107884,-1,71.4222,29.7769,1000,11,1,1786401178,1786510028,0
LTE,410,1,55885,59107883,-1,71.424,29.7752,1000,10,1,1786401188,1786510028,0
LTE,410,4,50024,1517057,-1,71.4303,29.768,1000,5,1,1786401238,1786426084,0
LTE,410,1,55885,33627395,-1,71.4391,29.758,1000,11,1,1786401288,1786426084,0
GSM,410,1,885,37808,-1,71.4433,29.7531,1000,16,1,1786401308,1786426084,0
GSM,410,1,885,31357,-1,71.4434,29.7529,1000,5,1,1786401319,1786426084,0
GSM,410,1,885,17808,-1,71.4443,29.7519,1000,10,1,1786401319,1786426084,0
LTE,410,1,55885,35278870,-1,71.452,29.743,1064,42,1,1786401388,1786510081,0
LTE,410,1,55885,35564045,-1,71.4607,29.7331,1000,11,1,1786401408,1786510081,0
GSM,410,1,885,38922,-1,71.4658,29.7273,1000,1,1,1786401460,1786401460,0
GSM,410,1,885,39145,-1,71.4658,29.7273,1000,1,1,1786401460,1786401460,0
GSM,410,1,885,28922,-1,71.4658,29.7273,1000,1,1,1786401460,1786401460,0
LTE,410,1,55885,35621121,-1,71.4758,29.7156,1000,13,1,1786401581,1786510082,0
LTE,410,4,50024,1479937,-1,71.4758,29.7157,500,34,1,1786401581,1786510082,0
LTE,410,1,55885,61164066,-1,71.4751,29.7164,1000,3,1,1786401598,1786510082,0
LTE,410,1,55885,61164073,-1,71.4759,29.7156,1000,6,1,1786401683,1786510082,0
LTE,410,4,50024,1479936,-1,71.4833,29.707,1000,19,1,1786401918,1786510082,0
LTE,410,1,55281,47932163,-1,71.6219,29.5435,1000,16,1,1786402925,1786510086,0
LTE,410,4,50024,11224322,-1,71.627,29.5479,1000,23,1,1786402925,1788587527,0
LTE,410,4,50024,11224325,-1,71.6226,29.5445,1000,21,1,1786402932,1788244324,0
LTE,410,4,50024,1065734,-1,71.6231,29.5404,1000,8,1,1786403018,1788244324,0
LTE,410,4,50024,1529860,-1,71.6222,29.5427,1000,4,1,1786403065,1788244325,0
LTE,410,1,55281,47932172,-1,71.6238,29.5387,1000,4,1,1786403068,1788587527,0
LTE,410,4,50024,10780172,-1,71.624,29.5384,1000,7,1,1786403088,1788587527,0
LTE,410,4,50024,1065739,-1,71.6262,29.5387,1000,19,1,1786403168,1788587527,0
LTE,410,1,55884,59699253,-1,71.32,29.8777,1000,1,1,1786429654,1786429654,0
LTE,410,4,50024,10796298,-1,71.3197,29.8782,1000,16,1,1786429654,1786510026,0
LTE,410,4,50024,1316864,-1,71.3167,29.8853,1000,8,1,1786429728,1786510026,0
LTE,410,4,50024,1066609,-1,71.3171,29.8912,736,31,1,1786429758,1786510026,0
LTE,410,1,55766,83979267,-1,71.3179,29.8972,1158,13,1,1786429778,1786502522,0
LTE,410,1,55884,59699231,-1,71.3173,29.8925,1000,4,1,1786429788,1786502521,0
LTE,410,1,55884,33711125,-1,71.3189,29.9056,1000,2,1,1786429872,1786502522,0
UMTS,410,4,43703,28458054,12,71.3189,29.9056,1000,2,1,1786429872,1786502522,0
UMTS,410,4,43703,28476814,143,71.3193,29.9069,1000,3,1,1786429878,1786502522,0
UMTS,410,4,43703,28495591,468,71.3196,29.9111,1000,14,1,1786429888,1786502522,0
GSM,410,1,884,19672,-1,71.3192,29.9079,749,28,1,1786429908,1786510025,0
GSM,410,1,884,11229,-1,71.3198,29.9128,1000,7,1,1786429908,1786502522,0
UMTS,410,4,43703,28499852,367,71.321,29.9224,1000,16,1,1786429928,1786502522,0
LTE,410,1,55766,59198762,-1,71.3218,29.9281,1000,1,1,1786429998,1786429998,0
LTE,410,1,55766,59198761,-1,71.3218,29.9285,1000,1,1,1786430008,1786430008,0
LTE,410,4,50024,1720837,-1,71.3228,29.9362,1000,6,1,1786430028,1786502522,0
LTE,410,4,50024,1720836,-1,71.3273,29.972,3196,36,1,1786430068,1786502523,0
LTE,410,1,55766,59455007,-1,71.3237,29.9438,1000,7,1,1786430078,1786510024,0
GSM,410,1,766,12246,-1,71.3274,29.9729,1837,46,1,1786430128,1786502523,0
GSM,410,1,766,32246,-1,71.3273,29.9721,1229,31,1,1786430148,1786502523,0
GSM,410,1,766,34385,-1,71.3276,29.9746,1513,46,1,1786430148,1786510023,0
LTE,410,4,50024,1301510,-1,71.3266,29.9668,648,25,1,1786430148,1786502523,0
GSM,410,1,766,39781,-1,71.3278,29.976,1296,34,1,1786430159,1786502523,0
GSM,410,1,766,11390,-1,71.3277,29.9752,765,29,1,1786430178,1786510023,0
GSM,410,1,766,21244,-1,71.3307,29.9992,2917,50,1,1786430209,1786510023,0
GSM,410,1,766,37680,-1,71.3286,29.9827,1000,10,1,1786430229,1786502523,0
LTE,410,1,55766,34402571,-1,71.3293,29.9883,1000,15,1,1786430248,1786502523,0
LTE,410,4,50024,11384582,-1,71.3299,29.9931,951,35,1,1786430248,1786502524,0
LTE,410,1,55766,35246093,-1,71.3296,29.9903,1000,12,1,1786430278,1786510023,0
LTE,410,1,55766,59198507,-1,71.3311,30.0028,710,31,1,1786430318,1786510023,0
GSM,410,1,766,11244,-1,71.3332,30.0189,1000,10,1,1786430368,1786510022,0
GSM,410,1,766,18025,-1,71.3333,30.0196,1000,11,1,1786430379,1786510022,0
LTE,410,1,55766,59198498,-1,71.3335,30.0213,1000,18,1,1786430388,1786510022,0
LTE,410,4,50024,11385858,-1,71.3356,30.0382,1493,50,1,1786430398,1786510022,0
LTE,410,1,55766,33598475,-1,71.3348,30.0313,1000,11,1,1786430428,1786502524,0
LTE,410,1,55766,35366146,-1,71.3352,30.0348,1000,5,1,1786430448,1786502524,0
LTE,410,1,55766,35366156,-1,71.3354,30.0361,1000,1,1,1786430468,1786430468,0
GSM,410,1,766,28149,-1,71.3342,30.0276,1000,7,1,1786430498,1786510022,0
LTE,410,1,55766,35366147,-1,71.3372,30.0501,1567,27,1,1786430508,1786510022,0
LTE,410,4,50012,1480202,-1,71.341,30.0809,1000,22,1,1786430648,1786510022,0
LTE,410,4,50012,11391234,-1,71.3436,30.1003,1660,25,1,1786430688,1786510021,0
LTE,410,1,55772,34080513,-1,71.3434,30.0987,1000,9,1,1786430728,1786510021,0
LTE,410,1,55883,33328396,-1,71.3454,30.1147,853,26,1,1786430778,1786510021,0
LTE,410,4,50012,10589184,-1,71.3472,30.1194,1195,50,1,1786430798,1786510021,0
LTE,410,1,55883,33328385,-1,71.3473,30.1212,1000,17,1,1786430818,1786510021,0
LTE,410,1,55883,47171330,-1,71.352,30.1265,1000,21,1,1786430838,1786510021,0
LTE,410,1,55883,47171329,-1,71.3599,30.1319,1000,11,1,1786430868,1786502525,0
LTE,410,1,55883,47171349,-1,71.3646,30.1348,1000,11,1,1786430888,1786502525,0
LTE,410,1,55883,35586817,-1,71.3692,30.1376,1000,11,1,1786430908,1786502526,0
LTE,410,4,50012,1864059,-1,71.3682,30.137,1000,13,1,1786430908,1786502532,0
LTE,410,1,55883,48425730,-1,71.3698,30.1379,1000,12,1,1786430928,1786502532,0
LTE,410,4,50012,1864056,-1,71.3704,30.1383,1000,9,1,1786430928,1786502532,0
LTE,410,1,55883,47966998,-1,71.3779,30.143,1000,14,1,1786430938,1786502526,0
LTE,410,4,50012,918272,-1,71.3751,30.1413,1000,6,1,1786430938,1786502526,0
LTE,410,4,50012,918287,-1,71.3786,30.1435,1000,11,1,1786430948,1786502526,0
LTE,410,1,55883,35523349,-1,71.3845,30.1471,1000,16,1,1786430968,1786502526,0
LTE,410,1,55883,46090499,-1,71.3904,30.1508,1000,11,1,1786430998,1786502526,0
LTE,410,4,50012,11165441,-1,71.3934,30.1527,770,29,1,1786431018,1786502532,0
LTE,410,1,55587,33769219,-1,71.3955,30.1539,1000,13,1,1786431018,1786502532,0
LTE,410,1,55587,48235778,-1,71.4022,30.1581,1000,11,1,1786431048,1786502526,0
LTE,410,1,55587,35433473,-1,71.4076,30.1615,1000,4,1,1786431068,1786502526,0
LTE,410,4,50012,1366028,-1,71.4046,30.1595,1000,12,1,1786431068,1786502532,0
UMTS,410,4,43601,28540293,107,71.4107,30.1634,1000,13,1,1786431083,1786502526,0
LTE,410,1,55587,84019715,-1,71.4099,30.1628,1000,9,1,1786431088,1786502531,0
LTE,410,1,55587,46262018,-1,71.4133,30.165,1000,11,1,1786431098,1786502526,0
UMTS,410,4,43601,28539231,384,71.4144,30.1657,1000,6,1,1786431108,1786502526,0
LTE,410,1,55587,84019713,-1,71.415,30.166,1000,22,1,1786431118,1786502531,0
LTE,410,4,50012,1038080,-1,71.4137,30.1652,710,30,1,1786431118,1786502531,0
LTE,410,1,55587,33732118,-1,71.4217,30.1702,1000,11,1,1786431138,1786502526,0
LTE,410,4,50012,1927169,-1,71.4211,30.1699,1000,17,1,1786431138,1786502531,0
LTE,410,1,55587,47194115,-1,71.4236,30.1714,1000,10,1,1786431158,1786502531,0
LTE,410,1,55587,34220547,-1,71.4265,30.1732,1000,22,1,1786431168,1786502531,0
UMTS,410,4,43601,28540123,50,71.4273,30.1738,1000,8,1,1786431168,1786502527,0
LTE,410,4,50012,1365249,-1,71.4281,30.1743,1000,4,1,1786431178,1786502527,0
LTE,410,4,50012,1365250,-1,71.4252,30.1724,1000,9,1,1786431188,1786502531,0
LTE,410,1,55587,34220545,-1,71.4325,30.1766,1000,15,1,1786431236,1786502531,0
LTE,410,4,50012,1609730,-1,71.4285,30.1744,1000,15,1,1786431236,1786502531,0
LTE,410,4,50012,1609728,-1,71.4339,30.1771,1000,8,1,1786431318,1786502527,0
LTE,410,1,55587,35306755,-1,71.4361,30.1777,1000,8,1,1786431378,1786502531,0
LTE,410,4,50012,1354506,-1,71.4341,30.1771,1000,11,1,1786431378,1786502531,0
LTE,410,4,50012,1354496,-1,71.4378,30.1783,1000,9,1,1786431418,1786502531,0
LTE,410,1,55926,35268099,-1,71.4442,30.18,1000,24,1,1786431518,1786502531,0
LTE,410,1,55587,35306497,-1,71.4437,30.1799,1000,5,1,1786431568,1786502531,0
LTE,410,4,50011,11387649,-1,71.4447,30.1807,1000,23,1,1786431617,1786502531,0
LTE,410,1,55926,34145794,-1,71.4449,30.1811,1000,8,1,1786431648,1786502530,0
LTE,410,4,50011,11387650,-1,71.4446,30.1833,1000,11,1,1786431998,1786502530,0
LTE,410,1,55588,33484822,-1,71.4507,30.1888,1000,2,1,1786432258,1786502527,0
LTE,410,1,55588,35177475,-1,71.4543,30.1934,1000,3,1,1786432338,1786502527,0
LTE,410,4,50011,1609473,-1,71.4545,30.1948,1000,2,1,1786432368,1786502527,0
LTE,410,1,55588,34144257,-1,71.4547,30.1957,1000,8,1,1786432408,1788318541,0
LTE,410,1,55581,34542595,-1,71.4605,30.2063,1000,2,1,1786432648,1786502528,0
LTE,410,1,55581,33822723,-1,71.4595,30.2055,1000,4,1,1786432662,1786502530,0
LTE,410,1,55931,33362967,-1,71.471,30.2192,1000,5,1,1786433008,1786502528,0
UMTS,410,4,43601,28539562,424,71.4741,30.2244,1000,8,1,1786433168,1786502528,0
UMTS,410,4,43601,28539561,423,71.4753,30.2259,1000,3,1,1786433228,1786502528,0
LTE,410,1,55931,34061059,-1,71.4756,30.227,1000,7,1,1786433268,1786502528,0
UMTS,410,4,43601,28524678,301,71.4756,30.2271,1000,8,1,1786433268,1786502528,0
LTE,410,4,50011,1958662,-1,71.4757,30.2275,1000,3,1,1786433458,1786502528,0
LTE,410,4,50011,1958658,-1,71.4768,30.2274,1000,4,1,1786433498,1786502528,0
LTE,410,4,50010,1786108,-1,71.4687,30.209,1000,3,1,1786480310,1786502530,0
LTE,410,1,55931,34145539,-1,71.4605,30.2062,1000,6,1,1786480381,1786502530,0
LTE,410,4,50011,1787915,-1,71.4444,30.1851,1000,8,1,1786480681,1788318542,0
LTE,410,4,55926,35268099,-1,71.445,30.1803,1000,1,1,1786481761,1786481761,0
LTE,410,4,50011,1038849,-1,71.4398,30.179,1000,3,1,1786482151,1786502531,0
LTE,410,4,50012,1365248,-1,71.4305,30.1758,1000,3,1,1786482241,1786502531,0
LTE,410,1,55587,34220546,-1,71.4292,30.1749,1000,4,1,1786482251,1786502531,0
LTE,410,4,50012,11197955,-1,71.422,30.1704,1000,4,1,1786482301,1786502531,0
LTE,410,1,55587,46262019,-1,71.4049,30.1596,1000,15,1,1786482451,1786502531,0
LTE,410,4,50012,1038090,-1,71.4069,30.161,1000,4,1,1786482451,1786502531,0
LTE,410,4,50012,1611266,-1,71.4055,30.16,1000,4,1,1786482461,1786502531,0
LTE,410,1,55587,35433481,-1,71.4016,30.1578,1000,1,1,1786482491,1786482491,0
LTE,410,1,55587,48235777,-1,71.4016,30.1578,1000,1,1,1786482501,1786482501,0
LTE,410,1,55587,33769217,-1,71.3977,30.1553,1000,4,1,1786482511,1786502532,0
LTE,410,1,55883,46090497,-1,71.387,30.1487,1000,19,1,1786482551,1786502532,0
LTE,410,1,55883,46090498,-1,71.3818,30.1454,1000,5,1,1786482591,1786502532,0
LTE,410,1,55883,35523329,-1,71.3788,30.1435,1000,11,1,1786482601,1786502532,0
LTE,410,1,55883,35523331,-1,71.3756,30.1414,1000,6,1,1786482621,1786502532,0
LTE,410,1,55883,47966978,-1,71.372,30.1392,1000,7,1,1786482631,1786502532,0
LTE,410,1,55883,48425729,-1,71.369,30.1375,1000,6,1,1786482651,1786502532,0
LTE,410,1,55883,33849101,-1,71.3444,30.1076,1000,6,1,1786482805,1786510021,0
LTE,410,1,55772,46648855,-1,71.3442,30.1048,1000,6,1,1786482815,1786510021,0
LTE,410,4,50012,10817026,-1,71.3435,30.0997,1000,6,1,1786482835,1786510021,0
LTE,410,1,55772,34080515,-1,71.3427,30.0932,1000,11,1,1786482855,1786510021,0
LTE,410,1,55766,35366157,-1,71.336,30.0412,1000,11,1,1786483055,1786510022,0
LTE,410,1,55766,83974411,-1,71.3355,30.0371,1000,6,1,1786483075,1786510022,0
LTE,410,1,55766,34381070,-1,71.3352,30.0345,1000,6,1,1786483085,1786510022,0
LTE,410,1,55766,59981110,-1,71.3346,30.0305,1000,10,1,1786483095,1786510022,0
GSM,410,1,766,44301,-1,71.334,30.0262,1000,6,1,1786483115,1786510022,0
LTE,410,1,55766,59198505,-1,71.3323,30.012,1000,2,1,1786483165,1786510023,0
LTE,410,1,55766,59198506,-1,71.3316,30.0067,1000,11,1,1786483185,1786510023,0
LTE,410,4,50024,11384578,-1,71.3296,29.9912,1000,11,1,1786483245,1786510023,0
LTE,410,1,55766,33598486,-1,71.3295,29.9899,1000,6,1,1786483255,1786510023,0
GSM,410,1,766,11245,-1,71.3281,29.9788,1000,16,1,1786483285,1786510023,0
GSM,410,1,766,14385,-1,71.3279,29.9767,1000,10,1,1786483297,1786510023,0
LTE,410,1,55766,33635851,-1,71.3247,29.9513,1000,6,1,1786483405,1786510024,0
LTE,410,1,55766,59198754,-1,71.3218,29.9282,1000,6,1,1786483495,1786510025,0
LTE,410,1,55766,59198763,-1,71.3214,29.9256,1000,6,1,1786483505,1786510025,0
LTE,410,1,55766,59198772,-1,71.3205,29.9179,1000,6,1,1786483535,1786510025,0
LTE,410,1,55766,34208269,-1,71.3201,29.9153,1000,6,1,1786483545,1786510025,0
LTE,410,1,55766,83979277,-1,71.3179,29.8975,1000,6,1,1786483615,1786510025,0
LTE,410,1,55884,34099211,-1,71.3176,29.8951,1000,6,1,1786483625,1786510025,0
LTE,410,4,50024,1066613,-1,71.317,29.8834,1000,4,1,1786483695,1786510026,0
LTE,410,4,50024,10796292,-1,71.318,29.8809,1000,10,1,1786483705,1786510026,0
LTE,410,1,55884,59699251,-1,71.3254,29.8725,1000,1,1,1786483975,1786483975,0
LTE,410,1,55885,35278871,-1,71.44,29.7568,1000,11,1,1786484805,1786510081,0
LTE,410,1,55885,35621133,-1,71.4613,29.7323,1000,6,1,1786484935,1786510081,0
LTE,410,1,55885,35621122,-1,71.4807,29.71,1000,4,1,1786485425,1786510082,0
LTE,410,1,55885,35621142,-1,71.4815,29.7091,1000,3,1,1786485445,1786510082,0
LTE,410,1,55887,33889803,-1,71.4928,29.696,1613,20,1,1786485475,1786510082,0
LTE,410,4,50024,11337986,-1,71.493,29.6958,1561,39,1,1786485475,1786510082,0
GSM,410,1,885,19145,-1,71.4864,29.7035,1000,4,1,1786485505,1786510082,0
LTE,410,1,55885,35621132,-1,71.4868,29.703,1000,7,1,1786485505,1786510082,0
LTE,410,1,55887,33889793,-1,71.499,29.6891,1000,2,1,1786485615,1786510082,0
LTE,410,4,50024,11337984,-1,71.5161,29.6692,4449,49,1,1786485635,1786510083,0
LTE,410,1,55887,35573259,-1,71.512,29.674,1432,21,1,1786485645,1786510083,0
LTE,410,4,50024,11337474,-1,71.526,29.6579,1000,21,1,1786485755,1786510083,0
LTE,410,4,50024,11337473,-1,71.5356,29.6467,728,26,1,1786485815,1786510083,0
GSM,410,1,887,18958,-1,71.5384,29.6436,879,31,1,1786485825,1786510083,0
GSM,410,1,887,18957,-1,71.5366,29.6456,1000,16,1,1786485825,1786510083,0
GSM,410,1,887,14022,-1,71.5611,29.6174,4121,40,1,1786485837,1786510084,0
GSM,410,1,887,11456,-1,71.5607,29.6178,4058,34,1,1786485837,1786510084,0
GSM,410,1,290,34437,-1,71.5385,29.6434,1000,10,1,1786485847,1786510083,0
LTE,410,4,50024,11337472,-1,71.5443,29.6368,1000,14,1,1786485865,1786510084,0
LTE,410,1,55887,60805664,-1,71.5596,29.6191,1000,6,1,1786485965,1786510084,0
GSM,410,1,887,12537,-1,71.5685,29.6089,977,27,1,1786485985,1786510084,0
LTE,410,4,50024,10781698,-1,71.5711,29.606,1387,42,1,1786485985,1786510085,0
GSM,410,1,887,31966,-1,71.5708,29.6062,1000,12,1,1786486015,1786510084,0
GSM,410,1,887,24022,-1,71.5708,29.6062,1000,12,1,1786486015,1786510084,0
LTE,410,1,55887,34309643,-1,71.5745,29.6022,1000,6,1,1786486045,1786510084,0
LTE,410,4,50024,10781696,-1,71.5827,29.5926,1000,21,1,1786486076,1786510085,0
LTE,410,1,55281,33798167,-1,71.602,29.5872,1322,14,1,1786486125,1788587526,0
LTE,410,1,55887,59529503,-1,71.5945,29.579,1000,6,1,1786486155,1786510085,0
LTE,410,1,55941,59195444,-1,71.6166,29.5737,2156,10,1,1786486205,1788152417,0
LTE,410,4,50024,10781195,-1,71.6164,29.5573,1000,20,1,1786486245,1788244324,0
LTE,410,1,55281,59759383,-1,71.6113,29.5596,1000,4,1,1786486255,1786510085,0
LTE,410,1,55281,59759412,-1,71.6157,29.555,1000,7,1,1786486285,1786510085,0
LTE,410,1,55281,59759668,-1,71.6193,29.5511,1000,2,1,1786486345,1786510085,0
LTE,410,4,50024,11224326,-1,71.6203,29.5487,1000,11,1,1786486355,1786510086,0
LTE,410,1,55281,47932173,-1,71.621,29.5461,1000,2,1,1786486425,1786510086,0
LTE,410,4,50024,1529856,-1,71.6234,29.5393,1000,4,1,1786486561,1788244325,0
LTE,410,1,55281,35373827,-1,71.623,29.5402,1000,2,1,1786486565,1786510086,0
UMTS,410,4,43703,28474263,152,71.6239,29.5391,1000,10,1,1786486565,1788587527,0
UMTS,410,4,43703,28486734,93,71.623,29.5403,1000,1,1,1786486575,1786486575,0
LTE,410,1,55281,35174935,-1,71.6272,29.5371,1000,1,1,1786488536,1786488536,0
LTE,410,4,50011,11078404,-1,71.4672,30.2417,1000,9,1,1786515694,1786536061,0
LTE,410,1,55931,33831703,-1,71.4672,30.2411,1000,2,1,1786515704,1786536061,0
LTE,410,4,50011,10827269,-1,71.4677,30.2448,1000,6,1,1786515744,1786536061,0
LTE,410,1,55383,33787137,-1,71.4819,30.2543,1000,1,1,1786516104,1786516104,0
LTE,410,7,50710,32129282,-1,74.2133,32.1135,1000,2,1,1786556228,1786561261,0
GSM,410,11,27033,11098,-1,67.119,24.9235,1000,7,1,1786608325,1786887423,0
GSM,410,11,27033,19232,-1,67.118,24.9237,1000,9,1,1786608460,1786887423,0
GSM,410,11,27033,26150,-1,67.1168,24.9221,1000,1,1,1786608490,1786608490,0
GSM,410,11,27033,39232,-1,67.1141,24.9252,1000,9,1,1786608505,1786887422,0
GSM,410,11,27033,29232,-1,67.1156,24.924,1000,8,1,1786608510,1786887423,0
GSM,410,11,27013,34236,-1,67.1108,24.9271,1000,15,1,1786608581,1786887423,0
GSM,410,11,27013,13816,-1,67.1026,24.928,1000,1,1,1786608831,1786608831,0
GSM,410,11,27013,29014,-1,67.1005,24.9326,1000,2,1,1786609127,1786611121,0
LTE,410,4,32,15482175,-1,67.1194,24.9229,1000,1,1,1786608325,1786608325,0
LTE,410,4,32,15482115,-1,67.1192,24.9232,1000,3,1,1786608415,1786887424,0
LTE,410,4,32,478722,-1,67.1169,24.9232,1000,11,1,1786608420,1786887424,0
LTE,410,4,32,478723,-1,67.1177,24.9238,1000,4,1,1786608455,1786887424,0
LTE,410,4,32,11010,-1,67.1141,24.925,1000,15,1,1786608520,1786887424,0
LTE,410,4,32,15556881,-1,67.1025,24.9281,1000,2,1,1786608821,1786611121,0
LTE,410,4,32,15556884,-1,67.1004,24.9308,1000,3,1,1786608871,1786611121,0
LTE,410,3,22228,29413122,-1,72.8699,33.6036,1000,2,1,1786701722,1786782662,0
LTE,410,3,22228,28611841,-1,72.8699,33.6036,1000,1,1,1786703074,1786703074,0
LTE,410,1,55937,34332173,-1,71.6878,30.4031,1000,3,1,1786695723,1788694623,0
LTE,410,1,55383,33692437,-1,71.5017,30.2923,1000,3,1,1786698113,1786726566,0
LTE,410,1,55383,33915908,-1,71.5473,30.2785,1427,19,1,1786705627,1786726621,0
LTE,410,1,55590,35729411,-1,71.5549,30.2837,1000,10,1,1786705636,1786726621,0
LTE,410,1,55583,34465796,-1,71.5326,30.2608,1432,23,1,1786705686,1786726623,0
LTE,410,4,50010,10385670,-1,71.5529,30.28,1000,4,1,1786705686,1786726621,0
LTE,410,1,55590,33732621,-1,71.5528,30.2798,1000,3,1,1786705696,1786726621,0
LTE,410,1,55590,59332662,-1,71.5507,30.2776,1000,4,1,1786705716,1786726621,0
LTE,410,1,55590,33907715,-1,71.5488,30.2761,1000,6,1,1786705726,1786726621,0
LTE,410,1,55590,35729410,-1,71.5464,30.2748,1000,7,1,1786705736,1786726621,0
LTE,410,1,55383,33915909,-1,71.536,30.2734,1000,11,1,1786705796,1786726622,0
LTE,410,1,55583,83817987,-1,71.5274,30.2555,1414,16,1,1786705856,1786726623,0
LTE,410,4,50011,11108100,-1,71.52,30.2517,1386,12,1,1786705916,1786726623,0
LTE,410,1,55583,83817985,-1,71.5329,30.2505,1000,24,1,1786705936,1786726623,0
LTE,410,4,50011,11108097,-1,71.53,30.2523,1410,10,1,1786705936,1786726623,0
UMTS,410,4,43601,28551057,474,71.5338,30.2532,1000,4,1,1786705946,1786726623,0
UMTS,410,4,43601,28543552,457,71.534,30.2514,1000,4,1,1786705956,1786726623,0
LTE,410,4,50010,11388422,-1,71.5322,30.2485,1000,7,1,1786705986,1786726623,0
UMTS,410,4,43601,28533551,13,71.5324,30.248,1000,5,1,1786706026,1786726623,0
UMTS,410,4,43601,28544646,439,71.5303,30.2483,1000,4,1,1786706046,1786726623,0
LTE,410,1,55583,83817986,-1,71.5284,30.2484,1000,4,1,1786706066,1786726623,0
LTE,410,4,50011,11108101,-1,71.5227,30.2483,1000,13,1,1786706066,1786726623,0
LTE,410,4,50011,11108102,-1,71.5102,30.2481,1000,9,1,1786706256,1786726623,0
LTE,410,4,50011,11572993,-1,71.5048,30.248,1000,11,1,1786706306,1786726623,0
LTE,410,4,50011,11572994,-1,71.4984,30.248,1000,17,1,1786706356,1786726623,0
LTE,410,4,50011,1358331,-1,71.4909,30.2478,1000,8,1,1786706466,1786726623,0
LTE,410,3,22228,28720386,-1,72.8699,33.6036,1000,1,1,1786762665,1786762665,0
LTE,410,4,60004,13542146,0,70.5828,32.9574,1000,1,1,1786840640,1786840640,0
GSM,410,11,27014,16357,-1,67.0889,24.9274,1000,11,1,1786877795,1786887421,0
GSM,410,11,27014,39386,-1,67.087,24.9297,1000,1,1,1786877885,1786877885,0
GSM,410,11,27014,29386,-1,67.0861,24.9312,1000,5,1,1786877895,1786887421,0
GSM,410,11,27014,21086,-1,67.0856,24.9328,1000,3,1,1786877925,1786887421,0
GSM,410,11,27014,19386,-1,67.085,24.9382,1000,12,1,1786877950,1786887421,0
GSM,410,11,27014,11086,-1,67.085,24.9389,1000,9,1,1786877995,1786887421,0
GSM,410,11,27012,39249,-1,67.0844,24.9442,1000,7,1,1786878070,1786887421,0
GSM,410,11,27012,19148,-1,67.084,24.9436,1000,3,1,1786878090,1786887421,0
GSM,410,11,27012,19249,-1,67.0876,24.9463,1000,9,1,1786878150,1786887421,0
GSM,410,11,27012,36236,-1,67.0925,24.9503,1000,6,1,1786878210,1786887421,0
GSM,410,11,27012,26236,-1,67.0924,24.95,1000,5,1,1786878241,1786887422,0
GSM,410,11,27012,36252,-1,67.0947,24.9519,1000,15,1,1786878276,1786887422,0
GSM,410,11,27012,16252,-1,67.0985,24.9551,1000,2,1,1786878306,1786887421,0
GSM,410,11,27012,29360,-1,67.099,24.9553,1000,15,1,1786878316,1786887422,0
GSM,410,11,27013,37893,-1,67.1031,24.9586,1000,10,1,1786878361,1786887422,0
GSM,410,11,27013,27893,-1,67.1064,24.9617,1000,12,1,1786878386,1786887422,0
GSM,410,11,27013,19251,-1,67.1134,24.9685,1000,3,1,1786878441,1786887421,0
GSM,410,11,27013,39198,-1,67.1152,24.9702,1000,23,1,1786878456,1786887422,0
GSM,410,11,27013,19198,-1,67.1253,24.9807,1413,28,1,1786878536,1786887422,0
GSM,410,11,27013,13926,-1,67.1268,24.9822,1000,8,1,1786878586,1786887422,0
GSM,410,11,27010,29226,-1,67.1347,24.9899,1287,28,1,1786878652,1786887422,0
GSM,410,11,27010,19226,-1,67.1448,24.995,1000,2,1,1786878717,1786887421,0
GSM,410,11,27010,39155,-1,67.152,24.9938,1343,39,1,1786878727,1786887422,0
GSM,410,11,27010,29155,-1,67.1679,24.9912,751,25,1,1786878842,1786887422,0
GSM,410,11,27010,39231,-1,67.1739,24.9849,1000,23,1,1786878947,1786887422,0
GSM,410,11,27010,27801,-1,67.173,24.9865,1000,2,1,1786878993,1786887422,0
GSM,410,11,27034,14388,-1,67.1744,24.9804,1000,7,1,1786883335,1786887422,0
GSM,410,11,27010,35204,-1,67.1716,24.9893,1000,2,1,1786883526,1786887422,0
GSM,410,11,27013,26251,-1,67.1076,24.9625,1000,15,1,1786884027,1786887422,0
GSM,410,11,27012,19133,-1,67.0921,24.9471,1000,4,1,1786884328,1786887422,0
GSM,410,11,27012,29133,-1,67.0948,24.9447,1000,11,1,1786884373,1786887422,0
GSM,410,11,27013,19331,-1,67.0971,24.9426,1000,3,1,1786884509,1786887422,0
GSM,410,11,27013,29331,-1,67.0988,24.9411,1000,7,1,1786884539,1786887422,0
GSM,410,11,27013,39357,-1,67.1006,24.9395,1000,3,1,1786884614,1786887422,0
GSM,410,11,27013,19357,-1,67.1016,24.9386,1000,1,1,1786884649,1786884649,0
GSM,410,11,27013,29357,-1,67.1034,24.937,1000,9,1,1786884654,1786887422,0
GSM,410,11,27013,19225,-1,67.1055,24.9348,1000,3,1,1786884709,1786887422,0
GSM,410,11,27013,29225,-1,67.1067,24.9327,1000,4,1,1786884734,1786887422,0
GSM,410,11,27013,14230,-1,67.1075,24.9313,1000,4,1,1786884764,1786887422,0
GSM,410,11,27013,24230,-1,67.1083,24.9297,1000,4,1,1786884784,1786887423,0
GSM,410,11,27013,19446,-1,67.1092,24.928,1000,4,1,1786884804,1786887422,0
GSM,410,11,27013,24236,-1,67.114,24.9251,1000,4,1,1786885246,1786887423,0
UMTS,410,4,60402,39586684,-1,67.1731,24.9799,1000,1,1,1786887393,1786887393,0
LTE,410,4,32,743686,-1,67.089,24.9274,1000,3,1,1786877835,1786887423,0
LTE,410,4,32,354878,-1,67.088,24.9285,1000,2,1,1786877865,1786887423,0
LTE,410,4,32,743746,-1,67.0875,24.9291,1000,2,1,1786877875,1786887423,0
LTE,410,4,4022,28990,-1,67.0864,24.9305,1000,2,1,1786877895,1786887423,0
LTE,410,4,31,45118,-1,67.0857,24.9324,1000,7,1,1786877910,1786887423,0
LTE,410,4,4022,15939587,-1,67.0854,24.9347,1000,1,1,1786877960,1786877960,0
LTE,410,4,4022,15939647,-1,67.0853,24.9356,1000,3,1,1786877965,1786887423,0
LTE,410,4,31,183869,-1,67.0852,24.937,1000,3,1,1786877985,1786887423,0
LTE,410,4,31,15724606,-1,67.085,24.9389,1000,5,1,1786878005,1786887423,0
LTE,410,4,31,15724547,-1,67.0834,24.9439,1000,2,1,1786878080,1786887423,0
LTE,410,4,31,106303,-1,67.0846,24.944,1000,4,1,1786878110,1786887423,0
LTE,410,4,4022,15521857,-1,67.0898,24.9481,1000,1,1,1786878210,1786878210,0
LTE,410,4,4022,15521854,-1,67.0911,24.9492,1000,1,1,1786878226,1786878226,0
LTE,410,4,4022,15521895,-1,67.0927,24.9504,1000,1,1,1786878241,1786878241,0
LTE,410,4,4022,15521894,-1,67.0934,24.9509,1000,2,1,1786878246,1786887423,0
LTE,410,4,4022,194661,-1,67.0957,24.9528,1000,5,1,1786878266,1786887423,0
LTE,410,4,25,15877893,-1,67.0982,24.9547,1000,5,1,1786878316,1786887424,0
LTE,410,4,25,15877949,-1,67.1069,24.9618,1000,4,1,1786878366,1786887423,0
LTE,410,4,25,15554882,-1,67.1069,24.9619,1000,2,1,1786878376,1786887423,0
LTE,410,4,25,122430,-1,67.1101,24.9649,1000,6,1,1786878396,1786887423,0
LTE,410,4,25,16116737,-1,67.1222,24.9776,1000,2,1,1786878536,1786887423,0
LTE,410,4,25,15731519,-1,67.1257,24.9811,1000,10,1,1786878566,1786887424,0
LTE,410,4,25,15731457,-1,67.1293,24.9849,1000,4,1,1786878586,1786887423,0
LTE,410,4,36,16119102,-1,67.1386,24.9931,1000,10,1,1786878652,1786887424,0
LTE,410,4,36,15998525,-1,67.1442,24.9944,1000,7,1,1786878677,1786887423,0
LTE,410,4,36,14655,-1,67.1448,24.995,1000,4,1,1786878712,1786887423,0
LTE,410,4,36,15985470,-1,67.15,24.9942,1000,3,1,1786878732,1786887423,0
LTE,410,4,36,15985410,-1,67.1501,24.9942,1000,2,1,1786878747,1786887423,0
LTE,410,4,36,579601,-1,67.1571,24.9932,1000,2,1,1786878787,1786887423,0
LTE,410,4,36,14607,-1,67.171,24.9893,1083,15,1,1786878852,1786887423,0
LTE,410,4,33,16153601,-1,67.174,24.9845,1000,5,1,1786879023,1786887423,0
LTE,410,4,36,15734274,-1,67.1763,24.9803,1000,9,1,1786879083,1786887423,0
LTE,410,4,33,16153661,-1,67.1748,24.9806,1000,4,1,1786883355,1786887423,0
LTE,410,4,33,16189443,-1,67.1716,24.9896,1000,1,1,1786883536,1786883536,0
LTE,410,4,36,579588,-1,67.1699,24.991,1000,2,1,1786883601,1786887423,0
LTE,410,4,36,14698,-1,67.1628,24.9923,1000,4,1,1786883641,1786887423,0
LTE,410,4,36,16113982,-1,67.1606,24.9926,1000,1,1,1786883661,1786883661,0
LTE,410,4,36,14699,-1,67.1593,24.9928,1000,2,1,1786883666,1786887423,0
LTE,410,4,36,579691,-1,67.158,24.993,1000,1,1,1786883676,1786883676,0
LTE,410,4,36,14700,-1,67.1572,24.9931,1000,1,1,1786883681,1786883681,0
LTE,410,4,25,15731517,-1,67.1312,24.9868,1000,7,1,1786883802,1786887424,0
LTE,410,4,36,15731816,-1,67.1334,24.9891,1000,2,1,1786883807,1786887424,0
LTE,410,4,25,16154943,-1,67.1277,24.9832,1000,2,1,1786883847,1786887424,0
LTE,410,4,25,15902784,-1,67.1224,24.9776,1000,2,1,1786883887,1786887424,0
LTE,410,4,25,15504751,-1,67.1211,24.9763,1000,2,1,1786883897,1786887424,0
LTE,410,4,25,15504749,-1,67.1199,24.975,1000,2,1,1786883907,1786887424,0
LTE,410,4,25,15504702,-1,67.1187,24.9738,1000,2,1,1786883917,1786887424,0
LTE,410,4,25,16116797,-1,67.1178,24.9728,1000,2,1,1786883927,1786887424,0
LTE,410,4,25,16116798,-1,67.1161,24.9709,1000,8,1,1786883937,1786887424,0
LTE,410,4,4022,15423492,-1,67.0991,24.9554,1000,2,1,1786884178,1786887424,0
LTE,410,4,4022,15978755,-1,67.0965,24.9533,1000,1,1,1786884213,1786884213,0
LTE,410,4,4022,15521804,-1,67.0938,24.9511,1000,5,1,1786884223,1786887424,0
LTE,410,4,4022,15555329,-1,67.0944,24.9517,1000,2,1,1786884233,1786887424,0
LTE,410,4,4022,15521805,-1,67.0922,24.9498,1000,2,1,1786884263,1786887424,0
LTE,410,4,4022,15521794,-1,67.0923,24.9474,1000,8,1,1786884283,1786887424,0
LTE,410,4,4022,15521806,-1,67.0911,24.9486,1000,1,1,1786884308,1786884308,0
LTE,410,4,4022,16902,-1,67.0939,24.9455,1000,2,1,1786884383,1786887424,0
LTE,410,4,4022,15555393,-1,67.0948,24.9447,1000,3,1,1786884403,1786887424,0
LTE,410,4,4022,16959,-1,67.0962,24.9434,1000,6,1,1786884428,1786887424,0
LTE,410,4,4022,16961,-1,67.0978,24.942,1000,3,1,1786884529,1786887424,0
LTE,410,4,4022,479037,-1,67.099,24.9409,1000,4,1,1786884564,1786887424,0
LTE,410,4,4022,454973,-1,67.1011,24.9391,1000,7,1,1786884594,1786887424,0
LTE,410,4,4022,454974,-1,67.1031,24.9372,1000,4,1,1786884664,1786887424,0
LTE,410,4,32,108134,-1,67.1044,24.9361,1000,2,1,1786884684,1786887424,0
LTE,410,4,32,108135,-1,67.1053,24.9352,1000,3,1,1786884694,1786887424,0
LTE,410,4,32,108136,-1,67.1065,24.933,1000,5,1,1786884724,1786887424,0
LTE,410,4,32,15644162,-1,67.1083,24.9297,1000,4,1,1786884784,1786887424,0
LTE,410,4,32,11069,-1,67.1112,24.9277,1000,1,1,1786885170,1786885170,0
LTE,410,1,55095,33975041,-1,71.1906,32.0251,1000,3,1,1787149093,1787328841,0
LTE,410,6,11801,210242305,-1,71.1924,32.0249,1000,1,1,1787149093,1787149093,0
LTE,410,4,2012,15587586,-1,68.3417,25.4107,1000,2,1,1787197663,1787201041,0
LTE,410,1,50219,36212226,-1,68.3417,25.4107,1000,2,1,1787197663,1787201041,0
LTE,410,4,5026,2319361,-1,72.0137,33.0352,1000,1,1,1787302521,1787302521,0
LTE,410,4,5026,2319363,-1,72.0137,33.0352,1000,1,1,1787302717,1787302717,0
LTE,410,3,12210,29319692,-1,72.0137,33.0352,1000,1,1,1787302521,1787302521,0
UMTS,410,6,1800,8933457,-1,71.1868,32.0255,1000,1,1,1787328796,1787328796,0
LTE,410,6,11801,210242306,-1,71.2015,32.0384,1000,1,1,1787197047,1787197047,0
LTE,410,1,55095,33975042,-1,71.2015,32.0384,1000,1,1,1787197047,1787197047,0
LTE,410,6,10348,215168202,-1,73.1805,33.5104,1000,21,1,1783916087,1787568542,0
LTE,410,4,5048,13740567,-1,73.184,33.5082,1000,10,1,1783916147,1787568542,0
LTE,410,4,5048,13740566,-1,73.1818,33.5096,1000,12,1,1783916167,1787568542,0
LTE,410,4,5048,12861187,-1,73.1743,33.5136,1000,5,1,1783916257,1787568542,0
LTE,410,4,50011,1784828,-1,71.3672,30.2943,3269,50,1,1787641144,1787664783,0
LTE,410,1,55883,33859349,-1,71.3723,30.2947,1000,2,1,1787641144,1787664781,0
LTE,410,1,55383,34095895,-1,71.372,30.2949,1000,5,1,1787641153,1787664783,0
LTE,410,1,55774,34220041,-1,71.371,30.2955,1000,7,1,1787641193,1787664781,0
LTE,410,1,55774,35352579,-1,71.369,30.2967,1000,4,1,1787641233,1787664781,0
LTE,410,1,55383,35576087,-1,71.3899,30.2839,3341,9,1,1787641253,1787664784,0
LTE,410,1,55774,35352599,-1,71.3651,30.299,1000,3,1,1787641263,1787664781,0
LTE,410,1,55383,33680407,-1,71.3551,30.3028,1000,14,1,1787641283,1787664782,0
LTE,410,1,55383,33680387,-1,71.3477,30.2946,781,37,1,1787641443,1787664782,0
LTE,410,4,50011,11475974,-1,71.4383,30.2508,1340,37,1,1787641493,1787664785,0
LTE,410,1,55383,33680405,-1,71.347,30.2973,849,40,1,1787641543,1787664783,0
UMTS,410,4,43601,28544988,23,71.3459,30.2964,1000,1,1,1787641563,1787641563,0
LTE,410,4,50010,1273596,-1,71.349,30.2926,1000,9,1,1787641873,1787664782,0
LTE,410,1,55383,34532865,-1,71.3609,30.2951,1000,5,1,1787641963,1787664783,0
LTE,410,1,55383,33680406,-1,71.3519,30.305,1000,8,1,1787642724,1787664783,0
LTE,410,4,50011,1784310,-1,71.3726,30.2946,598,29,1,1787642884,1787664783,0
LTE,410,1,55383,112466279,-1,71.3733,30.2942,1000,2,1,1787642964,1787664783,0
LTE,410,1,55383,35576077,-1,71.384,30.2877,1530,3,1,1787643014,1787664783,0
LTE,410,1,55383,33655308,-1,71.3791,30.2907,1000,6,1,1787643024,1787664783,0
LTE,410,1,55383,34532875,-1,71.3863,30.2864,1283,3,1,1787643064,1787664783,0
LTE,410,1,55932,84275813,-1,71.3818,30.289,1000,3,1,1787643084,1787664783,0
GSM,410,1,383,44760,-1,71.3921,30.2829,1000,6,1,1787643184,1787664783,0
GSM,410,1,383,38969,-1,71.3944,30.2815,1000,5,1,1787643204,1787664783,0
GSM,410,1,932,33186,-1,71.3944,30.2815,1000,5,1,1787643204,1787664783,0
LTE,410,1,55383,84137483,-1,71.3959,30.2806,1000,3,1,1787643224,1787664783,0
LTE,410,1,55383,35241227,-1,71.397,30.2799,1000,2,1,1787643244,1787664783,0
LTE,410,4,50018,10566916,-1,71.3975,30.2796,1000,2,1,1787643254,1787664783,0
LTE,410,1,55932,34095639,-1,71.398,30.2793,1000,2,1,1787643364,1787664783,0
LTE,410,1,55383,35576067,-1,71.4144,30.2693,1000,12,1,1787643494,1787664784,0
LTE,410,1,55932,84073987,-1,71.4214,30.2638,1000,8,1,1787643534,1787664784,0
LTE,410,1,55383,35576066,-1,71.4256,30.2602,1000,15,1,1787643554,1787664784,0
LTE,410,4,50011,11475968,-1,71.4551,30.2465,1000,19,1,1787643754,1787664784,0
UMTS,410,4,43601,28573367,60,71.4662,30.2463,1000,21,1,1787643804,1787664785,0
UMTS,410,4,43601,28533905,178,71.4734,30.2464,1000,8,1,1787643884,1787664785,0
LTE,410,4,50011,11198725,-1,71.4766,30.2464,1000,6,1,1787643914,1787664785,0
LTE,410,1,55596,34331157,-1,71.7632,30.5428,1000,1,1,1788060918,1788060918,0
LTE,410,1,55383,35357207,-1,71.5718,30.3857,708,26,1,1788063717,1788085925,0
LTE,410,1,55383,59515699,-1,71.5038,30.2962,1000,2,1,1788065047,1788085927,0
LTE,410,4,50011,1705216,-1,71.4937,30.2662,1000,5,1,1788065397,1788085928,0
LTE,410,7,50308,33086733,-1,74.4046,31.5758,1000,1,1,1788090465,1788090465,0
LTE,410,1,55919,84088579,-1,71.4947,30.0731,1000,19,1,1788125984,1788603241,0
LTE,410,4,50009,11230721,-1,71.4946,30.0612,1000,12,1,1788126084,1788587465,0
LTE,410,1,55919,59417654,-1,71.4953,30.0193,1000,4,1,1788126294,1788603187,0
LTE,410,4,50024,10886668,-1,71.4955,30.0156,1000,17,1,1788126294,1788587465,0
LTE,410,1,55919,59103776,-1,71.4956,30.0118,1000,4,1,1788126374,1788152366,0
LTE,410,1,55919,59103785,-1,71.4957,30.0064,1000,4,1,1788126404,1788152366,0
LTE,410,4,50024,1593602,-1,71.502,29.979,1000,6,1,1788126514,1788152403,0
LTE,410,4,50024,1680385,-1,71.51,29.949,1000,4,1,1788126714,1788152404,0
LTE,410,1,55919,59237172,-1,71.5128,29.939,1000,4,1,1788126774,1788152405,0
LTE,410,1,55290,34058803,-1,71.5157,29.9283,1000,18,1,1788126824,1788152405,0
LTE,410,4,50024,10799628,-1,71.5131,29.9377,1566,43,1,1788126824,1788603186,0
LTE,410,1,55290,60731937,-1,71.5176,29.921,1000,5,1,1788126939,1788603185,0
LTE,410,4,50024,10583042,-1,71.5301,29.8762,1000,4,1,1788127214,1788152406,0
LTE,410,1,55290,59659829,-1,71.5354,29.8585,1000,9,1,1788127334,1788603184,0
LTE,410,1,55290,59813685,-1,71.5383,29.8489,1000,5,1,1788127454,1788587522,0
LTE,410,4,50024,11493889,-1,71.5445,29.8267,1542,22,1,1788127584,1788587522,0
LTE,410,4,50024,11337218,-1,71.5487,29.812,1889,21,1,1788127704,1788603184,0
LTE,410,1,55290,33402119,-1,71.5602,29.7729,1000,11,1,1788127864,1788587523,0
LTE,410,4,50024,11337217,-1,71.5648,29.7569,1142,7,1,1788127895,1788152412,0
LTE,410,4,50024,11336961,-1,71.5661,29.7524,1000,3,1,1788127958,1788152412,0
GSM,410,1,290,30477,-1,71.5732,29.729,1536,16,1,1788128009,1788244262,0
GSM,410,1,290,30072,-1,71.5757,29.7207,2639,41,1,1788128062,1788244262,0
GSM,410,1,290,11590,-1,71.579,29.7093,2843,39,1,1788128093,1788244262,0
GSM,410,1,290,20072,-1,71.5771,29.7159,1671,13,1,1788128093,1788244262,0
GSM,410,1,290,31272,-1,71.5788,29.7101,2335,22,1,1788128153,1788244262,0
LTE,410,1,55281,59398185,-1,71.6163,29.595,1000,1,1,1788128711,1788128711,0
LTE,410,1,55281,59398186,-1,71.6163,29.595,1000,1,1,1788128726,1788128726,0
LTE,410,1,55281,33798165,-1,71.6297,29.5846,1000,4,1,1788128753,1788152417,0
LTE,410,1,55281,59759381,-1,71.6313,29.5836,1000,4,1,1788128762,1788152417,0
LTE,410,1,55281,33798155,-1,71.6329,29.5828,1000,4,1,1788128774,1788152417,0
LTE,410,1,55281,59759393,-1,71.6449,29.5776,1000,14,1,1788128819,1788152418,0
UMTS,410,4,43703,28494821,243,71.651,29.5742,1000,3,1,1788128867,1788152418,0
UMTS,410,4,43703,28488263,36,71.6516,29.5691,1000,9,1,1788128883,1788152420,0
UMTS,410,4,43703,28494842,475,71.6514,29.5721,1000,1,1,1788128895,1788128895,0
UMTS,410,4,43703,28496741,283,71.6516,29.5684,1000,6,1,1788128914,1788152418,0
LTE,410,1,55281,33391637,-1,71.65,29.5507,1000,6,1,1788129032,1788152420,0
LTE,410,1,55281,58991647,-1,71.6497,29.5478,1000,2,1,1788129058,1788152420,0
LTE,410,1,55281,58991648,-1,71.6495,29.5464,1000,6,1,1788129126,1788152420,0
LTE,410,1,55281,58991649,-1,71.6491,29.5436,1000,9,1,1788129147,1788152420,0
LTE,410,1,55281,58991650,-1,71.6484,29.5399,1000,9,1,1788129171,1788152420,0
LTE,410,4,50024,11135494,-1,71.6487,29.5408,1000,5,1,1788129171,1788152420,0
LTE,410,4,50024,11135490,-1,71.6471,29.537,1000,13,1,1788129185,1788152420,0
LTE,410,1,55281,34083585,-1,71.6467,29.5361,1000,9,1,1788129195,1788152420,0
LTE,410,1,55281,34083587,-1,71.6455,29.5334,1000,4,1,1788129215,1788152420,0
LTE,410,4,50024,11135498,-1,71.6455,29.5334,1000,4,1,1788129215,1788152420,0
LTE,410,1,55281,59760160,-1,71.6445,29.5311,1000,7,1,1788129225,1788152420,0
LTE,410,4,50024,11135489,-1,71.6441,29.5303,1000,11,1,1788129225,1788152420,0
LTE,410,1,55281,59760169,-1,71.6434,29.5289,1000,4,1,1788129245,1788152420,0
LTE,410,1,55281,59760170,-1,71.6426,29.5272,1000,4,1,1788129255,1788152420,0
LTE,410,4,50024,1592065,-1,71.6426,29.5272,1000,4,1,1788129255,1788152420,0
LTE,410,1,55281,59760171,-1,71.6413,29.5244,1000,8,1,1788129265,1788152420,0
LTE,410,4,50024,1511033,-1,71.6413,29.5244,1000,8,1,1788129265,1788152420,0
LTE,410,1,55281,34084097,-1,71.64,29.5217,1000,5,1,1788129285,1788152420,0
UMTS,410,4,43703,28491652,109,71.64,29.5217,1000,5,1,1788129285,1788152420,0
LTE,410,1,55281,34084098,-1,71.6387,29.5189,1000,8,1,1788129295,1788152420,0
UMTS,410,4,43703,28486732,411,71.6383,29.518,1000,12,1,1788129295,1788152420,0
LTE,410,1,55281,35562247,-1,71.6357,29.5181,1000,11,1,1788129315,1788152420,0
LTE,410,4,50024,11239686,-1,71.6351,29.5205,1000,15,1,1788129315,1788152421,0
LTE,410,1,55281,58905120,-1,71.6359,29.5163,1000,6,1,1788129325,1788152420,0
LTE,410,1,55281,58905129,-1,71.6368,29.5146,1000,1,1,1788129335,1788129335,0
LTE,410,1,55281,58905121,-1,71.6361,29.515,1000,8,1,1788129345,1788152420,0
LTE,410,4,50024,11239682,-1,71.6347,29.5193,628,30,1,1788129395,1788152421,0
LTE,410,1,55281,34084099,-1,71.6343,29.5209,1000,3,1,1788129512,1788152420,0
LTE,410,1,55281,35562241,-1,71.6339,29.5222,1000,4,1,1788129525,1788152420,0
LTE,410,1,55281,60911402,-1,71.6333,29.5246,1000,10,1,1788129537,1788152421,0
LTE,410,1,55281,60911403,-1,71.6327,29.527,1000,3,1,1788129608,1788152421,0
LTE,410,1,55281,60911411,-1,71.6325,29.5279,1000,3,1,1788129619,1788152421,0
LTE,410,4,50024,1510918,-1,71.6322,29.529,1000,8,1,1788129619,1788152421,0
LTE,410,1,55281,60911413,-1,71.6322,29.5294,1000,6,1,1788129632,1788152421,0
LTE,410,1,55281,35560707,-1,71.6314,29.5328,1000,10,1,1788129678,1788152421,0
LTE,410,4,50024,1510922,-1,71.6311,29.5344,1000,9,1,1788129707,1788152422,0
LTE,410,1,55281,35560713,-1,71.6308,29.5359,1000,4,1,1788129741,1788152422,0
LTE,410,1,55281,60774956,-1,71.6306,29.5371,1000,2,1,1788129765,1788152422,0
LTE,410,4,50024,1065743,-1,71.624,29.5382,1000,3,1,1788132416,1788244325,0
LTE,410,3,37033,37066618,-1,67.1153,24.9233,1000,3,1,1788186517,1788191281,0
LTE,410,3,37033,37066499,-1,67.1144,24.9244,1000,8,1,1788187077,1788191281,0
LTE,410,3,17013,36962562,-1,67.1129,24.9264,1000,9,1,1788187294,1788191281,0
LTE,410,3,17013,36962561,-1,67.112,24.9277,1000,3,1,1788187512,1788191281,0
LTE,410,3,17013,36962563,-1,67.1119,24.9281,1000,3,1,1788187597,1788191281,0
LTE,410,3,17013,36391427,-1,67.1088,24.9274,1000,1,1,1788188027,1788188027,0
LTE,410,3,17013,36683777,-1,67.0987,24.9445,1000,8,1,1788188688,1788191281,0
UMTS,410,6,1741,7900812,254,72.5247,30.0537,1000,1,1,1788175446,1788175446,0
LTE,410,1,55600,59034678,-1,72.5247,30.0536,1000,1,1,1788177466,1788177466,0
LTE,410,1,55290,33402133,-1,71.5491,29.8105,1000,14,1,1788217991,1788603184,0
GSM,410,1,941,42521,-1,71.5727,29.7307,1000,6,1,1788218452,1788244262,0
LTE,410,4,50024,11224321,-1,71.624,29.5383,1000,1,1,1788221520,1788221520,0
LTE,410,4,50011,1787918,-1,71.4483,30.1874,1000,10,1,1788297330,1788318541,0
LTE,410,4,50011,1787908,-1,71.4462,30.1862,1000,2,1,1788297380,1788318541,0
LTE,410,4,50011,1787920,-1,71.4454,30.1859,1000,2,1,1788297400,1788318542,0
LTE,410,4,50011,11387654,-1,71.4413,30.1806,1000,5,1,1788297560,1788318542,0
LTE,410,4,50012,1213440,-1,71.4416,30.168,1000,6,1,1788297690,1788318542,0
LTE,410,4,50012,10906116,-1,71.4416,30.1631,1000,6,1,1788297740,1788318542,0
LTE,410,4,55587,35342849,-1,71.4416,30.1613,1000,2,1,1788297770,1788318542,0
LTE,410,4,50012,10906126,-1,71.4416,30.1604,1000,3,1,1788297780,1788318542,0
LTE,410,4,50012,1361157,-1,71.4417,30.1553,1000,3,1,1788297830,1788318542,0
LTE,410,4,50012,11198464,-1,71.4417,30.1542,1000,3,1,1788297840,1788318542,0
LTE,410,4,50009,1720578,-1,71.4392,30.1302,545,30,1,1788297990,1788318543,0
LTE,410,1,55585,33882135,-1,71.4439,30.1264,731,27,1,1788298060,1788318543,0
LTE,410,4,50009,11162113,-1,71.4498,30.1246,1000,2,1,1788298170,1788318543,0
LTE,410,1,55585,33882133,-1,71.4533,30.1263,1000,13,1,1788298180,1788318543,0
LTE,410,4,50009,11162112,-1,71.455,30.1271,1000,20,1,1788298180,1788318543,0
LTE,410,1,55585,33907479,-1,71.4588,30.1292,1000,12,1,1788298230,1788318543,0
LTE,410,4,50009,11493378,-1,71.4602,30.1302,1000,11,1,1788298240,1788318543,0
LTE,410,1,55585,33907477,-1,71.4681,30.1363,1000,11,1,1788298270,1788318543,0
LTE,410,4,50009,11493376,-1,71.466,30.1347,1000,19,1,1788298280,1788318543,0
LTE,410,1,55585,59421236,-1,71.469,30.137,1000,19,1,1788298300,1788318543,0
LTE,410,4,50009,1988217,-1,71.4718,30.1392,1000,13,1,1788298340,1788318543,0
LTE,410,1,55925,83714818,-1,71.4742,30.141,1000,6,1,1788298370,1788318543,0
LTE,410,4,50009,1988216,-1,71.4747,30.1415,1000,3,1,1788298380,1788318543,0
LTE,410,4,50009,1988106,-1,71.4763,30.1427,1000,6,1,1788298390,1788318543,0
LTE,410,1,55585,59395628,-1,71.4786,30.1441,1000,10,1,1788298400,1788318543,0
LTE,410,4,50009,1988101,-1,71.4785,30.1442,1000,4,1,1788298410,1788318543,0
LTE,410,4,50009,1988096,-1,71.4804,30.1449,1000,3,1,1788298430,1788318543,0
LTE,410,4,50009,11087874,-1,71.4817,30.1452,1000,3,1,1788298440,1788318543,0
LTE,410,1,55585,59395627,-1,71.4832,30.1453,1000,4,1,1788298450,1788318543,0
LTE,410,4,50009,11087883,-1,71.484,30.1453,1000,8,1,1788298450,1788318543,0
LTE,410,1,55585,59395626,-1,71.4848,30.1453,1000,4,1,1788298460,1788318543,0
LTE,410,1,55585,59395625,-1,71.4863,30.1453,1000,3,1,1788298470,1788318543,0
LTE,410,4,50009,11087873,-1,71.4873,30.1453,1000,7,1,1788298470,1788318543,0
LTE,410,1,55585,59395618,-1,71.4881,30.1453,1000,4,1,1788298480,1788318543,0
LTE,410,4,50009,1348610,-1,71.4904,30.1454,1000,6,1,1788298490,1788318543,0
LTE,410,1,55585,46304023,-1,71.4928,30.1372,1000,10,1,1788298610,1788318544,0
LTE,410,1,55383,34486529,-1,71.5398,30.31,1000,3,1,1788439698,1788460381,0
LTE,410,4,50011,11188480,-1,71.5417,30.3074,1000,13,1,1788439708,1788460381,0
LTE,410,1,55383,35363585,-1,71.5404,30.3093,1000,2,1,1788439708,1788460381,0
LTE,410,1,55383,33911809,-1,71.5411,30.3084,1000,4,1,1788439718,1788460381,0
LTE,410,1,55383,33915907,-1,71.5384,30.301,899,37,1,1788439738,1788460382,0
LTE,410,1,55383,33914627,-1,71.544,30.3031,1000,2,1,1788439778,1788460381,0
LTE,410,1,55583,34465816,-1,71.5335,30.2937,1000,3,1,1788439928,1788460381,0
LTE,410,1,55931,34145537,-1,71.4724,30.2083,1000,3,1,1788559806,1788587461,0
LTE,410,4,50010,11125002,-1,71.4795,30.207,1000,4,1,1788559906,1788587461,0
LTE,410,4,50010,11124995,-1,71.4798,30.205,1000,6,1,1788559926,1788587461,0
LTE,410,1,55582,35242499,-1,71.4798,30.205,1000,6,1,1788559926,1788587461,0
LTE,410,4,50010,11124994,-1,71.4796,30.203,1000,5,1,1788559946,1788587461,0
LTE,410,1,55928,46309379,-1,71.4813,30.1968,1000,2,1,1788560056,1788587461,0
LTE,410,4,50009,11024642,-1,71.4892,30.1849,1000,10,1,1788560206,1788587461,0
LTE,410,4,50009,11024641,-1,71.4909,30.1815,1000,9,1,1788560256,1788587461,0
LTE,410,4,50009,11024645,-1,71.4917,30.1793,1000,3,1,1788560296,1788587462,0
LTE,410,1,55586,47272193,-1,71.4918,30.1722,1000,8,1,1788560356,1788587462,0
LTE,410,4,50009,1606766,-1,71.4919,30.1683,1000,11,1,1788560466,1788587462,0
LTE,410,4,50009,1606769,-1,71.492,30.1654,1000,3,1,1788560526,1788587462,0
LTE,410,1,55585,59421225,-1,71.4923,30.1528,1000,3,1,1788560636,1788587462,0
LTE,410,1,55585,59694645,-1,71.4924,30.1508,1000,3,1,1788560656,1788587462,0
LTE,410,1,55585,59694644,-1,71.4924,30.1498,1000,3,1,1788560666,1788587462,0
LTE,410,1,55585,59395892,-1,71.4931,30.1271,1000,5,1,1788561201,1788587462,0
LTE,410,1,55919,34457368,-1,71.4943,30.0821,1000,14,1,1788561476,1788587464,0
LTE,410,4,50009,11230726,-1,71.495,30.0441,1743,33,1,1788561617,1788587465,0
LTE,410,4,50024,10886660,-1,71.4954,30.0244,728,25,1,1788561783,1788587465,0
LTE,410,1,55919,33817623,-1,71.4955,30.0157,1000,21,1,1788561855,1788603187,0
LTE,410,1,55919,33391381,-1,71.4972,29.9975,1000,21,1,1788561935,1788587466,0
LTE,410,1,55919,58991403,-1,71.5029,29.9753,1000,5,1,1788562075,1788587466,0
LTE,410,4,50024,1680394,-1,71.5046,29.9692,1000,4,1,1788562107,1788587466,0
LTE,410,1,50024,10583041,-1,71.5397,29.8436,1000,3,1,1788563068,1788587522,0
LTE,410,1,55281,33798166,-1,71.6152,29.5864,1000,18,1,1788564478,1788587526,0
UMTS,410,4,43703,28474262,151,71.6299,29.5392,1000,8,1,1788564878,1788587527,0
UMTS,410,4,43703,28503114,240,71.6285,29.5393,1000,2,1,1788564948,1788587527,0
UMTS,410,4,43703,28474272,147,71.6259,29.54,1000,11,1,1788564958,1788587527,0
UMTS,410,4,43703,28478025,130,71.6241,29.5382,1000,1,1,1788565138,1788565138,0
LTE,410,1,55290,59659295,-1,71.5435,29.8297,1000,11,1,1788578529,1788603184,0
LTE,410,1,55290,59659807,-1,71.5326,29.8677,1000,6,1,1788578812,1788603185,0
LTE,410,1,55290,33644547,-1,71.5248,29.8945,1000,2,1,1788579112,1788603185,0
LTE,410,1,55919,33818901,-1,71.4995,29.9901,2236,10,1,1788579832,1788603187,0
LTE,410,1,55585,59395882,-1,71.4934,30.1176,1000,23,1,1788580840,1788603242,0
UMTS,410,4,43601,28541758,436,71.493,30.1289,1000,6,1,1788580950,1788603242,0
LTE,410,1,55585,47202839,-1,71.4924,30.1463,1000,3,1,1788581190,1788603242,0
LTE,410,1,55585,35292437,-1,71.4927,30.1457,1000,2,1,1788581230,1788603242,0
LTE,410,1,55585,47202837,-1,71.4947,30.1466,1000,7,1,1788581250,1788603242,0
LTE,410,1,55585,59694614,-1,71.498,30.1508,1000,12,1,1788581280,1788603242,0
LTE,410,1,55585,33706518,-1,71.5004,30.1541,1000,7,1,1788581320,1788603242,0
LTE,410,1,55585,33706517,-1,71.5022,30.1568,1000,8,1,1788581340,1788603242,0
LTE,410,1,55585,33731863,-1,71.5029,30.1587,1000,3,1,1788581360,1788603242,0
LTE,410,1,55586,47936534,-1,71.5036,30.1637,1000,3,1,1788581400,1788603243,0
LTE,410,4,50009,11599105,-1,71.5084,30.1732,1000,7,1,1788581490,1788603243,0
LTE,410,4,50009,11599104,-1,71.5096,30.1762,1000,11,1,1788581570,1788603243,0
LTE,410,1,55927,60731426,-1,71.5102,30.1777,1000,3,1,1788581650,1788603243,0
LTE,410,1,55927,33388291,-1,71.5108,30.1793,1000,7,1,1788581660,1788603243,0
LTE,410,1,55927,33388297,-1,71.511,30.1815,1000,5,1,1788581690,1788603243,0
LTE,410,4,50009,1787662,-1,71.5107,30.1861,1000,2,1,1788581740,1788603243,0
LTE,410,4,50009,10965508,-1,71.5115,30.1883,1000,9,1,1788581750,1788603243,0
LTE,410,1,55929,59712821,-1,71.5149,30.1927,1000,2,1,1788581840,1788603243,0
LTE,410,4,50010,1607941,-1,71.5159,30.1975,1000,11,1,1788581880,1788603243,0
LTE,410,1,55590,33384449,-1,71.5157,30.2042,1000,3,1,1788581960,1788603243,0
LTE,410,1,55590,48107779,-1,71.5156,30.2069,1000,7,1,1788581980,1788603243,0
LTE,410,4,50010,1039115,-1,71.5156,30.2059,1000,3,1,1788581980,1788603243,0
LTE,410,1,55590,33509127,-1,71.5153,30.2088,1000,4,1,1788582010,1788603243,0
LTE,410,1,55590,33509121,-1,71.5142,30.2098,1000,4,1,1788582030,1788603243,0
LTE,410,1,55590,33787394,-1,71.5131,30.21,1000,2,1,1788582060,1788603243,0
LTE,410,4,50010,1618191,-1,71.5113,30.2099,1000,3,1,1788582080,1788603244,0
LTE,410,4,50010,1350145,-1,71.5037,30.2097,1000,2,1,1788582190,1788603244,0
LTE,410,1,55582,33287689,-1,71.4931,30.2097,1000,5,1,1788582320,1788603244,0
LTE,410,1,55582,33287683,-1,71.4914,30.2098,1000,3,1,1788582340,1788603244,0
LTE,410,1,55582,33316103,-1,71.4902,30.2098,1000,3,1,1788582350,1788603244,0
LTE,410,1,55582,33316097,-1,71.4882,30.2101,1000,6,1,1788582360,1788603244,0
LTE,410,1,55582,33316105,-1,71.4864,30.2104,1000,3,1,1788582380,1788603244,0
LTE,410,1,55594,33679627,-1,71.6887,30.4047,1000,3,1,1788660184,1788694623,0
LTE,410,1,50025,1676032,-1,71.7292,30.4735,1000,2,1,1788660924,1788694624,0
UMTS,410,4,43107,28628022,430,71.7142,30.4842,1000,1,1,1788661734,1788661734,0
LTE,410,1,55584,34397452,-1,71.7439,30.5565,1000,3,1,1788666285,1788694681,0
